nct_id,title,condition,summary,phase,status,search_text
NCT02942290,A Study Evaluating Venetoclax in Combination With Azacitidine in Participants With Treatment-Naïve Higher-Risk Myelodysplastic Syndromes (MDS),Myelodysplastic Syndromes (MDS),"This is a Phase 1b, open-label, non-randomized, multicenter, dose-finding study evaluating venetoclax in combination with azacitidine in participants with treatment-naïve higher-risk MDS comprising a dose-escalation portion and a safety expansion portion.",PHASE1,ACTIVE_NOT_RECRUITING,"A Study Evaluating Venetoclax in Combination With Azacitidine in Participants With Treatment-Naïve Higher-Risk Myelodysplastic Syndromes (MDS) Myelodysplastic Syndromes (MDS) This is a Phase 1b, open-label, non-randomized, multicenter, dose-finding study evaluating venetoclax in combination with azacitidine in participants with treatment-naïve higher-risk MDS comprising a dose-escalation portion and a safety expansion portion."
NCT06413797,Little Cigar and Cigarillo Warnings for Youth,Little Cigars and Cigarillos (LCC) Use,"This study explores the effect of the little cigars and cigarillos (LCC) warnings on youth who currently use, have ever used, or are susceptible to using LCCs. This study will inform the Food and Drug Administration (FDA) implementation of LCC warnings, which can reduce LCC use and lessen tobacco health disparities among youth.",NA,COMPLETED,"Little Cigar and Cigarillo Warnings for Youth Little Cigars and Cigarillos (LCC) Use This study explores the effect of the little cigars and cigarillos (LCC) warnings on youth who currently use, have ever used, or are susceptible to using LCCs. This study will inform the Food and Drug Administration (FDA) implementation of LCC warnings, which can reduce LCC use and lessen tobacco health disparities among youth."
NCT02479997,Clinical Application of Dual Sentinel Lymph Node Staining Method in Breast Cancer Patients,Breast Cancer,"This study aimed to compare detection rate between dual sentinel node staining method using mixture of indocyanine green (ICG) with radioisotope(RI), and RI only.

To identify the first lymph node(s) along the lymphatic drainage pathway from the primary tumor in the breast cancer using RI only has several disadvantages such as invisibility, interference. As ICG can be visualized with a fluorescence imaging system, we expects dual sentinel lymph node staining method had better outcomes.",PHASE2,COMPLETED,"Clinical Application of Dual Sentinel Lymph Node Staining Method in Breast Cancer Patients Breast Cancer This study aimed to compare detection rate between dual sentinel node staining method using mixture of indocyanine green (ICG) with radioisotope(RI), and RI only.

To identify the first lymph node(s) along the lymphatic drainage pathway from the primary tumor in the breast cancer using RI only has several disadvantages such as invisibility, interference. As ICG can be visualized with a fluorescence imaging system, we expects dual sentinel lymph node staining method had better outcomes."
NCT04112810,Tildrakizumab for Prevention of Acute Graft-Versus-Host Disease,Hematologic Malignancies,This is a phase 2 open-label trial designed to evaluate the efficacy of tildrakizumab in improving graft-versus-host disease (GVHD)-free relapse-free survival after myeloablative allogeneic hematopoietic cell transplantation (alloHCT) for hematologic malignancy.,PHASE2,COMPLETED,Tildrakizumab for Prevention of Acute Graft-Versus-Host Disease Hematologic Malignancies This is a phase 2 open-label trial designed to evaluate the efficacy of tildrakizumab in improving graft-versus-host disease (GVHD)-free relapse-free survival after myeloablative allogeneic hematopoietic cell transplantation (alloHCT) for hematologic malignancy.
NCT02176213,"Study of Pomalidomide, Cyclophosphamide, Dexamethasone in Relapsed/Refractory Multiple Myeloma","Multiple Myeloma in Relapse, Multiple Myeloma, Refractory","This study is being done to learn more about the drug, pomalidomide and to gather data on its safety and side effects when used in combination with commercially available cyclophosphamide and dexamethasone. This combination is considered experimental and has not been approved by the FDA.

Pomalidomide is a third generation immunomodulatory (IMiDs) agent, which is a more potent version of thalidomide and lenalidomide drugs that have been approved by the United States Food and Drug Administration \[FDA\] for the treatment of MM. In February 2013, pomalidomide was also approved by the FDA for patients with MM who have had more than 2 types of therapy.

Pomalidomide is taken orally as capsules, and cyclophosphamide and dexamethasone are also taken orally as tablets in this study. Cyclophosphamide and dexamethasone are commercially available and are often used in combination with other drugs to treat Multiple Myeloma. Preliminary data from both the laboratory and patient studies suggest that this combination of drugs is more effective than pomalidomide and dexamethasone alone. However, the regimen being used in this study, which consists of daily cyclophosphamide, also permits support of low blood counts with either injections or transfusions as needed.",PHASE2,COMPLETED,"Study of Pomalidomide, Cyclophosphamide, Dexamethasone in Relapsed/Refractory Multiple Myeloma Multiple Myeloma in Relapse, Multiple Myeloma, Refractory This study is being done to learn more about the drug, pomalidomide and to gather data on its safety and side effects when used in combination with commercially available cyclophosphamide and dexamethasone. This combination is considered experimental and has not been approved by the FDA.

Pomalidomide is a third generation immunomodulatory (IMiDs) agent, which is a more potent version of thalidomide and lenalidomide drugs that have been approved by the United States Food and Drug Administration \[FDA\] for the treatment of MM. In February 2013, pomalidomide was also approved by the FDA for patients with MM who have had more than 2 types of therapy.

Pomalidomide is taken orally as capsules, and cyclophosphamide and dexamethasone are also taken orally as tablets in this study. Cyclophosphamide and dexamethasone are commercially available and are often used in combination with other drugs to treat Multiple Myeloma. Preliminary data from both the laboratory and patient studies suggest that this combination of drugs is more effective than pomalidomide and dexamethasone alone. However, the regimen being used in this study, which consists of daily cyclophosphamide, also permits support of low blood counts with either injections or transfusions as needed."
NCT00607113,Avastin (Bevacizumab) and RAD001 (Everolimus) in Advanced Low or Intermediate Grade Neuroendocrine Carcinoma,Neuroendocrine Carcinoma,"Primary Objectives:

* To determine the effect of Avastin on tumor blood flow as determined by functional computed tomography (CT) in patients with low or intermediate grade neuroendocrine carcinoma.
* To determine the effect of RAD001 on tumor blood flow as determined by functional CT in patients with low or intermediate grade neuroendocrine carcinoma.
* To determine the effect of adding the second agent (Avastin or RAD001) to the first agent (RAD001 or Avastin) on tumor blood flow as determined by functional CT

Secondary Objectives:

* To determine the clinical activity (objective response rate and progression free survival duration) of Avastin and RAD001 in patients with low or intermediate grade neuroendocrine carcinoma.
* To determine the biochemical response rate of Avastin and RAD001 in patients with low or intermediate grade neuroendocrine carcinoma.
* To determine the safety and tolerability of Avastin and RAD001 in patients with low or intermediate grade neuroendocrine carcinoma.",PHASE2,COMPLETED,"Avastin (Bevacizumab) and RAD001 (Everolimus) in Advanced Low or Intermediate Grade Neuroendocrine Carcinoma Neuroendocrine Carcinoma Primary Objectives:

* To determine the effect of Avastin on tumor blood flow as determined by functional computed tomography (CT) in patients with low or intermediate grade neuroendocrine carcinoma.
* To determine the effect of RAD001 on tumor blood flow as determined by functional CT in patients with low or intermediate grade neuroendocrine carcinoma.
* To determine the effect of adding the second agent (Avastin or RAD001) to the first agent (RAD001 or Avastin) on tumor blood flow as determined by functional CT

Secondary Objectives:

* To determine the clinical activity (objective response rate and progression free survival duration) of Avastin and RAD001 in patients with low or intermediate grade neuroendocrine carcinoma.
* To determine the biochemical response rate of Avastin and RAD001 in patients with low or intermediate grade neuroendocrine carcinoma.
* To determine the safety and tolerability of Avastin and RAD001 in patients with low or intermediate grade neuroendocrine carcinoma."
NCT06864013,SCRT Combined With Chemotherapy and Iparomlimab and Tuvonralimab in MSS or pMMR Patients With Locally Advanced Rectal Cancer,Locally Advanced Rectal Cancer (LARC),"Colorectal cancer ranks as the third most prevalent malignancy worldwide and the second leading cause of cancer-related mortality. For patients with locally advanced rectal cancer (LARC) classified as T3-4/N+ without distant metastasis, achieving organ preservation and functional integrity while pursuing curative treatment remains a formidable clinical challenge. This study aims to evaluate the efficacy and organ preservation rates of a novel neoadjuvant regimen comprising short-course radiotherapy followed by four cycles of CAPEOX combined with Iparomlimab and Tuvonralimab in patients with microsatellite stable (MSS) or mismatch repair proficient (pMMR) LARC. Furthermore, the project will investigate potential predictive biomarkers for complete response (CR) within this immunotherapy-based total neoadjuvant therapy (iTNT) paradigm.",PHASE2,RECRUITING,"SCRT Combined With Chemotherapy and Iparomlimab and Tuvonralimab in MSS or pMMR Patients With Locally Advanced Rectal Cancer Locally Advanced Rectal Cancer (LARC) Colorectal cancer ranks as the third most prevalent malignancy worldwide and the second leading cause of cancer-related mortality. For patients with locally advanced rectal cancer (LARC) classified as T3-4/N+ without distant metastasis, achieving organ preservation and functional integrity while pursuing curative treatment remains a formidable clinical challenge. This study aims to evaluate the efficacy and organ preservation rates of a novel neoadjuvant regimen comprising short-course radiotherapy followed by four cycles of CAPEOX combined with Iparomlimab and Tuvonralimab in patients with microsatellite stable (MSS) or mismatch repair proficient (pMMR) LARC. Furthermore, the project will investigate potential predictive biomarkers for complete response (CR) within this immunotherapy-based total neoadjuvant therapy (iTNT) paradigm."
NCT01893320,Study of Vosaroxin and Decitabine in Older Patients With Acute Myeloid Leukemia and High-risk Myelodysplastic Syndrome,Leukemia,The goal of this clinical research study is to learn if the combination of vosaroxin and decitabine can help to control AML or MDS. The safety of these drugs will also be studied.,"PHASE1, PHASE2",COMPLETED,Study of Vosaroxin and Decitabine in Older Patients With Acute Myeloid Leukemia and High-risk Myelodysplastic Syndrome Leukemia The goal of this clinical research study is to learn if the combination of vosaroxin and decitabine can help to control AML or MDS. The safety of these drugs will also be studied.
NCT00442520,"Pharmacogenomic Study in Patients of Lung, Colorectal and Head/Neck Cancers Receiving Chemotherapy","Lung Cancer, Colorectal Cancer, Head and Neck Cancer","The purpose of this study is to look at several genes that might determine how the body processes the drugs used to treat lung, colorectal and head and neck cancers. The goal of this examination is to help investigators determine the proper dosage to give future cancer patients or to better predict which future patients will respond to particular drug therapies.",,COMPLETED,"Pharmacogenomic Study in Patients of Lung, Colorectal and Head/Neck Cancers Receiving Chemotherapy Lung Cancer, Colorectal Cancer, Head and Neck Cancer The purpose of this study is to look at several genes that might determine how the body processes the drugs used to treat lung, colorectal and head and neck cancers. The goal of this examination is to help investigators determine the proper dosage to give future cancer patients or to better predict which future patients will respond to particular drug therapies."
NCT06497582,Self-acupressure and Zhan Zhuang for Symptom Cluster Management,"Breast Cancer Female, Survivorship","The proposed study will be a 3-arm, parallel-group randomized controlled trial on the effects of self-acupressure and Zhan-Zhuang for alleviating pain, fatigue, and sleep disturbance in breast cancer survivors. Subjects will include 54 breast cancer survivors who have experienced a moderate level of pain, fatigue and sleep disturbance. All eligible subjects will be randomized into one of the three groups in a 1:1:1 ratio: Zhan Zhuang group, or self-acupressure group, or wait list control group. Subjects in the Zhan-Zhuang group will receive up to 8 weeks of the intervention consisting of a training course over two weeks followed by self-practice for 6 weeks. Those in the self-acupressure group will attend an acupressure training course for two weeks and then, will be asked to practice self-acupressure for 6 weeks. The wait list control group will be provided with delayed self-acupressure or Zhan Zhuang at the end of the study. Outcome assessment will be conducted at baseline, week 8 (post-intervention) and week 12 (4 week follow-up). Primary outcomes include pain, fatigue and sleep disturbance. Secondary outcomes include psychological distress and health-related quality of life. Qualitative data will be collected from selected participants who have received the intervention.",NA,COMPLETED,"Self-acupressure and Zhan Zhuang for Symptom Cluster Management Breast Cancer Female, Survivorship The proposed study will be a 3-arm, parallel-group randomized controlled trial on the effects of self-acupressure and Zhan-Zhuang for alleviating pain, fatigue, and sleep disturbance in breast cancer survivors. Subjects will include 54 breast cancer survivors who have experienced a moderate level of pain, fatigue and sleep disturbance. All eligible subjects will be randomized into one of the three groups in a 1:1:1 ratio: Zhan Zhuang group, or self-acupressure group, or wait list control group. Subjects in the Zhan-Zhuang group will receive up to 8 weeks of the intervention consisting of a training course over two weeks followed by self-practice for 6 weeks. Those in the self-acupressure group will attend an acupressure training course for two weeks and then, will be asked to practice self-acupressure for 6 weeks. The wait list control group will be provided with delayed self-acupressure or Zhan Zhuang at the end of the study. Outcome assessment will be conducted at baseline, week 8 (post-intervention) and week 12 (4 week follow-up). Primary outcomes include pain, fatigue and sleep disturbance. Secondary outcomes include psychological distress and health-related quality of life. Qualitative data will be collected from selected participants who have received the intervention."
NCT00509782,Phase I Trial of ZIO-101 in Patients With Solid Tumors,Solid Tumors,"Primary Objectives:

1. To determine the toxicities and maximum tolerated dose (MTD) of ZIO-101 when administered intravenously once a day for 5 consecutive days every 4 weeks in subjects with advanced solid tumors.
2. To determine the pharmacokinetic profile of ZIO-101 when administered intravenously once a day for 5 consecutive days every 4 weeks.

Secondary Objective:

1\. To determine the anti-tumor effects of ZIO-101.",PHASE1,COMPLETED,"Phase I Trial of ZIO-101 in Patients With Solid Tumors Solid Tumors Primary Objectives:

1. To determine the toxicities and maximum tolerated dose (MTD) of ZIO-101 when administered intravenously once a day for 5 consecutive days every 4 weeks in subjects with advanced solid tumors.
2. To determine the pharmacokinetic profile of ZIO-101 when administered intravenously once a day for 5 consecutive days every 4 weeks.

Secondary Objective:

1\. To determine the anti-tumor effects of ZIO-101."
NCT05675982,Real-Time Monitoring of Circulating Tumor DNA and Study of Prognostic Factors in Patients Treated With CAR-T Cells,Diffuse Large B Cell Lymphoma,"The purpose of this study is to demonstrate that it is possible to report in real time (less than 3 weeks) to the hematologist the results of the molecular minimal residual disease (MRD) based on blood circulating tumor DNA (ctDNA) assessment taken approximately 7 days after the reinjection of the CAR-T cells, in order to be able to anticipate a possible progression of the disease and to be able to propose salvage or earlier adjuvant therapy to improve patient prognosis.",NA,ACTIVE_NOT_RECRUITING,"Real-Time Monitoring of Circulating Tumor DNA and Study of Prognostic Factors in Patients Treated With CAR-T Cells Diffuse Large B Cell Lymphoma The purpose of this study is to demonstrate that it is possible to report in real time (less than 3 weeks) to the hematologist the results of the molecular minimal residual disease (MRD) based on blood circulating tumor DNA (ctDNA) assessment taken approximately 7 days after the reinjection of the CAR-T cells, in order to be able to anticipate a possible progression of the disease and to be able to propose salvage or earlier adjuvant therapy to improve patient prognosis."
NCT04889924,ALND vs ART in Positive Sentinel Node After Neoadjuvant Therapy in Breast Cancer,"Breast Cancer, Chemotherapy, Sentinel Lymph Node, Axillary Lymph Nodes Dissection, Radiotherapy Side Effect","In the case of primary surgery, in patients with sentinel node involvement, it has already been shown that omitting axillary lymph node dissection (ALND), often combining axillary radiotherapy (RT), does not worsen the prognosis and does significantly reduce the appearance of lymphedema. However, patients who have received neoadjuvant systemic treatment cannot benefit from this option, even though in the majority of those who have responded well to treatment, a residual disease in the armpit is low, but there are no studies yet published that supports the possibility of not performing lymphadenectomy.

The primary endpoint is to evaluate wether axillary radiotherapy (ART) presents a lower risk of lymphedema with respect to lymphadenectomy (ALND) in patients with breast cancer who, after neoadjuvant systemic treatment (NST), present the sentinel node affected. Likewise, we will evaluate recurrences and overall survival in both groups. Finally, we will analyze the quality of life of these patients.",NA,RECRUITING,"ALND vs ART in Positive Sentinel Node After Neoadjuvant Therapy in Breast Cancer Breast Cancer, Chemotherapy, Sentinel Lymph Node, Axillary Lymph Nodes Dissection, Radiotherapy Side Effect In the case of primary surgery, in patients with sentinel node involvement, it has already been shown that omitting axillary lymph node dissection (ALND), often combining axillary radiotherapy (RT), does not worsen the prognosis and does significantly reduce the appearance of lymphedema. However, patients who have received neoadjuvant systemic treatment cannot benefit from this option, even though in the majority of those who have responded well to treatment, a residual disease in the armpit is low, but there are no studies yet published that supports the possibility of not performing lymphadenectomy.

The primary endpoint is to evaluate wether axillary radiotherapy (ART) presents a lower risk of lymphedema with respect to lymphadenectomy (ALND) in patients with breast cancer who, after neoadjuvant systemic treatment (NST), present the sentinel node affected. Likewise, we will evaluate recurrences and overall survival in both groups. Finally, we will analyze the quality of life of these patients."
NCT04484623,Belantamab Mafodotin Plus Pomalidomide and Dexamethasone (Pd) Versus Bortezomib Plus Pd in Relapsed/Refractory Multiple Myeloma,Multiple Myeloma,"This study will evaluate the efficacy and safety of belantamab mafodotin in combination with pomalidomide and dexamethasone (Arm A) compared with that of combination of pomalidomide, bortezomib and dexamethasone (Arm B) in participants with relapsed/refractory multiple myeloma (RRMM).",PHASE3,ACTIVE_NOT_RECRUITING,"Belantamab Mafodotin Plus Pomalidomide and Dexamethasone (Pd) Versus Bortezomib Plus Pd in Relapsed/Refractory Multiple Myeloma Multiple Myeloma This study will evaluate the efficacy and safety of belantamab mafodotin in combination with pomalidomide and dexamethasone (Arm A) compared with that of combination of pomalidomide, bortezomib and dexamethasone (Arm B) in participants with relapsed/refractory multiple myeloma (RRMM)."
NCT02600923,Palbociclib Plus Letrozole For Postmenopausal Women With HR(+) HER2(-) Advanced Breast Cancer For Whom Letrozole Is Deemed Appropriate,Advanced Breast Cancer Female,The purpose of this study is to provide access to palbociclib in Mexico and in selected Latin American countries before it becomes commercially available to patients with HR positive/HER2-negative ABC who are appropriate candidates for letrozole therapy.,PHASE3,COMPLETED,Palbociclib Plus Letrozole For Postmenopausal Women With HR(+) HER2(-) Advanced Breast Cancer For Whom Letrozole Is Deemed Appropriate Advanced Breast Cancer Female The purpose of this study is to provide access to palbociclib in Mexico and in selected Latin American countries before it becomes commercially available to patients with HR positive/HER2-negative ABC who are appropriate candidates for letrozole therapy.
NCT04896580,IIT2020-20-SHIRAZIP-WALK: Nature Walks,"Breast Cancer, Cancer, Lymphoma, Leukemia, Prostate Cancer, Thyroid Cancer, Hematologic Malignancy, Non-hodgkin Lymphoma","The purpose of this study is to examine whether nature-based activities provide benefits for breast cancer survivors. The investigators want to know whether a nature-based exercise program is feasible. Women who were diagnosed with breast cancer and have completed cancer treatment will be recruited for the main study. The main study will enroll up to 20 breast cancer subjects in total.

This intervention will also include a sub-study examining the same outcomes among adolescents and young adult (AYA) subjects who were diagnosed with cancer (any type) and have completed cancer treatment. The sub-study will enroll up to 20 AYA (ages 18-39) subjects.",NA,COMPLETED,"IIT2020-20-SHIRAZIP-WALK: Nature Walks Breast Cancer, Cancer, Lymphoma, Leukemia, Prostate Cancer, Thyroid Cancer, Hematologic Malignancy, Non-hodgkin Lymphoma The purpose of this study is to examine whether nature-based activities provide benefits for breast cancer survivors. The investigators want to know whether a nature-based exercise program is feasible. Women who were diagnosed with breast cancer and have completed cancer treatment will be recruited for the main study. The main study will enroll up to 20 breast cancer subjects in total.

This intervention will also include a sub-study examining the same outcomes among adolescents and young adult (AYA) subjects who were diagnosed with cancer (any type) and have completed cancer treatment. The sub-study will enroll up to 20 AYA (ages 18-39) subjects."
NCT00130780,Multimodality Treatment for Patients With Resectable Non-Small Cell Lung Cancer (NSCLC) - BEACON Study: Bevacizumab and Chemotherapy for Operable NSCLC,"Carcinoma, Non-Small-Cell Lung","This is a phase II, single institution trial for patients with clinical Stage IB-IIIA NSCLC (T1-3N0-2M0) who have resectable lung tumors. The primary goal of this study is to show that the addition of bevacizumab to a cisplatin-based chemotherapy in the neoadjuvant setting for non-squamous cell carcinomas improves the rate of pathologic downstaging, which correlates with survival. Downstaging is defined as any decrease in the final pathologic stage compared with the clinical stage before induction therapy.",PHASE2,COMPLETED,"Multimodality Treatment for Patients With Resectable Non-Small Cell Lung Cancer (NSCLC) - BEACON Study: Bevacizumab and Chemotherapy for Operable NSCLC Carcinoma, Non-Small-Cell Lung This is a phase II, single institution trial for patients with clinical Stage IB-IIIA NSCLC (T1-3N0-2M0) who have resectable lung tumors. The primary goal of this study is to show that the addition of bevacizumab to a cisplatin-based chemotherapy in the neoadjuvant setting for non-squamous cell carcinomas improves the rate of pathologic downstaging, which correlates with survival. Downstaging is defined as any decrease in the final pathologic stage compared with the clinical stage before induction therapy."
NCT01502280,Fluorescence-guided Surgery for Low- and High-grade Gliomas,Glioma,"Gliomas are the most common primary brain tumor, yet remain a challenge to effectively treat. Mounting evidence suggests that survival improves with greater tumor removal, yet being able do a complete removal can be difficult due to the tumor's infiltrating nature. 5-aminolevulinic acid (5-ALA) is a natural compound that, when patients take it by mouth 3 hours before surgery, is selectively taken up by glioma cells and causes a red/pink fluorescence (glow) under a blue light that allows tumor margins to be seen during the course of surgery. While this compound is used as a standard-of-care agent in Europe, it remains under testing by the Food and Drug Administration (FDA). A recent clinical trial in Germany, however, has demonstrated a significant improvement in the rate of complete resection for certain brain tumors (65% vs. 34%).

The Barrow 5-ALA Intraoperative Confocal (BALANCE) Trial will measure the effect of 5-ALA on the amount of glioma tumor removal. To improve the usefulness of 5-ALA, a new special microscope fitted with a blue light, will be used to magnify microscopic fluorescence at the tumor margins. The investigators' hypothesis is that 5-ALA fluorescence with the use of the special microscope during surgery will greatly lower the amount of tumor left behind.",PHASE3,COMPLETED,"Fluorescence-guided Surgery for Low- and High-grade Gliomas Glioma Gliomas are the most common primary brain tumor, yet remain a challenge to effectively treat. Mounting evidence suggests that survival improves with greater tumor removal, yet being able do a complete removal can be difficult due to the tumor's infiltrating nature. 5-aminolevulinic acid (5-ALA) is a natural compound that, when patients take it by mouth 3 hours before surgery, is selectively taken up by glioma cells and causes a red/pink fluorescence (glow) under a blue light that allows tumor margins to be seen during the course of surgery. While this compound is used as a standard-of-care agent in Europe, it remains under testing by the Food and Drug Administration (FDA). A recent clinical trial in Germany, however, has demonstrated a significant improvement in the rate of complete resection for certain brain tumors (65% vs. 34%).

The Barrow 5-ALA Intraoperative Confocal (BALANCE) Trial will measure the effect of 5-ALA on the amount of glioma tumor removal. To improve the usefulness of 5-ALA, a new special microscope fitted with a blue light, will be used to magnify microscopic fluorescence at the tumor margins. The investigators' hypothesis is that 5-ALA fluorescence with the use of the special microscope during surgery will greatly lower the amount of tumor left behind."
NCT00987480,"Hematopoietic Stem Cell Transplantation for the Treatment of Patients With Fanconi Anemia Lacking a Genotypically Identical Donor, Using a Chemotherapy Only Cytoreduction With Busulfan, Cyclophosphamide and Fludarabine","Aplastic Anemia, Leukemia, Myelodysplastic Syndrome","This is a genetic disease (transmitted through the parents' genes) called Fanconi Anemia. Because of that genetic disease, the bone marrow has changed and now has failed, or has given rise to a preleukemia called myelodysplastic syndrome (MDS) or leukemia (acute myelogenous leukemia or AML).

Without treatment these complications of Fanconia anemia (FA) are fatal. The only treatment that can cure these complications is an allogeneic transplant of stem cells, meaning, giving the patient bone marrow cells from a healthy donor that can produce normal blood cells that will replace the bone marrow that is sick.

What has been given for the treatment of FA in the past is to use a combination of low doses of radiation to the whole body (total body irradiation) and low doses of the chemotherapy drugs (cyclophosphamide and fludarabine) before the transplant. However, the use of radiation can, later on, increase the chances of getting a second cancer of the skin, head or the neck. These chances of a second cancer are higher than normal in patients with FA.

The purpose of this study is to find out if the doctors can do the same thing with the same chemotherapy drugs used in the past. However physicians will use another chemotherapy drug called busulfan instead of the radiation. The goal of this study is to get rid of the short term and long term risks of the radiation. The first new part of this treatment will be to replace drugs for radiation with chemotherapy drugs.",PHASE2,COMPLETED,"Hematopoietic Stem Cell Transplantation for the Treatment of Patients With Fanconi Anemia Lacking a Genotypically Identical Donor, Using a Chemotherapy Only Cytoreduction With Busulfan, Cyclophosphamide and Fludarabine Aplastic Anemia, Leukemia, Myelodysplastic Syndrome This is a genetic disease (transmitted through the parents' genes) called Fanconi Anemia. Because of that genetic disease, the bone marrow has changed and now has failed, or has given rise to a preleukemia called myelodysplastic syndrome (MDS) or leukemia (acute myelogenous leukemia or AML).

Without treatment these complications of Fanconia anemia (FA) are fatal. The only treatment that can cure these complications is an allogeneic transplant of stem cells, meaning, giving the patient bone marrow cells from a healthy donor that can produce normal blood cells that will replace the bone marrow that is sick.

What has been given for the treatment of FA in the past is to use a combination of low doses of radiation to the whole body (total body irradiation) and low doses of the chemotherapy drugs (cyclophosphamide and fludarabine) before the transplant. However, the use of radiation can, later on, increase the chances of getting a second cancer of the skin, head or the neck. These chances of a second cancer are higher than normal in patients with FA.

The purpose of this study is to find out if the doctors can do the same thing with the same chemotherapy drugs used in the past. However physicians will use another chemotherapy drug called busulfan instead of the radiation. The goal of this study is to get rid of the short term and long term risks of the radiation. The first new part of this treatment will be to replace drugs for radiation with chemotherapy drugs."
NCT04939480,Window of Opportunity Study of Preoperative Immunotherapy With Atezolizumab in Local SCCHN,Squamous Cell Carcinoma of Head and Neck,"Targeting the PD-L1 pathway with atezolizumab has demonstrated objective responses across a broad range of malignancies including head and neck squamous cell carcinoma (SCCHN). MO39839 is a window of opportunity study investigating the feasibility, safety and postoperative complication rates of preoperative short time immunotherapy with atezolizumab in patients with local SCCHN. In the scope of MO39839 a comprehensive translational research program will be conducted to assess the potential effect of atezolizumab on dynamics in tumor immunity, and to identify and validate potential predictive and prognostic biomarkers.",PHASE2,COMPLETED,"Window of Opportunity Study of Preoperative Immunotherapy With Atezolizumab in Local SCCHN Squamous Cell Carcinoma of Head and Neck Targeting the PD-L1 pathway with atezolizumab has demonstrated objective responses across a broad range of malignancies including head and neck squamous cell carcinoma (SCCHN). MO39839 is a window of opportunity study investigating the feasibility, safety and postoperative complication rates of preoperative short time immunotherapy with atezolizumab in patients with local SCCHN. In the scope of MO39839 a comprehensive translational research program will be conducted to assess the potential effect of atezolizumab on dynamics in tumor immunity, and to identify and validate potential predictive and prognostic biomarkers."
NCT04870879,Colorectal Metastasis and Liver Transplantation With Organs From Deceased Donors,"Colorectal Liver Metastases, Colorectal Adenocarcinoma, Unresectable Malignant Neoplasm","MELODIC trial is an prospective, multicenter, non-randomized, open-label, parallel trial, aimed at assessing the efficacy (in terms of overall survival: OS) of liver transplantation (LT) in unresecable CRC liver-only metastases, compared with a matched cohort of patients bearing the same tumor characteristics, and treated with chemotherapy. Synthesis of Inclusion parameters: ""10;10;10;100""",NA,UNKNOWN,"Colorectal Metastasis and Liver Transplantation With Organs From Deceased Donors Colorectal Liver Metastases, Colorectal Adenocarcinoma, Unresectable Malignant Neoplasm MELODIC trial is an prospective, multicenter, non-randomized, open-label, parallel trial, aimed at assessing the efficacy (in terms of overall survival: OS) of liver transplantation (LT) in unresecable CRC liver-only metastases, compared with a matched cohort of patients bearing the same tumor characteristics, and treated with chemotherapy. Synthesis of Inclusion parameters: ""10;10;10;100"""
NCT04908696,Clinical Treatments in Specialized Diseases of Laryngeal Carcinoma (LC) and Hypopharyngeal Carcinoma (HPC),"Glottic Carcinoma, Supraglottic Carcinoma, Subglottic Carcinoma, Pyriform Sinus Carcinoma, Postcricoid Carcinoma, Posterior Pharyngeal Wall Carcinoma","For early stage laryngeal carcinoma and hypohparyngeal carcinoma (T1 and T2), transoral laser microsurgery, open partial laryngectomy, radiotherapy, and transoral robotic surgery were performed according to NCCN guidelines (2020).

For advanced stage laryngeal carcinoma and hypohparyngeal carcinoma (T3 and T4), surgical treatment ± postoperative adjuvant therapy, chemoradiotherapy, neoadjuvant therapy + radiotherapy/chemoradiotherapy, or neoadjuvant therapy + surgery + radiotherapy or chemoradiotherapy performed according to NCCN guidelines (2020).

This study plan to analyze the clinical ouctomes of different treatment for the same T stage disease. The overall survival rate, disease specific survival, disease free survival, local control, regional control, and laryngeal function preservation rate were analyzed in this study.",,RECRUITING,"Clinical Treatments in Specialized Diseases of Laryngeal Carcinoma (LC) and Hypopharyngeal Carcinoma (HPC) Glottic Carcinoma, Supraglottic Carcinoma, Subglottic Carcinoma, Pyriform Sinus Carcinoma, Postcricoid Carcinoma, Posterior Pharyngeal Wall Carcinoma For early stage laryngeal carcinoma and hypohparyngeal carcinoma (T1 and T2), transoral laser microsurgery, open partial laryngectomy, radiotherapy, and transoral robotic surgery were performed according to NCCN guidelines (2020).

For advanced stage laryngeal carcinoma and hypohparyngeal carcinoma (T3 and T4), surgical treatment ± postoperative adjuvant therapy, chemoradiotherapy, neoadjuvant therapy + radiotherapy/chemoradiotherapy, or neoadjuvant therapy + surgery + radiotherapy or chemoradiotherapy performed according to NCCN guidelines (2020).

This study plan to analyze the clinical ouctomes of different treatment for the same T stage disease. The overall survival rate, disease specific survival, disease free survival, local control, regional control, and laryngeal function preservation rate were analyzed in this study."
NCT01962896,A Phase II Study of Sirolimus and Erlotinib in Recurrent/Refractory Germ Cell Tumors,Relapsed / Recurrent Germ Cell Tumors,"The purpose of this study is to find out if the combination of an mTOR inhibitor (sirolimus) with an EGFR inhibitor (erlotinib) is effective at treating relapsed or refractory germ cell tumors, and to find out what the side-effects of this regimen are.",PHASE2,TERMINATED,"A Phase II Study of Sirolimus and Erlotinib in Recurrent/Refractory Germ Cell Tumors Relapsed / Recurrent Germ Cell Tumors The purpose of this study is to find out if the combination of an mTOR inhibitor (sirolimus) with an EGFR inhibitor (erlotinib) is effective at treating relapsed or refractory germ cell tumors, and to find out what the side-effects of this regimen are."
NCT04068896,"Study of NGM120 in Subjects With Advanced Solid Tumors, Pancreatic Cancer, and Prostate Cancer Using Combination Therapy","Pancreatic Cancer, Metastatic Castration-resistant Prostate Cancer, Bladder Cancer, Melanoma, Non-small Cell Lung Cancer, Colorectal Cancer, Gastric Cancer, Esophageal Cancer, Ovarian Cancer, Head Neck Squamous Cell Carcinoma, Prostate Cancer",Study of NGM120 in subjects with advanced solid tumors and pancreatic cancer (Part 1 and 2) and metastatic castration resistant prostate cancer (Part 3).,"PHASE1, PHASE2",COMPLETED,"Study of NGM120 in Subjects With Advanced Solid Tumors, Pancreatic Cancer, and Prostate Cancer Using Combination Therapy Pancreatic Cancer, Metastatic Castration-resistant Prostate Cancer, Bladder Cancer, Melanoma, Non-small Cell Lung Cancer, Colorectal Cancer, Gastric Cancer, Esophageal Cancer, Ovarian Cancer, Head Neck Squamous Cell Carcinoma, Prostate Cancer Study of NGM120 in subjects with advanced solid tumors and pancreatic cancer (Part 1 and 2) and metastatic castration resistant prostate cancer (Part 3)."
NCT00809588,"Vaccination With Autologous, Lethally Irradiated Melanoma Cells Engineered by Adenoviral Mediated Gene Transfer to Secrete Granulocyte-Macrophage Stimulating Factor (GMSF)",Melanoma,The purpose of this study is to see if the proposed therapy will delay or stop the progression of the participants skin cancer. This study is being done because there are currently no treatments which have been shown convincing to treat disease which has progressed. This research study is designed to evaluate the immunologic effects and clinical side effects of giving vaccines to patients that are made from their own skin cancer cells.,PHASE1,COMPLETED,"Vaccination With Autologous, Lethally Irradiated Melanoma Cells Engineered by Adenoviral Mediated Gene Transfer to Secrete Granulocyte-Macrophage Stimulating Factor (GMSF) Melanoma The purpose of this study is to see if the proposed therapy will delay or stop the progression of the participants skin cancer. This study is being done because there are currently no treatments which have been shown convincing to treat disease which has progressed. This research study is designed to evaluate the immunologic effects and clinical side effects of giving vaccines to patients that are made from their own skin cancer cells."
NCT00041262,Combination Chemotherapy in Treating Patients With Esophageal Cancer,Esophageal Cancer,"RATIONALE: Drugs used in chemotherapy use different ways to stop tumor cells from dividing so they stop growing or die. Combining more than one drug may kill more tumor cells. It is not yet known which regimen of combination chemotherapy is more effective in treating esophageal cancer.

PURPOSE: Randomized phase III trial to compare the effectiveness of two regimens of combination chemotherapy in treating patients who are undergoing surgery for esophageal cancer.",PHASE3,UNKNOWN,"Combination Chemotherapy in Treating Patients With Esophageal Cancer Esophageal Cancer RATIONALE: Drugs used in chemotherapy use different ways to stop tumor cells from dividing so they stop growing or die. Combining more than one drug may kill more tumor cells. It is not yet known which regimen of combination chemotherapy is more effective in treating esophageal cancer.

PURPOSE: Randomized phase III trial to compare the effectiveness of two regimens of combination chemotherapy in treating patients who are undergoing surgery for esophageal cancer."
NCT03114462,Trial of Stereotactic HYpofractionateD RadioAblative (HYDRA) Treatment of Laryngeal Cancer,"Malignant Neoplasms of Respiratory and Intrathoracic Organs, Squamous Cell Carcinoma of the Larynx",To find the highest tolerable dose of stereotactic hypofractionated radioablation (HYDRA) radiation that can be given to patients with laryngeal cancer. The safety of this radiation will also be studied.,PHASE1,RECRUITING,"Trial of Stereotactic HYpofractionateD RadioAblative (HYDRA) Treatment of Laryngeal Cancer Malignant Neoplasms of Respiratory and Intrathoracic Organs, Squamous Cell Carcinoma of the Larynx To find the highest tolerable dose of stereotactic hypofractionated radioablation (HYDRA) radiation that can be given to patients with laryngeal cancer. The safety of this radiation will also be studied."
NCT02743546,"Study of the Safety, Pharmacokinetics, Pharmacodynamics, and Efficacy of Duvortuxizumab (JNJ-64052781) Plus Ibrutinib in Lymphoma","Leukemia, Lymphocytic, Chronic, B-Cell, Lymphoma, Large B-Cell, Diffuse, Lymphoma, Follicular, Lymphoma, Mantle-Cell","The purpose of this study is to determine whether duvortuxizumab and ibrutinib can be combined safely and to establish the maximum tolerated dose (MTD) in Part 1 and the recommended Phase 2 dose (RP2D) and to further explore the safety of duvortuxizumab in combination with ibrutinib at the RP2D in participants with diffuse large B-cell lymphoma (DLBCL), follicular lymphoma (FL), mantle cell lymphoma (MCL), and chronic lymphocytic leukemia (CLL) in Part 2.",PHASE1,WITHDRAWN,"Study of the Safety, Pharmacokinetics, Pharmacodynamics, and Efficacy of Duvortuxizumab (JNJ-64052781) Plus Ibrutinib in Lymphoma Leukemia, Lymphocytic, Chronic, B-Cell, Lymphoma, Large B-Cell, Diffuse, Lymphoma, Follicular, Lymphoma, Mantle-Cell The purpose of this study is to determine whether duvortuxizumab and ibrutinib can be combined safely and to establish the maximum tolerated dose (MTD) in Part 1 and the recommended Phase 2 dose (RP2D) and to further explore the safety of duvortuxizumab in combination with ibrutinib at the RP2D in participants with diffuse large B-cell lymphoma (DLBCL), follicular lymphoma (FL), mantle cell lymphoma (MCL), and chronic lymphocytic leukemia (CLL) in Part 2."
NCT01427946,Phase 1b/2 Study of Retaspimycin HCl (IPI-504) in Combination With Everolimus in KRAS Mutant Non-small Cell Lung Cancer,Non-small Cell Lung Cancer,Study IPI-504-15 is a Phase 1b/2 clinical trial to evaluate the safety and efficacy of retaspimycin HCl (IPI-504) plus everolimus in patients with KRAS mutant Non-small Cell Lung Cancer (NSCLC).,"PHASE1, PHASE2",COMPLETED,Phase 1b/2 Study of Retaspimycin HCl (IPI-504) in Combination With Everolimus in KRAS Mutant Non-small Cell Lung Cancer Non-small Cell Lung Cancer Study IPI-504-15 is a Phase 1b/2 clinical trial to evaluate the safety and efficacy of retaspimycin HCl (IPI-504) plus everolimus in patients with KRAS mutant Non-small Cell Lung Cancer (NSCLC).
NCT02354846,An Observational Study on Evaluating the Efficacy and Safety of Preemptive Antiviral Therapy With Tenofovir in HBsAg-positive Patients With Diffuse Large B-cell Lymphoma Receiving Rituximab-CHOP Chemotherapy (SPEED Study),B-cell Lymphoma,An Observational Study on Evaluating the Efficacy and Safety of Preemptive Antiviral Therapy with Tenofovir in HBsAg-positive Patients with Diffuse Large B-cell Lymphoma Receiving Rituximab-CHOP Chemotherapy (SPEED study),,UNKNOWN,An Observational Study on Evaluating the Efficacy and Safety of Preemptive Antiviral Therapy With Tenofovir in HBsAg-positive Patients With Diffuse Large B-cell Lymphoma Receiving Rituximab-CHOP Chemotherapy (SPEED Study) B-cell Lymphoma An Observational Study on Evaluating the Efficacy and Safety of Preemptive Antiviral Therapy with Tenofovir in HBsAg-positive Patients with Diffuse Large B-cell Lymphoma Receiving Rituximab-CHOP Chemotherapy (SPEED study)
NCT07617246,The Efficacy and Safety of Fosrolapitant and Palonosetron Hydrochloride for Injection in Preventing Nausea and Vomiting Caused by Multi-cycle Immunotherapy and Chemotherapy in Patients With Esophageal Cancer and Lung Cancer,"Esophagus Cancer, Lung Cancer","This study was a randomized, parallel, cohort study to evaluate the efficacy and safety of Fosrolapitant and Palonosetron Hydrochloride for Injection in preventing nausea and vomiting caused by multi-cycle immunotherapy and chemotherapy in patients with esophageal cancer and lung cancer. A total of 120 subjects are planned to be enrolled, with 60 in each cohort. 40% of the subjects will undergo an interim analysis upon completion of the study.

The trial consists of a screening period, a treatment period and a safety follow-up period. Drug treatment was administered in accordance with the trial protocol, and then the corresponding follow-up and examination were completed in accordance with the trial process table. During the research period, if the researcher assesses that the subjects indeed need to use remedial antiemetic drugs, remedial treatment can be carried out based on clinical practice. The specific types, usage, dosage and frequency of the drugs are determined by the researcher.",PHASE2,RECRUITING,"The Efficacy and Safety of Fosrolapitant and Palonosetron Hydrochloride for Injection in Preventing Nausea and Vomiting Caused by Multi-cycle Immunotherapy and Chemotherapy in Patients With Esophageal Cancer and Lung Cancer Esophagus Cancer, Lung Cancer This study was a randomized, parallel, cohort study to evaluate the efficacy and safety of Fosrolapitant and Palonosetron Hydrochloride for Injection in preventing nausea and vomiting caused by multi-cycle immunotherapy and chemotherapy in patients with esophageal cancer and lung cancer. A total of 120 subjects are planned to be enrolled, with 60 in each cohort. 40% of the subjects will undergo an interim analysis upon completion of the study.

The trial consists of a screening period, a treatment period and a safety follow-up period. Drug treatment was administered in accordance with the trial protocol, and then the corresponding follow-up and examination were completed in accordance with the trial process table. During the research period, if the researcher assesses that the subjects indeed need to use remedial antiemetic drugs, remedial treatment can be carried out based on clinical practice. The specific types, usage, dosage and frequency of the drugs are determined by the researcher."
NCT00385788,Allogeneic Blood Stem Cell Transplantation and Adoptive Immunotherapy for Hodgkin's Disease,Hodgkin's Disease,"The goal of this clinical research study is to learn if fludarabine, melphalan and gemcitabine followed by transplantation of stem cells (blood-forming cells) as well as immune cells (lymphocytes), collected from a matched related (i.e. a sibling) or unrelated donor, or a mismatched related donor, can help to control Hodgkin's disease. The safety of the treatment will also be studied.",PHASE2,COMPLETED,"Allogeneic Blood Stem Cell Transplantation and Adoptive Immunotherapy for Hodgkin's Disease Hodgkin's Disease The goal of this clinical research study is to learn if fludarabine, melphalan and gemcitabine followed by transplantation of stem cells (blood-forming cells) as well as immune cells (lymphocytes), collected from a matched related (i.e. a sibling) or unrelated donor, or a mismatched related donor, can help to control Hodgkin's disease. The safety of the treatment will also be studied."
NCT05107388,Continuous Glucose Monitoring Profile Description Under Alpelisib treAtment in Patients With Advanced bREast Cancer,"Breast Cancer, Diabetes",The purpose of this study is to describe the glycemic profile of postmenopausal women treated with alpelisib plus fulvestrant using a continuous blood sugar monitoring device (FreeStyle Libre Pro) over 14 days,NA,UNKNOWN,"Continuous Glucose Monitoring Profile Description Under Alpelisib treAtment in Patients With Advanced bREast Cancer Breast Cancer, Diabetes The purpose of this study is to describe the glycemic profile of postmenopausal women treated with alpelisib plus fulvestrant using a continuous blood sugar monitoring device (FreeStyle Libre Pro) over 14 days"
NCT04686188,Exploring the Mechanisms and Dynamics of Clonal Evolution Leading to Recurrence in Prostate Cancer,Prostate Cancer Recurrent,"Prostate cancer is the most common cancer in males in the UK, and current estimates are that 1 in 8 will be diagnosed with prostate cancer in their lifetime. Although surgery or radiotherapy with hormone therapy offers a good chance of cure in localised disease, recurrence can occur, which may cause significant distress, and may shorten the patient's life. In patients with locally advanced disease (disease that has broken through the surrounding capsule of the prostate gland), around 30-40% of patients experience a recurrence.

Cancer develops as a result of normal cells acquiring genetic mutations, and localised prostate cancer at diagnosis is commonly made up of different subclones - distinct regions within the patient's cancer with different sets of genetic mutations, each of which may behave differently and be more or less sensitive to treatments.

The IMRT clinical trial (CCR 1766) recruited 486 patients who received hormone therapy and radiotherapy to the prostate and lymph nodes in patients with locally advanced prostate cancer. The FORECAST study (FORecasting the Evolution of CAncer of the proState within a Trial) is undertaking genetic sequencing of several regions of these patients' prostate cancers in order to determine which subclones are present at diagnosis, and how they evolved. FORECAST also has permission to obtain and perform sequencing on primary samples from two other large trials in localized prostate cancer.

This study seeks to collect blood samples from patients who have experienced a recurrence in whom the primary biopsies have been sequenced as part of FORECAST. Additionally, blood will be collected from any patient in follow up at The Royal Marsden who received radiotherapy and hormone therapy for a localised prostate cancer and has experienced a recurrence but not yet started treatment. In these patients, the FORECAST protocol will be used to undertake genetic sequencing of their original prostate cancer biopsies. Genetic mutations from the cancer can be detected in the blood in patients who relapse, so-called 'liquid biopsies'. By comparing the genetic information between the primary and relapsed cancer, we can detect which subclones present at diagnosis are ultimately responsible for the cancer relapsing, and help us to understand the evolution of prostate cancers over time. This will assist us in predicting at the point of diagnosis which patients are more likely to relapse, so that we may consider escalating primary treatments or treating patients with high-risk subclonal mutations with targeted therapies upfront. As a result, we aim to reduce the number of patients treated for localised prostate cancer experiencing a recurrence. Additionally, although liquid biopsies are well-characterized in metastatic prostate cancer, little is known about their value in patients who have a biochemical-only relapse (patients who have a rising PSA with no evidence of cancer on scans) and this will also be explored.",,UNKNOWN,"Exploring the Mechanisms and Dynamics of Clonal Evolution Leading to Recurrence in Prostate Cancer Prostate Cancer Recurrent Prostate cancer is the most common cancer in males in the UK, and current estimates are that 1 in 8 will be diagnosed with prostate cancer in their lifetime. Although surgery or radiotherapy with hormone therapy offers a good chance of cure in localised disease, recurrence can occur, which may cause significant distress, and may shorten the patient's life. In patients with locally advanced disease (disease that has broken through the surrounding capsule of the prostate gland), around 30-40% of patients experience a recurrence.

Cancer develops as a result of normal cells acquiring genetic mutations, and localised prostate cancer at diagnosis is commonly made up of different subclones - distinct regions within the patient's cancer with different sets of genetic mutations, each of which may behave differently and be more or less sensitive to treatments.

The IMRT clinical trial (CCR 1766) recruited 486 patients who received hormone therapy and radiotherapy to the prostate and lymph nodes in patients with locally advanced prostate cancer. The FORECAST study (FORecasting the Evolution of CAncer of the proState within a Trial) is undertaking genetic sequencing of several regions of these patients' prostate cancers in order to determine which subclones are present at diagnosis, and how they evolved. FORECAST also has permission to obtain and perform sequencing on primary samples from two other large trials in localized prostate cancer.

This study seeks to collect blood samples from patients who have experienced a recurrence in whom the primary biopsies have been sequenced as part of FORECAST. Additionally, blood will be collected from any patient in follow up at The Royal Marsden who received radiotherapy and hormone therapy for a localised prostate cancer and has experienced a recurrence but not yet started treatment. In these patients, the FORECAST protocol will be used to undertake genetic sequencing of their original prostate cancer biopsies. Genetic mutations from the cancer can be detected in the blood in patients who relapse, so-called 'liquid biopsies'. By comparing the genetic information between the primary and relapsed cancer, we can detect which subclones present at diagnosis are ultimately responsible for the cancer relapsing, and help us to understand the evolution of prostate cancers over time. This will assist us in predicting at the point of diagnosis which patients are more likely to relapse, so that we may consider escalating primary treatments or treating patients with high-risk subclonal mutations with targeted therapies upfront. As a result, we aim to reduce the number of patients treated for localised prostate cancer experiencing a recurrence. Additionally, although liquid biopsies are well-characterized in metastatic prostate cancer, little is known about their value in patients who have a biochemical-only relapse (patients who have a rising PSA with no evidence of cancer on scans) and this will also be explored."
NCT07622888,Postoperative GI Dysfunction and Nutrition in Malnourished Cancer Surgery Patients,"Gastrointestinal Dysfunction, Malnutrition, Delirium - Postoperative, Abdominal Neoplasm, Pelvic Neoplasm","This is a prospective two-center observational cohort study in adult patients undergoing major abdominal and/or pelvic oncologic surgery with pre-existing malnutrition. The study describes the course of postoperative gastrointestinal dysfunction and evaluates whether real-world exposure to parenteral serotonin as part of routine postoperative care is associated with a higher proportion of patients whose gastrointestinal dysfunction regresses to LIFE score less than or equal to 1 by postoperative day 5 (plus or minus 1 day), compared with patients not exposed to serotonin.

All treatment decisions, including the use of parenteral serotonin, metoclopramide, neostigmine, nutritional support, and other postoperative management, are made solely by the treating physicians in accordance with routine clinical practice. The protocol does not assign, randomize, require, or restrict any drug treatment; it records real-world care, daily LIFE assessments during postoperative days 1 through 7, nutritional status measures, body composition where available, delirium screening, complications, length of stay, and mortality.",,NOT_YET_RECRUITING,"Postoperative GI Dysfunction and Nutrition in Malnourished Cancer Surgery Patients Gastrointestinal Dysfunction, Malnutrition, Delirium - Postoperative, Abdominal Neoplasm, Pelvic Neoplasm This is a prospective two-center observational cohort study in adult patients undergoing major abdominal and/or pelvic oncologic surgery with pre-existing malnutrition. The study describes the course of postoperative gastrointestinal dysfunction and evaluates whether real-world exposure to parenteral serotonin as part of routine postoperative care is associated with a higher proportion of patients whose gastrointestinal dysfunction regresses to LIFE score less than or equal to 1 by postoperative day 5 (plus or minus 1 day), compared with patients not exposed to serotonin.

All treatment decisions, including the use of parenteral serotonin, metoclopramide, neostigmine, nutritional support, and other postoperative management, are made solely by the treating physicians in accordance with routine clinical practice. The protocol does not assign, randomize, require, or restrict any drug treatment; it records real-world care, daily LIFE assessments during postoperative days 1 through 7, nutritional status measures, body composition where available, delirium screening, complications, length of stay, and mortality."
NCT00790842,Lenalidomide and Low-Dose Dexamethasone in Patients With Previously Treated Multiple Myeloma and Kidney Dysfunction,"Multiple Myeloma, Plasma Cell Neoplasm","Patients with previously treated multiple myeloma and kidney dysfunction will be treated with lenalidomide and low-dose dexamethasone. Phase I will study the side effects and best dose of lenalidomide when given together with low-dose dexamethasone therapy. After the maximum safe and tolerated dose is found in Phase I, the study will proceed to Phase II. Phase II will study how well the the treatment works in patients with previously treated (relapsed or refractory) multiple myeloma and kidney dysfunction.

Biological therapies, such as lenalidomide, may stimulate the immune system in different ways and stop cancer cells from growing. Drugs used in chemotherapy, such as dexamethasone, work in different ways to stop the growth of cancer cells, either by killing the cells or by stopping them from dividing. Giving lenalidomide together with dexamethasone may kill more cancer cells. Lenalidomide and dexamethasone may have different effects in patients who have changes in their kidney function.","PHASE1, PHASE2",TERMINATED,"Lenalidomide and Low-Dose Dexamethasone in Patients With Previously Treated Multiple Myeloma and Kidney Dysfunction Multiple Myeloma, Plasma Cell Neoplasm Patients with previously treated multiple myeloma and kidney dysfunction will be treated with lenalidomide and low-dose dexamethasone. Phase I will study the side effects and best dose of lenalidomide when given together with low-dose dexamethasone therapy. After the maximum safe and tolerated dose is found in Phase I, the study will proceed to Phase II. Phase II will study how well the the treatment works in patients with previously treated (relapsed or refractory) multiple myeloma and kidney dysfunction.

Biological therapies, such as lenalidomide, may stimulate the immune system in different ways and stop cancer cells from growing. Drugs used in chemotherapy, such as dexamethasone, work in different ways to stop the growth of cancer cells, either by killing the cells or by stopping them from dividing. Giving lenalidomide together with dexamethasone may kill more cancer cells. Lenalidomide and dexamethasone may have different effects in patients who have changes in their kidney function."
NCT03963427,"Quality of Life, Aesthetic Result and Health Economy in Breast Reconstruction","Breast Cancer Female, Surgery--Complications",A randomized clinical trial with two arms: irradiated women and non-irradiated women. Irradiated women are randomized to reconstruction with a latissimus Dorsi flap and an implant or a deep inferior epigastria perforator flap. Non-irradiated women are randomized to reconstruction with a thoracodorsal flap with an implant or with an expander and later a permanent implant in two stages.,NA,ACTIVE_NOT_RECRUITING,"Quality of Life, Aesthetic Result and Health Economy in Breast Reconstruction Breast Cancer Female, Surgery--Complications A randomized clinical trial with two arms: irradiated women and non-irradiated women. Irradiated women are randomized to reconstruction with a latissimus Dorsi flap and an implant or a deep inferior epigastria perforator flap. Non-irradiated women are randomized to reconstruction with a thoracodorsal flap with an implant or with an expander and later a permanent implant in two stages."
NCT06215027,The Effects of Dance for Breast Cancer Patients Undergoing Surgical Treatment,Breast Cancer,"The goal of this non randomized clinical trial, with pre- and post-intervention evaluation, longitudinal, with prospective data collection is to evaluate the effects of dance as a therapeutic intervention in breast cancer patients undergoing surgical treatment.",NA,RECRUITING,"The Effects of Dance for Breast Cancer Patients Undergoing Surgical Treatment Breast Cancer The goal of this non randomized clinical trial, with pre- and post-intervention evaluation, longitudinal, with prospective data collection is to evaluate the effects of dance as a therapeutic intervention in breast cancer patients undergoing surgical treatment."
NCT05398861,Utidelone Combined With Bevacizumab in the Treatment of ≥ 2 Lines of HER-2 Negative Advanced Breast Cancer,HER-2 Negative Breast Cancer,"This study is a prospective, single-arm, open-label phase II study to evaluate the efficacy and safety of the combination of Utidelone and bevacizumab regimen in patients with ≥ 2 lines of HER-2 negative advanced breast cancer.",PHASE2,RECRUITING,"Utidelone Combined With Bevacizumab in the Treatment of ≥ 2 Lines of HER-2 Negative Advanced Breast Cancer HER-2 Negative Breast Cancer This study is a prospective, single-arm, open-label phase II study to evaluate the efficacy and safety of the combination of Utidelone and bevacizumab regimen in patients with ≥ 2 lines of HER-2 negative advanced breast cancer."
NCT02188927,Effect of an Advanced Notification Letter on Screening Colonoscopy Participation,"Colorectal Cancer, Adenoma, Rectal Cancer","Participation in a primary screening colonoscopy programs remains low. Advanced notification letter has been shown to increase participation in colorectal cancer screening with fecal occult blood testing and to be cost effective compared to standard invitation. It is unknown whether advanced notification letter increases participation rate in primary colonoscopy screening program.

We hypothesize that an Advance Notification Letter will have significant influence on participation in screening colonoscopy, comparing to standard invitation procedure and will thus result in higher efficiency of the program.

This randomized controlled study aims to compare the participation rate in screening colonoscopy in response to advanced notification plus standard invitation letter and standard invitation letter alone.

Material and methods: 6800 individuals aged 55-64 years will be drawn from the Population Registry and randomly assigned in a 1:1 ratio to the group invited for screening colonoscopy with advanced notification letter (send two weeks before standard invitation) plus standard invitation (send six weeks before planned screening colonoscopy) or to standard invitation only (send six weeks before planned screening colonoscopy). The sample size was calculated to detect 3% difference in participation rate between the groups (25% vs 28%) with 80% power.",NA,UNKNOWN,"Effect of an Advanced Notification Letter on Screening Colonoscopy Participation Colorectal Cancer, Adenoma, Rectal Cancer Participation in a primary screening colonoscopy programs remains low. Advanced notification letter has been shown to increase participation in colorectal cancer screening with fecal occult blood testing and to be cost effective compared to standard invitation. It is unknown whether advanced notification letter increases participation rate in primary colonoscopy screening program.

We hypothesize that an Advance Notification Letter will have significant influence on participation in screening colonoscopy, comparing to standard invitation procedure and will thus result in higher efficiency of the program.

This randomized controlled study aims to compare the participation rate in screening colonoscopy in response to advanced notification plus standard invitation letter and standard invitation letter alone.

Material and methods: 6800 individuals aged 55-64 years will be drawn from the Population Registry and randomly assigned in a 1:1 ratio to the group invited for screening colonoscopy with advanced notification letter (send two weeks before standard invitation) plus standard invitation (send six weeks before planned screening colonoscopy) or to standard invitation only (send six weeks before planned screening colonoscopy). The sample size was calculated to detect 3% difference in participation rate between the groups (25% vs 28%) with 80% power."
NCT00443261,Azacitidine and Cisplatin for Patients With Recurrent or Metastatic Squamous Cell Carcinoma of the Head and Neck,Squamous Cell Carcinoma,"To evaluate the safety and toxicity of azacitidine (5-azacitidine, Vidaza®) and cisplatin combination in patients with squamous cell carcinoma of head and neck (SCCHN).",PHASE1,TERMINATED,"Azacitidine and Cisplatin for Patients With Recurrent or Metastatic Squamous Cell Carcinoma of the Head and Neck Squamous Cell Carcinoma To evaluate the safety and toxicity of azacitidine (5-azacitidine, Vidaza®) and cisplatin combination in patients with squamous cell carcinoma of head and neck (SCCHN)."
NCT06339242,A Study of Furmonertinib Combined With Chemotherapy in the Treatment of NSCLC With Leptomeningeal Metastasis,NSCLC,"Leptomeningeal metastasis is a fatal complication of advanced lung cancer. There is no standard treatment for leptomeningeal metastasis after third-generation EGFR-TKIs. The Furmonertinib prototype persists longer in brain tissue, and its metabolites can also penetrate the blood-brain barrier. Ommaya cystlateral ventricle chemotherapy can quickly control the progression of intracranial lesions. The aim of this study is to evaluate the LM progression-free survival (LM-PFS) of Furmonertinib combined with lateral ventricular chemotherapy in the treatment of leptomeningeal metastatic NSCLC after third-generation EGFR-TKIs resistance.",PHASE2,UNKNOWN,"A Study of Furmonertinib Combined With Chemotherapy in the Treatment of NSCLC With Leptomeningeal Metastasis NSCLC Leptomeningeal metastasis is a fatal complication of advanced lung cancer. There is no standard treatment for leptomeningeal metastasis after third-generation EGFR-TKIs. The Furmonertinib prototype persists longer in brain tissue, and its metabolites can also penetrate the blood-brain barrier. Ommaya cystlateral ventricle chemotherapy can quickly control the progression of intracranial lesions. The aim of this study is to evaluate the LM progression-free survival (LM-PFS) of Furmonertinib combined with lateral ventricular chemotherapy in the treatment of leptomeningeal metastatic NSCLC after third-generation EGFR-TKIs resistance."
NCT00168142,MVCT Imaging Pilot Study Using Helical Tomotherapy,"Cancer, Carcinoma","To compare the two types of scans, the conventional CT planning scan and the tomotherapy planing scan.",,COMPLETED,"MVCT Imaging Pilot Study Using Helical Tomotherapy Cancer, Carcinoma To compare the two types of scans, the conventional CT planning scan and the tomotherapy planing scan."
NCT00954642,A Study of MNRP1685A in Combination With Bevacizumab With or Without Paclitaxel in Patients With Locally Advanced or Metastatic Solid Tumors,Solid Cancers,"This is a Phase Ib, open-label, dose-escalation study of MNRP1685A given by intravenous (IV) infusion as therapy for locally advanced or metastatic solid tumors.",PHASE1,COMPLETED,"A Study of MNRP1685A in Combination With Bevacizumab With or Without Paclitaxel in Patients With Locally Advanced or Metastatic Solid Tumors Solid Cancers This is a Phase Ib, open-label, dose-escalation study of MNRP1685A given by intravenous (IV) infusion as therapy for locally advanced or metastatic solid tumors."
NCT06180642,Reliability and Validity of Ultrasound for the Assessment of Soft Tissue Properties After Breast Cancer Treatment,Breast Neoplasms,"After 1 year, more than 50% experience upper limb (UL) complaints after treatment for breast cancer. These complaints are disabling and cause limitations in daily life and this leads to a decrease in the patient's quality of life. The cause of these UL complaints is complex and multifactorial. Due to breast cancer treatment, the structural (tissue composition and volume) and mechanical (tissue stiffness) properties of the soft tissue may change. These changes can occur in the muscle, skin and surrounding fascia and especially in the soft tissue around the breast and axilla where that treatment is localised.

Ultrasound with specific 'add-on' techniques can objectively assess these features and provide a picture of their role in UL function after breast cancer. The first aim in this study is to investigate the reliability and validity of conventional 2D ultrasound for 1) soft tissue composition and 2) soft tissue thickness at the level of the breast and upper limb. The reliability and validity of shear wave elastography, a specific complement to conventional 2D ultrasound, to assess tissue stiffness will also be examined.",,RECRUITING,"Reliability and Validity of Ultrasound for the Assessment of Soft Tissue Properties After Breast Cancer Treatment Breast Neoplasms After 1 year, more than 50% experience upper limb (UL) complaints after treatment for breast cancer. These complaints are disabling and cause limitations in daily life and this leads to a decrease in the patient's quality of life. The cause of these UL complaints is complex and multifactorial. Due to breast cancer treatment, the structural (tissue composition and volume) and mechanical (tissue stiffness) properties of the soft tissue may change. These changes can occur in the muscle, skin and surrounding fascia and especially in the soft tissue around the breast and axilla where that treatment is localised.

Ultrasound with specific 'add-on' techniques can objectively assess these features and provide a picture of their role in UL function after breast cancer. The first aim in this study is to investigate the reliability and validity of conventional 2D ultrasound for 1) soft tissue composition and 2) soft tissue thickness at the level of the breast and upper limb. The reliability and validity of shear wave elastography, a specific complement to conventional 2D ultrasound, to assess tissue stiffness will also be examined."
NCT05671042,Neoadjuvant Chemotherapy in Upper Tract Urothelial Carcinoma : a Retrospective Multicentric Study.,Upper Excretory Tract Tumors,"Upper tract urothelial carcinoma incidence is about 1 /100000/year. These tumors are mostly diagnosed at an invasive stage and the standard treatment is a total nephroureterectomy.

In this population, indication of perioperative chemotherapy is still discussed. The benefit of platinum-based adjuvant chemotherapy was recently confirmed by the prospective trial POUT for pT2-T4 N0-3 M0 tumors with an improvement in recurrence-free survival of 51% in the chemotherapy arm.

However, in this situation, use of adjuvant Cisplatin-based chemotherapy may be limited by the deterioration of renal function due to renal surgery.

There are currently no recommendations on the place of neoadjuvant chemotherapy (NAC) with controversial results.

Moreover, the impact on renal function of the NAC-NUT treatment sequence has so far been little studied.

The aim of this study is to improve scientific knowledge about neoadjuvant chemotherapy in upper tract urothelial carcinoma eligible to a curative surgery. The investigators will evaluate the benefit of NAC on pathological response, overall survival and progression-free survival in a large multicentric cohort. In addition, the investigators will assess the impact of NAC on renal function at a distance from curative surgery will allow the evaluation of its specific toxicity.",,UNKNOWN,"Neoadjuvant Chemotherapy in Upper Tract Urothelial Carcinoma : a Retrospective Multicentric Study. Upper Excretory Tract Tumors Upper tract urothelial carcinoma incidence is about 1 /100000/year. These tumors are mostly diagnosed at an invasive stage and the standard treatment is a total nephroureterectomy.

In this population, indication of perioperative chemotherapy is still discussed. The benefit of platinum-based adjuvant chemotherapy was recently confirmed by the prospective trial POUT for pT2-T4 N0-3 M0 tumors with an improvement in recurrence-free survival of 51% in the chemotherapy arm.

However, in this situation, use of adjuvant Cisplatin-based chemotherapy may be limited by the deterioration of renal function due to renal surgery.

There are currently no recommendations on the place of neoadjuvant chemotherapy (NAC) with controversial results.

Moreover, the impact on renal function of the NAC-NUT treatment sequence has so far been little studied.

The aim of this study is to improve scientific knowledge about neoadjuvant chemotherapy in upper tract urothelial carcinoma eligible to a curative surgery. The investigators will evaluate the benefit of NAC on pathological response, overall survival and progression-free survival in a large multicentric cohort. In addition, the investigators will assess the impact of NAC on renal function at a distance from curative surgery will allow the evaluation of its specific toxicity."
NCT00178386,Comparison of Educational Services and Outcomes for Patients Treated for Childhood Cancer,"Cancer, Brain Tumor",The purpose of the study is to evaluate some educational outcomes of children treated for childhood cancer.,,COMPLETED,"Comparison of Educational Services and Outcomes for Patients Treated for Childhood Cancer Cancer, Brain Tumor The purpose of the study is to evaluate some educational outcomes of children treated for childhood cancer."
NCT00049686,VNP40101M in Treating Patients With Relapsed or Refractory Leukemia or Myelodysplastic Syndrome,"Leukemia, Myelodysplastic Syndromes, Myelodysplastic/Myeloproliferative Neoplasms","RATIONALE: Drugs used in chemotherapy use different ways to stop cancer cells from dividing so they stop growing or die.

PURPOSE: Phase I trial to study the effectiveness of VNP40101M in treating patients who have relapsed or refractory leukemia or myelodysplastic syndrome.",PHASE1,COMPLETED,"VNP40101M in Treating Patients With Relapsed or Refractory Leukemia or Myelodysplastic Syndrome Leukemia, Myelodysplastic Syndromes, Myelodysplastic/Myeloproliferative Neoplasms RATIONALE: Drugs used in chemotherapy use different ways to stop cancer cells from dividing so they stop growing or die.

PURPOSE: Phase I trial to study the effectiveness of VNP40101M in treating patients who have relapsed or refractory leukemia or myelodysplastic syndrome."
NCT03818386,Radiotherapy of Multiple Brain Metastases Using AGuIX®,"Brain Metastases, Adult, Radiotherapy","This is a Prospective Randomized Open Blinded Endpoint phase II clinical trial. The study will be adaptive: an interim analysis is planned after enrolment of 20 patients in each arm of treatment (WBRT and AGuIX® + WBRT), to select and continue the study with group(s) that present the best response rate to the experimental treatment (AGuIX® + WBRT).

The main endpoint will be evaluated by a blinded endpoint committee.",PHASE2,UNKNOWN,"Radiotherapy of Multiple Brain Metastases Using AGuIX® Brain Metastases, Adult, Radiotherapy This is a Prospective Randomized Open Blinded Endpoint phase II clinical trial. The study will be adaptive: an interim analysis is planned after enrolment of 20 patients in each arm of treatment (WBRT and AGuIX® + WBRT), to select and continue the study with group(s) that present the best response rate to the experimental treatment (AGuIX® + WBRT).

The main endpoint will be evaluated by a blinded endpoint committee."
NCT00001686,"Evaluation, Treatment, and Natural History of Children and Young Adults With Cancer or Rare Diseases","Ewing's Sarcoma, Leukemia, Lymphoma, Brain Tumors, Rhabdomyosarcoma",This protocol is designed to evaluate children with cancer who appear to be probable candidates for future protocol entry or have disease manifestations that are of unique scientific importance or educational value.,,COMPLETED,"Evaluation, Treatment, and Natural History of Children and Young Adults With Cancer or Rare Diseases Ewing's Sarcoma, Leukemia, Lymphoma, Brain Tumors, Rhabdomyosarcoma This protocol is designed to evaluate children with cancer who appear to be probable candidates for future protocol entry or have disease manifestations that are of unique scientific importance or educational value."
NCT06238986,Relationship Between Alterations in the GI Microbiome and GI Inflammation on Symptom Burden in Women With Breast Cancer Receiving Chemotherapy,"Anatomic Stage I Breast Cancer AJCC v8, Anatomic Stage II Breast Cancer AJCC v8, Anatomic Stage III Breast Cancer AJCC v8",This study evaluates the relationship between alterations in the GI microbiome and GI inflammation on symptom burden in women with breast cancer receiving chemotherapy.,,TERMINATED,"Relationship Between Alterations in the GI Microbiome and GI Inflammation on Symptom Burden in Women With Breast Cancer Receiving Chemotherapy Anatomic Stage I Breast Cancer AJCC v8, Anatomic Stage II Breast Cancer AJCC v8, Anatomic Stage III Breast Cancer AJCC v8 This study evaluates the relationship between alterations in the GI microbiome and GI inflammation on symptom burden in women with breast cancer receiving chemotherapy."
NCT04245670,5 Fractions of Pelvic SABR With Intra Prostatic SABR Boost:,Prostate Cancer,"Stereotactic Ablative Body Radiotherapy (SABR) given in 5 weekly fractions. Simultaneously treating the pelvic lymph nodes, prostate and MRI-nodule to a total dose of 25 Gy, 35 Gy and up to 50 Gy, respectively. The radiation will be given with 6-18 months of ADT.

5-fraction SABR is a feasible, well-tolerated, effective and cost effective treatment for high-intermediate and high risk prostate cancer with/without an image-guided intraprostatic boost.",NA,UNKNOWN,"5 Fractions of Pelvic SABR With Intra Prostatic SABR Boost: Prostate Cancer Stereotactic Ablative Body Radiotherapy (SABR) given in 5 weekly fractions. Simultaneously treating the pelvic lymph nodes, prostate and MRI-nodule to a total dose of 25 Gy, 35 Gy and up to 50 Gy, respectively. The radiation will be given with 6-18 months of ADT.

5-fraction SABR is a feasible, well-tolerated, effective and cost effective treatment for high-intermediate and high risk prostate cancer with/without an image-guided intraprostatic boost."
NCT05383170,A Study to Evaluate the Safety and Efficacy of CyPep-1 in Combination With Pembrolizumab for the Treatment of Advanced or Metastatic Cancers,"Advanced Head and Neck Squamous Cell Carcinoma, Advanced Breast Cancer, Advanced Melanoma","This Phase 1b/2a study will assess the efficacy, safety, and pharmacodynamics of CyPep-1 when administered directly into measurable tumor lesions in combination with the anti-PD-1 antibody pembrolizumab. Additionally, the study will assess anti-tumor effects of CyPep-1 on injected lesions and non-injected target lesions identified at baseline, as well as local and systemic immunological effects of CyPep-1 in combination with pembrolizumab.","PHASE1, PHASE2",COMPLETED,"A Study to Evaluate the Safety and Efficacy of CyPep-1 in Combination With Pembrolizumab for the Treatment of Advanced or Metastatic Cancers Advanced Head and Neck Squamous Cell Carcinoma, Advanced Breast Cancer, Advanced Melanoma This Phase 1b/2a study will assess the efficacy, safety, and pharmacodynamics of CyPep-1 when administered directly into measurable tumor lesions in combination with the anti-PD-1 antibody pembrolizumab. Additionally, the study will assess anti-tumor effects of CyPep-1 on injected lesions and non-injected target lesions identified at baseline, as well as local and systemic immunological effects of CyPep-1 in combination with pembrolizumab."
NCT03849573,A Web-Based Tool to Improve Breast Cancer Survivorship,"Breast Cancer, Hormone Dependent Neoplasms, Adherence to Hormone Therapy","The purpose of this study is to examine the efficacy of a psychosocial eHealth intervention on the proposed primary outcomes, hormone therapy adherence and health related quality of life (HRQoL), in breast cancer survivors.

The intervention components include mindfulness-based stress reduction, breast cancer knowledge, stress awareness and management, social support, and enhanced communication. The intervention will be delivered via an online application over an 8-week period.

Participants are randomized into either an intervention application (described above) or a control application (health information and general health promotion strategies). Aside from having access to the online application for the recommended 8 weeks with weekly online focus groups, participation in this study includes four assessments: baseline (at the beginning of the research study), post-intervention (8 weeks after baseline), a 6-month follow-up and a 12-month follow-up.",NA,COMPLETED,"A Web-Based Tool to Improve Breast Cancer Survivorship Breast Cancer, Hormone Dependent Neoplasms, Adherence to Hormone Therapy The purpose of this study is to examine the efficacy of a psychosocial eHealth intervention on the proposed primary outcomes, hormone therapy adherence and health related quality of life (HRQoL), in breast cancer survivors.

The intervention components include mindfulness-based stress reduction, breast cancer knowledge, stress awareness and management, social support, and enhanced communication. The intervention will be delivered via an online application over an 8-week period.

Participants are randomized into either an intervention application (described above) or a control application (health information and general health promotion strategies). Aside from having access to the online application for the recommended 8 weeks with weekly online focus groups, participation in this study includes four assessments: baseline (at the beginning of the research study), post-intervention (8 weeks after baseline), a 6-month follow-up and a 12-month follow-up."
NCT05018273,Study of VB10.NEO in Combination With Atezolizumab in Solid Tumors,"Solid Tumors, Adult","A phase 1b, open-label, multicenter, dose-escalation study designed to evaluate the safety, tolerability, antigen-specific immune response and preliminary antitumor activity associated with VB10.NEO administered in combination with atezolizumab, and to identify a RP2D for VB10.NEO in combination with atezolizumab, in patients with locally advanced and metastatic tumors that have progressed after at least 1 available standard therapy; or for whom standard therapy has proven to be ineffective or intolerable, or is considered inappropriate; or for whom a clinical trial of an investigational agent is a recognized standard of care (SOC).",PHASE1,COMPLETED,"Study of VB10.NEO in Combination With Atezolizumab in Solid Tumors Solid Tumors, Adult A phase 1b, open-label, multicenter, dose-escalation study designed to evaluate the safety, tolerability, antigen-specific immune response and preliminary antitumor activity associated with VB10.NEO administered in combination with atezolizumab, and to identify a RP2D for VB10.NEO in combination with atezolizumab, in patients with locally advanced and metastatic tumors that have progressed after at least 1 available standard therapy; or for whom standard therapy has proven to be ineffective or intolerable, or is considered inappropriate; or for whom a clinical trial of an investigational agent is a recognized standard of care (SOC)."
NCT02951273,Cerebral Blood Flow During Propofol Anaesthesia,Gastrointestinal Neoplasms,"General anaesthesia often reduces blood pressure whereby blood flow to the brain and other vital organs may become insufficient. Thus, medicine is often administered during anaesthesia to maintain blood pressure. However, it is unclear at what level blood pressure should be aimed at during anaesthesia.

Several factors may affect blood flow to the brain during anaesthesia. During surgery on the internal organs, a hormone may be released that dilates blood vessels and causes a so-called mesenteric traction syndrome characterised by a decrease in blood pressure and flushing. This reaction lasts for approximately thirty minutes and is observed in about half of the patients who undergo surgery on the stomach and intestines. It is unknown whether a mesenteric traction syndrome affects blood flow to the brain. Ventilation is also of importance for blood flow to the brain. Thus, blood flow to the brain is reduced by hyperventilation and increases if breathing is slower. It is unclear whether the relation between blood flow to the brain and ventilation is affected during anaesthesia.

This study will evaluate how blood flow to the brain is affected by anaesthesia and standard treatment of a possible reduction in blood pressure. Further, the study will assess whether blood flow to the brain is affected by development of a mesenteric traction syndrome. Lastly, the project will evaluate blood flow to the brain during short-term changes in the patient's ventilation by adjustments on the ventilator.

Thirty patients planned for major abdominal surgery will be included in the project. The study will take place from the patient's arrival at the operation room and until two hours after the start of surgery. Placement of catheters and anaesthesia are according to standard care. Blood flow to the brain will be evaluated using ultrasound. Oxygenation of the brain, skin and muscle will be evaluated by probes that emit light. Depth of anaesthesia is assessed by recording the electrical activity of the brain. Blood pressure is measured by a catheter placed in an artery at the wrist and blood samples will be drawn from the catheter.",,COMPLETED,"Cerebral Blood Flow During Propofol Anaesthesia Gastrointestinal Neoplasms General anaesthesia often reduces blood pressure whereby blood flow to the brain and other vital organs may become insufficient. Thus, medicine is often administered during anaesthesia to maintain blood pressure. However, it is unclear at what level blood pressure should be aimed at during anaesthesia.

Several factors may affect blood flow to the brain during anaesthesia. During surgery on the internal organs, a hormone may be released that dilates blood vessels and causes a so-called mesenteric traction syndrome characterised by a decrease in blood pressure and flushing. This reaction lasts for approximately thirty minutes and is observed in about half of the patients who undergo surgery on the stomach and intestines. It is unknown whether a mesenteric traction syndrome affects blood flow to the brain. Ventilation is also of importance for blood flow to the brain. Thus, blood flow to the brain is reduced by hyperventilation and increases if breathing is slower. It is unclear whether the relation between blood flow to the brain and ventilation is affected during anaesthesia.

This study will evaluate how blood flow to the brain is affected by anaesthesia and standard treatment of a possible reduction in blood pressure. Further, the study will assess whether blood flow to the brain is affected by development of a mesenteric traction syndrome. Lastly, the project will evaluate blood flow to the brain during short-term changes in the patient's ventilation by adjustments on the ventilator.

Thirty patients planned for major abdominal surgery will be included in the project. The study will take place from the patient's arrival at the operation room and until two hours after the start of surgery. Placement of catheters and anaesthesia are according to standard care. Blood flow to the brain will be evaluated using ultrasound. Oxygenation of the brain, skin and muscle will be evaluated by probes that emit light. Depth of anaesthesia is assessed by recording the electrical activity of the brain. Blood pressure is measured by a catheter placed in an artery at the wrist and blood samples will be drawn from the catheter."
NCT07187869,Modulation of the Bone Immune Microenvironment Following Cabozantinib Treatment of Bone Metastatic Clear Cell Renal Cell Carcinoma: Proof of Concept Study,Clear Cell Renal Cell Carcinoma,The goal of our study is to explore how treatments affect the bone immune microenvironment and determine the best treatment options for patients with metastatic kidney cancer to the bone. This could prevent skeletal complications and improve patient outcomes.,PHASE1,NOT_YET_RECRUITING,Modulation of the Bone Immune Microenvironment Following Cabozantinib Treatment of Bone Metastatic Clear Cell Renal Cell Carcinoma: Proof of Concept Study Clear Cell Renal Cell Carcinoma The goal of our study is to explore how treatments affect the bone immune microenvironment and determine the best treatment options for patients with metastatic kidney cancer to the bone. This could prevent skeletal complications and improve patient outcomes.
NCT01290783,Trial of FOLF(HA)Iri Versus FOLFIRI in mCRC,Metastatic Colorectal Cancer,"Trial design:

* Phase III, FOLFIRI versus FOLF(HA)iri (the FOLFIRI regimen with ""Hyaluronic acid-Irinotecan"" or ""HA-Irinotecan"") regimen.
* Patients with mCRC (metastatic colorectal cancer), 2nd/3rd line irinotecan naïve.
* Randomized 1:1, double-blinded, multi-centre, multi-national (Australia, Bulgaria, Poland, Serbia, Russia, Ukraine and the United Kingdom).
* Dosing regimen:

  * Irinotecan (180 mg/m2) or HA-Irinotecan (180 mg/m2), IV, over 90 minutes, day 1 (in patients \> 75 years of age, the irinotecan and HA-Irinotecan dose in must be reduced to 150 mg/m2).
  * Leucovorin, 400 mg/m2, or levoleucovorin, 200 mg/m2, IV over 90 minutes with irinotecan.
  * 5-fluorouracil (5-FU), 400 mg/m2 IV bolus day 1, then 1200 mg/m2/day x 2 days (total 2400 mg/m2 over 46-48 hours) continuous infusion.
  * Repeat every 2 weeks for 8 months.
* Patient accrual over approximately 12-14 months.
* Monitoring to 18 months post-randomization.
* 390 patients.
* Progression Free Survival (PFS) primary endpoint.
* Safety analysis on the initial 20 patients.",PHASE3,UNKNOWN,"Trial of FOLF(HA)Iri Versus FOLFIRI in mCRC Metastatic Colorectal Cancer Trial design:

* Phase III, FOLFIRI versus FOLF(HA)iri (the FOLFIRI regimen with ""Hyaluronic acid-Irinotecan"" or ""HA-Irinotecan"") regimen.
* Patients with mCRC (metastatic colorectal cancer), 2nd/3rd line irinotecan naïve.
* Randomized 1:1, double-blinded, multi-centre, multi-national (Australia, Bulgaria, Poland, Serbia, Russia, Ukraine and the United Kingdom).
* Dosing regimen:

  * Irinotecan (180 mg/m2) or HA-Irinotecan (180 mg/m2), IV, over 90 minutes, day 1 (in patients \> 75 years of age, the irinotecan and HA-Irinotecan dose in must be reduced to 150 mg/m2).
  * Leucovorin, 400 mg/m2, or levoleucovorin, 200 mg/m2, IV over 90 minutes with irinotecan.
  * 5-fluorouracil (5-FU), 400 mg/m2 IV bolus day 1, then 1200 mg/m2/day x 2 days (total 2400 mg/m2 over 46-48 hours) continuous infusion.
  * Repeat every 2 weeks for 8 months.
* Patient accrual over approximately 12-14 months.
* Monitoring to 18 months post-randomization.
* 390 patients.
* Progression Free Survival (PFS) primary endpoint.
* Safety analysis on the initial 20 patients."
NCT00005941,"Peripheral Stem Cell Transplant, White Blood Cell Infusions, Chemotherapy, and Radiation Therapy in Treating Patients With Recurrent Metastatic Cervical or Vaginal Cancer","Cervical Cancer, Vaginal Cancer","RATIONALE: Giving low doses of chemotherapy, such as fludarabine, and radiation therapy before a donor peripheral blood stem cell transplant helps stop the growth of cancer cells. It also stops the patient's immune system from rejecting the donor's stem cells. The donated stem cells may replace the patient's immune system and help destroy any remaining cancer cells (graft-versus-tumor effect). Giving an infusion of the donor's T cells (donor lymphocyte infusion) after the transplant may help increase this effect. Sometimes the transplanted cells from a donor can also make an immune response against the body's normal cells. Giving cyclosporine and mycophenolate mofetil after the transplant may stop this from happening.

PURPOSE: This phase II trial is studying how well donor peripheral stem cell transplant plus chemotherapy and total-body irradiation followed by donor white blood cell infusion work in treating patients with recurrent metastatic or locally advanced cancer of the cervix or vagina that is associated with human papillomavirus.",PHASE2,COMPLETED,"Peripheral Stem Cell Transplant, White Blood Cell Infusions, Chemotherapy, and Radiation Therapy in Treating Patients With Recurrent Metastatic Cervical or Vaginal Cancer Cervical Cancer, Vaginal Cancer RATIONALE: Giving low doses of chemotherapy, such as fludarabine, and radiation therapy before a donor peripheral blood stem cell transplant helps stop the growth of cancer cells. It also stops the patient's immune system from rejecting the donor's stem cells. The donated stem cells may replace the patient's immune system and help destroy any remaining cancer cells (graft-versus-tumor effect). Giving an infusion of the donor's T cells (donor lymphocyte infusion) after the transplant may help increase this effect. Sometimes the transplanted cells from a donor can also make an immune response against the body's normal cells. Giving cyclosporine and mycophenolate mofetil after the transplant may stop this from happening.

PURPOSE: This phase II trial is studying how well donor peripheral stem cell transplant plus chemotherapy and total-body irradiation followed by donor white blood cell infusion work in treating patients with recurrent metastatic or locally advanced cancer of the cervix or vagina that is associated with human papillomavirus."
NCT01581541,PU-H71 in Patients With Solid Tumors and Low-Grade Non-Hodgkin's Lymphoma That Have Not Responded to Standard Treatment,"Solid Tumors, Lymphoma","Background:

\- PU-H71 is an experimental drug used to treat cancer. It works by blocking a protein in tumors. When this protein is blocked, it affects other proteins inside the cell that cancers need to grow. Researchers want to study whether PU-H71 is a safe and effective way to treat solid tumors and non-Hodgkin's lymphoma.

Objectives:

\- To evaluate the safety and effectiveness of PU-H71 in solid tumors and non-Hodgkin's lymphoma that have not responded to standard treatments.

Eligibility:

\- Individuals at least 18 years of age who have solid tumors or non-Hodgkin's lymphoma that have not responded to standard treatments.

Design:

* Patients will be screened with a physical exam, medical history, blood tests, and imaging studies.
* Patients will receive PU-H71 as a 1-hour dose on days 1 and 8 of a 21-day cycle of treatment. The first treatment cycle will be done in the hospital so that patients can be monitored. The next treatment cycles will be done on an outpatient basis.
* Patients will have blood and urine tests and eye exams.
* Patients will provide tumor samples for study.
* Patients will have imaging studies to monitor tumor response to treatment.
* Patients will continue to take PU-H71 for as long as side effects remain tolerable and their tumor or lymphoma does not worsen. Study researchers may adjust the dose if needed.",PHASE1,TERMINATED,"PU-H71 in Patients With Solid Tumors and Low-Grade Non-Hodgkin's Lymphoma That Have Not Responded to Standard Treatment Solid Tumors, Lymphoma Background:

\- PU-H71 is an experimental drug used to treat cancer. It works by blocking a protein in tumors. When this protein is blocked, it affects other proteins inside the cell that cancers need to grow. Researchers want to study whether PU-H71 is a safe and effective way to treat solid tumors and non-Hodgkin's lymphoma.

Objectives:

\- To evaluate the safety and effectiveness of PU-H71 in solid tumors and non-Hodgkin's lymphoma that have not responded to standard treatments.

Eligibility:

\- Individuals at least 18 years of age who have solid tumors or non-Hodgkin's lymphoma that have not responded to standard treatments.

Design:

* Patients will be screened with a physical exam, medical history, blood tests, and imaging studies.
* Patients will receive PU-H71 as a 1-hour dose on days 1 and 8 of a 21-day cycle of treatment. The first treatment cycle will be done in the hospital so that patients can be monitored. The next treatment cycles will be done on an outpatient basis.
* Patients will have blood and urine tests and eye exams.
* Patients will provide tumor samples for study.
* Patients will have imaging studies to monitor tumor response to treatment.
* Patients will continue to take PU-H71 for as long as side effects remain tolerable and their tumor or lymphoma does not worsen. Study researchers may adjust the dose if needed."
NCT06391905,PCSK9 Inhibitors in Combination With Advanced Treatment Strategies for the Treatment of Advanced Colorectal Cancer With pMMR/MSS,Colorectal Cancer,The purpose of this study is to preliminarily observe the efficacy and safety of PCSK9 inhibitors in combination with standard advanced first-line regimens in the treatment of advanced colorectal cancer with pMMR/MSS.,PHASE2,NOT_YET_RECRUITING,PCSK9 Inhibitors in Combination With Advanced Treatment Strategies for the Treatment of Advanced Colorectal Cancer With pMMR/MSS Colorectal Cancer The purpose of this study is to preliminarily observe the efficacy and safety of PCSK9 inhibitors in combination with standard advanced first-line regimens in the treatment of advanced colorectal cancer with pMMR/MSS.
NCT01437605,Phase II Study to Assess the Safety and Immunogenicity of recMAGE-A3+AS15 ASCI With or Without Poly IC:LC,Melanoma,"The overall purpose of this research study is to find a better way to treat melanoma.

The goals of this study are:

1. To measure the side effects of and find out how well patients tolerate the recMAGE-A3 + AS15 ASCI (MAGE-A3 ASCI) treatment with or without the Poly IC:LC
2. To see how well the patient's immune system responds to the MAGE-A3 ASCI treatment with or without the Poly IC:LC
3. To measure the rate of return of the patient's tumor after the MAGE-A3 ASCI treatment with or without the Poly IC:LC
4. To measure the rate of return of the patient's tumor in two groups of patients: one group positive for the gene signature, and the other group not positive for the gene signature in their tumor after the MAGE-A3 ASCI treatment with or without the Poly IC:LC.",PHASE2,TERMINATED,"Phase II Study to Assess the Safety and Immunogenicity of recMAGE-A3+AS15 ASCI With or Without Poly IC:LC Melanoma The overall purpose of this research study is to find a better way to treat melanoma.

The goals of this study are:

1. To measure the side effects of and find out how well patients tolerate the recMAGE-A3 + AS15 ASCI (MAGE-A3 ASCI) treatment with or without the Poly IC:LC
2. To see how well the patient's immune system responds to the MAGE-A3 ASCI treatment with or without the Poly IC:LC
3. To measure the rate of return of the patient's tumor after the MAGE-A3 ASCI treatment with or without the Poly IC:LC
4. To measure the rate of return of the patient's tumor in two groups of patients: one group positive for the gene signature, and the other group not positive for the gene signature in their tumor after the MAGE-A3 ASCI treatment with or without the Poly IC:LC."
NCT01520194,The Psychosocial and Economic Burden of Genital Warts,Female Genital Warts,"Considering the importance of HPV(human papilomavirus) and related diseases in Brazil, and the lack of studies about both the economic and the psychosocial burden of these diseases, BEMFAM, a Brazilian non-governmental organization that provides reproductive health services and technical support to local governments proposes a study to measure the psychosocial and economic burden of genital warts.",,COMPLETED,"The Psychosocial and Economic Burden of Genital Warts Female Genital Warts Considering the importance of HPV(human papilomavirus) and related diseases in Brazil, and the lack of studies about both the economic and the psychosocial burden of these diseases, BEMFAM, a Brazilian non-governmental organization that provides reproductive health services and technical support to local governments proposes a study to measure the psychosocial and economic burden of genital warts."
NCT01811394,Ion Irradiation of Sacrococcygeal Chordoma,Sacral Chordoma,The purpose of this study is to evaluate the safety and feasibility of primary hypofractionated irradiation of sacrococcygeal chordoma with carbon ions or protons using the raster scan technique.,PHASE2,UNKNOWN,Ion Irradiation of Sacrococcygeal Chordoma Sacral Chordoma The purpose of this study is to evaluate the safety and feasibility of primary hypofractionated irradiation of sacrococcygeal chordoma with carbon ions or protons using the raster scan technique.
NCT01653366,Effect of a Goal Setting Intervention on Exercise in Women With Metastatic Breast Cancer: An Exploration of The Lipogenic Pathway,Metastatic Breast Cancer,"This study is a randomized prospective clinical trial of women with metastatic breast cancer. The purpose of the study is to test if an intervention of regular physical activity review and physical activity goal setting will allow the subjects to achieve a moderate increase in physical activity of 6,000 steps per week. The physical activity review will consist of weekly telephone call to inquire about symptoms and to set physical activity goals. The study will also look to see if the goal setting intervention will affect the time to progression, change in BMI, and quality of life. Quality of life will be measured by answers to questionnaires provided to subjects at regular intervals during the course of the study. Finally, the study will examine the impact of physical activity on expression of tumor molecular molecules, insulin levels, and estradiol levels.

Through an intervention of regular physical activity review and goal setting, the investigators hypothesize that a moderate increase in level of physical activity of 6000 steps per week or more can be obtained by patients with metastatic breast cancer who receive a goal setting intervention. The investigators propose that those who are able to achieve and maintain greater than or equal to 22500 steps per week will demonstrate biologic and molecular differences compared to those who are not able to achieve that level of physical activity. The investigators expect that people who are more active will have longer to progression.",NA,TERMINATED,"Effect of a Goal Setting Intervention on Exercise in Women With Metastatic Breast Cancer: An Exploration of The Lipogenic Pathway Metastatic Breast Cancer This study is a randomized prospective clinical trial of women with metastatic breast cancer. The purpose of the study is to test if an intervention of regular physical activity review and physical activity goal setting will allow the subjects to achieve a moderate increase in physical activity of 6,000 steps per week. The physical activity review will consist of weekly telephone call to inquire about symptoms and to set physical activity goals. The study will also look to see if the goal setting intervention will affect the time to progression, change in BMI, and quality of life. Quality of life will be measured by answers to questionnaires provided to subjects at regular intervals during the course of the study. Finally, the study will examine the impact of physical activity on expression of tumor molecular molecules, insulin levels, and estradiol levels.

Through an intervention of regular physical activity review and goal setting, the investigators hypothesize that a moderate increase in level of physical activity of 6000 steps per week or more can be obtained by patients with metastatic breast cancer who receive a goal setting intervention. The investigators propose that those who are able to achieve and maintain greater than or equal to 22500 steps per week will demonstrate biologic and molecular differences compared to those who are not able to achieve that level of physical activity. The investigators expect that people who are more active will have longer to progression."
NCT02759666,A Phase I Trial of SHR3162 in Subjects With Advanced Solid Tumors,"Neoplasm, Solid Tumors","This is an open-label, multicenter, non-randomized, dose-escalation phase 1 trial to evaluate the safety and tolerability of SHR3162 in participants with advanced solid tumors.",PHASE1,COMPLETED,"A Phase I Trial of SHR3162 in Subjects With Advanced Solid Tumors Neoplasm, Solid Tumors This is an open-label, multicenter, non-randomized, dose-escalation phase 1 trial to evaluate the safety and tolerability of SHR3162 in participants with advanced solid tumors."
NCT04400656,PROState Pathway Embedded Comparative Trial,"Prostate Cancer, Non-metastatic Prostate Cancer, Metastatic Prostate Cancer, Prostate Adenocarcinoma, Metastatic Prostate Carcinoma in the Soft Tissue, Prostate Cancer Metastatic","The proposal will explore a trial design called the cohort-multiple RCT (cmRCT) or as it has been recently coined, the Trials WithIn Cohorts (TWICS) design. This design has been used in a number of disease areas, both benign and cancer. Prostate conditions have been chosen since they are extremely common and if malignancy occurs the majority of men with the disease are regarded as living with a chronic condition due to its long natural history and in which innovative approaches, interventions, treatments or changes in management might have a significant patient benefit and impact on the NHS. It therefore fits the cmRCT design very well. Nonetheless, the lessons learned in this study will be of relevance to other disease spaces.

The TWICS or cmRCT design is currently being used in elderly patients, risk of falls, depression, hip fracture, Yorkshire Health Study, scleroderma, breast cancer, colorectal cancer, bladder cancer and kidney cancer, to name a few. In total, a recent systematic review showed that there were 18 ongoing cmRCT studies with 6 in the UK.

The acceptability and feasibility of the cmRCT in the prostate pathway will be tested. This is the first time this method will be tested and therefore piloted. In the first part of the study, the following will be evaluated. What is the accrual rate? What do patients and their healthcare professionals think of the cmRCT design? Is the data collected robust? What are the resource requirements of such a study?A number of novel interventions or changes in the pathway will then be tested and compared to standard care in the cohort that was recruited.",,COMPLETED,"PROState Pathway Embedded Comparative Trial Prostate Cancer, Non-metastatic Prostate Cancer, Metastatic Prostate Cancer, Prostate Adenocarcinoma, Metastatic Prostate Carcinoma in the Soft Tissue, Prostate Cancer Metastatic The proposal will explore a trial design called the cohort-multiple RCT (cmRCT) or as it has been recently coined, the Trials WithIn Cohorts (TWICS) design. This design has been used in a number of disease areas, both benign and cancer. Prostate conditions have been chosen since they are extremely common and if malignancy occurs the majority of men with the disease are regarded as living with a chronic condition due to its long natural history and in which innovative approaches, interventions, treatments or changes in management might have a significant patient benefit and impact on the NHS. It therefore fits the cmRCT design very well. Nonetheless, the lessons learned in this study will be of relevance to other disease spaces.

The TWICS or cmRCT design is currently being used in elderly patients, risk of falls, depression, hip fracture, Yorkshire Health Study, scleroderma, breast cancer, colorectal cancer, bladder cancer and kidney cancer, to name a few. In total, a recent systematic review showed that there were 18 ongoing cmRCT studies with 6 in the UK.

The acceptability and feasibility of the cmRCT in the prostate pathway will be tested. This is the first time this method will be tested and therefore piloted. In the first part of the study, the following will be evaluated. What is the accrual rate? What do patients and their healthcare professionals think of the cmRCT design? Is the data collected robust? What are the resource requirements of such a study?A number of novel interventions or changes in the pathway will then be tested and compared to standard care in the cohort that was recruited."
NCT04780256,Endoscopic Resection of Gastrointestinal Neoplasms,"Endoscopic Mucosal Resection, Endoscopic Submucosal Dissection, Gastric Neoplasm, Colonic Neoplasms, Esophageal Neoplasms, Duodenal Neoplasms","The study aims to retrospectively investigate the endoscopic resection procedures of cancerous and precancerous lesions of the upper and lower digestive tract in order to evaluate the efficacy and safety outcomes and to compare different resection techniques. In particular, the resection techniques investigated will be mucosectomy, en bloc and piecemeal, endoscopic submucosal dissection (ESD) and its variants, full-thickness resection. The anatomical districts involved will be the esophagus, stomach, duodenum, colon and rectum.",,RECRUITING,"Endoscopic Resection of Gastrointestinal Neoplasms Endoscopic Mucosal Resection, Endoscopic Submucosal Dissection, Gastric Neoplasm, Colonic Neoplasms, Esophageal Neoplasms, Duodenal Neoplasms The study aims to retrospectively investigate the endoscopic resection procedures of cancerous and precancerous lesions of the upper and lower digestive tract in order to evaluate the efficacy and safety outcomes and to compare different resection techniques. In particular, the resection techniques investigated will be mucosectomy, en bloc and piecemeal, endoscopic submucosal dissection (ESD) and its variants, full-thickness resection. The anatomical districts involved will be the esophagus, stomach, duodenum, colon and rectum."
NCT05898256,Cadonilimab in the Treatment of Recurrent/Metastatic Nasopharyngeal Carcinoma,"Nasopharyngeal Carcinoma, Immune Checkpoint Inhibitors","This study is a single-arm, multicenter clinical study to evaluate the efficacy and safety of Cadonilimab in combination with gemcitabine/cisplatin as a first-line treatment for recurrent or metastatic nasopharyngeal carcinoma.","PHASE1, PHASE2",NOT_YET_RECRUITING,"Cadonilimab in the Treatment of Recurrent/Metastatic Nasopharyngeal Carcinoma Nasopharyngeal Carcinoma, Immune Checkpoint Inhibitors This study is a single-arm, multicenter clinical study to evaluate the efficacy and safety of Cadonilimab in combination with gemcitabine/cisplatin as a first-line treatment for recurrent or metastatic nasopharyngeal carcinoma."
NCT03774056,"A Study Evaluating Tolerability, Pharmacokinetics, and Preliminary Efficacy of HC-1119 in Patients.",Metastatic Castration Resistant Prostate Cancer,"This is a phase I study evaluating tolerability, pharmacokinetics, and preliminary efficacy of HC-1119 in patients with metastatic castration-resistant prostate cancer. The study objective is to study the tolerability, safety, and dose-limiting toxicities (DLT) of HC-1119 in patients with mCRPC.",PHASE1,COMPLETED,"A Study Evaluating Tolerability, Pharmacokinetics, and Preliminary Efficacy of HC-1119 in Patients. Metastatic Castration Resistant Prostate Cancer This is a phase I study evaluating tolerability, pharmacokinetics, and preliminary efficacy of HC-1119 in patients with metastatic castration-resistant prostate cancer. The study objective is to study the tolerability, safety, and dose-limiting toxicities (DLT) of HC-1119 in patients with mCRPC."
NCT01324856,Pancreaticogastrostomy Versus Pancreaticojejunostomy in Reconstruction After Cephalic Duodenopancreatectomy,"Pancreatic Cancer, Pancreatic Anastomotic Leak","Pancreaticoduodenectomy is the standards surgical procedure for various malignant and benign disease of the pancreas and periampullariy region. During the recent years, mortality rate of pancreaticoduodenectomy has decreased to 5% in specialized centers. Although, this procedure still carries considerable morbidity up to 40%, depending of definition of complications. Pancreatic fistula remains a common complication and the main cause of other morbidities and mortality. Pancreaticojejunal (PJ) anastomosis is the most often used method of reconstruction after pancreaticoduodenectomy. Several technique modifications such as placement of the stents, reinforcement of anasomosis with fibrin glue, pancreatic duct occlusion and pancreaticogastrostomy (PG) type of anastomosis was used in order to decrease pancreatic fistula rate. Since, some retrospective studies showed better results with some technique, several meta-analyses did not show any advantage of those various modifications. It was shown that the higher risk of pancreatic fistula was noticed in patients with soft residual pancreas and small diameter of pancreatic duct. There is only one randomized study in the literature dealing with this problem. This study did not reveal any significant differences between PG and PJ in patients with soft pancreas and small duct. In order to investigate once more this important issue, the researchers conducted randomized multicenter controlled trial.",PHASE1,UNKNOWN,"Pancreaticogastrostomy Versus Pancreaticojejunostomy in Reconstruction After Cephalic Duodenopancreatectomy Pancreatic Cancer, Pancreatic Anastomotic Leak Pancreaticoduodenectomy is the standards surgical procedure for various malignant and benign disease of the pancreas and periampullariy region. During the recent years, mortality rate of pancreaticoduodenectomy has decreased to 5% in specialized centers. Although, this procedure still carries considerable morbidity up to 40%, depending of definition of complications. Pancreatic fistula remains a common complication and the main cause of other morbidities and mortality. Pancreaticojejunal (PJ) anastomosis is the most often used method of reconstruction after pancreaticoduodenectomy. Several technique modifications such as placement of the stents, reinforcement of anasomosis with fibrin glue, pancreatic duct occlusion and pancreaticogastrostomy (PG) type of anastomosis was used in order to decrease pancreatic fistula rate. Since, some retrospective studies showed better results with some technique, several meta-analyses did not show any advantage of those various modifications. It was shown that the higher risk of pancreatic fistula was noticed in patients with soft residual pancreas and small diameter of pancreatic duct. There is only one randomized study in the literature dealing with this problem. This study did not reveal any significant differences between PG and PJ in patients with soft pancreas and small duct. In order to investigate once more this important issue, the researchers conducted randomized multicenter controlled trial."
NCT05229029,RSYR for Fatigue Reduction in Cancer Fatigue Caused by Chemotherapy,Cancer-related Problem/Condition,"This is a multicenter, randomized, double-blind clinical trial to evaluate the efficacy and safety of Chinese herbal compound in improving fatigue symptoms and quality of life in patients with chemotherapy.",PHASE2,UNKNOWN,"RSYR for Fatigue Reduction in Cancer Fatigue Caused by Chemotherapy Cancer-related Problem/Condition This is a multicenter, randomized, double-blind clinical trial to evaluate the efficacy and safety of Chinese herbal compound in improving fatigue symptoms and quality of life in patients with chemotherapy."
NCT07563829,"NPX372, a B7-H7:CD3 Bispecific Antibody, in Selected Solid Tumor Malignancies",Metastatic Malignant Neoplasm,"NPX372 is an antibody drug (protein drug) that blocks a specific protein which is found to be increased on the surface of cancer cells called B7-H7 and, at the same time, binds to immune cells (T cells) through a receptor called CD3. The effect of this binding is to activate T cells to kill cancer cells with B7-H7.

In this research study we are:

* Evaluating the safety and possible effectiveness of NPX372.
* Identifying a safe and tolerable dose or doses for further study.

Participants who are treated will receive an intravenous (IV) infusion of NPX372 if their disease has not progressed, and be closely monitored by the treating physicians.",PHASE1,NOT_YET_RECRUITING,"NPX372, a B7-H7:CD3 Bispecific Antibody, in Selected Solid Tumor Malignancies Metastatic Malignant Neoplasm NPX372 is an antibody drug (protein drug) that blocks a specific protein which is found to be increased on the surface of cancer cells called B7-H7 and, at the same time, binds to immune cells (T cells) through a receptor called CD3. The effect of this binding is to activate T cells to kill cancer cells with B7-H7.

In this research study we are:

* Evaluating the safety and possible effectiveness of NPX372.
* Identifying a safe and tolerable dose or doses for further study.

Participants who are treated will receive an intravenous (IV) infusion of NPX372 if their disease has not progressed, and be closely monitored by the treating physicians."
NCT04081831,Effectiveness of Low Dose Aspirin in Decreasing the Chance Getting Stomach and Intestine Cancer,Gastrointestinal Cancer,"In this study, researchers wanted to learn more about the effect of Aspirin taken as low dose (75 - 300 mg) in preventing stomach, colorectal and esophagus cancer. The researchers were interested in the effect by duration of aspirin use and the effect on the time since aspirin intake has been stopped in preventing stomach, colorectal and esophagus cancer. In addition, the study also looked into the time patients survived after being diagnosed (survival rate) with cancer and number of cancer patients who died (case fatality rate). The study was based on an electronic database managed by the Health Authority in Hong Kong containing anonymized clinical information of patients living in Hong Kong.",,COMPLETED,"Effectiveness of Low Dose Aspirin in Decreasing the Chance Getting Stomach and Intestine Cancer Gastrointestinal Cancer In this study, researchers wanted to learn more about the effect of Aspirin taken as low dose (75 - 300 mg) in preventing stomach, colorectal and esophagus cancer. The researchers were interested in the effect by duration of aspirin use and the effect on the time since aspirin intake has been stopped in preventing stomach, colorectal and esophagus cancer. In addition, the study also looked into the time patients survived after being diagnosed (survival rate) with cancer and number of cancer patients who died (case fatality rate). The study was based on an electronic database managed by the Health Authority in Hong Kong containing anonymized clinical information of patients living in Hong Kong."
NCT04717531,Pyrotinib as Neoadjuvant Agent for Non-objective Response HER2-positive Early Breast Cancer,Breast Cancer,"The study assesses the efficacy of neoadjuvant treatment with pyrotinib and trastuzumab with chemotherapy, mainly pathological complete response (pCR) rates in the breast and axilla.

And also assesses side effects, event-free survival (EFS), disease-free survival (DFS), distant disease-free survival (DDFS), and objective response rates (ORR).",PHASE2,UNKNOWN,"Pyrotinib as Neoadjuvant Agent for Non-objective Response HER2-positive Early Breast Cancer Breast Cancer The study assesses the efficacy of neoadjuvant treatment with pyrotinib and trastuzumab with chemotherapy, mainly pathological complete response (pCR) rates in the breast and axilla.

And also assesses side effects, event-free survival (EFS), disease-free survival (DFS), distant disease-free survival (DDFS), and objective response rates (ORR)."
NCT01164202,Chemoembolization of the Liver With or Without Sunitinib Malate in Treating Patients With Liver Cancer,Liver Cancer,"RATIONALE: Chemoembolization kills tumor cells by blocking the blood flow to the tumor and keeping anticancer drugs near the tumor. Sunitinib malate may stop the growth of tumor cells by blocking some of the enzymes needed for cell growth and by blocking blood flow to the tumor. It is not yet known whether chemoembolization is more effective with or without sunitinib malate in treating patients with liver cancer.

PURPOSE: This randomized phase II/III trial is studying the side effects of chemoembolization of the liver and to see how well in works when given together with or without sunitinib malate in treating patients with liver cancer.","PHASE2, PHASE3",COMPLETED,"Chemoembolization of the Liver With or Without Sunitinib Malate in Treating Patients With Liver Cancer Liver Cancer RATIONALE: Chemoembolization kills tumor cells by blocking the blood flow to the tumor and keeping anticancer drugs near the tumor. Sunitinib malate may stop the growth of tumor cells by blocking some of the enzymes needed for cell growth and by blocking blood flow to the tumor. It is not yet known whether chemoembolization is more effective with or without sunitinib malate in treating patients with liver cancer.

PURPOSE: This randomized phase II/III trial is studying the side effects of chemoembolization of the liver and to see how well in works when given together with or without sunitinib malate in treating patients with liver cancer."
NCT01594502,Validation of Digital Morphometry for Cancer Risk in Benign Prostate Biopsies,Prostate Cancer,"The goal of this study is to apply cutting-edge imaging approaches, incorporating machine-learning for pattern recognition and multispectral analysis, to the development and validation of intermediate endpoint biomarkers in benign tissue that characterize the response to 5α-reductase inhibitor chemoprevention as well as the risk of prostate cancer among men with negative biopsies.",,COMPLETED,"Validation of Digital Morphometry for Cancer Risk in Benign Prostate Biopsies Prostate Cancer The goal of this study is to apply cutting-edge imaging approaches, incorporating machine-learning for pattern recognition and multispectral analysis, to the development and validation of intermediate endpoint biomarkers in benign tissue that characterize the response to 5α-reductase inhibitor chemoprevention as well as the risk of prostate cancer among men with negative biopsies."
NCT01478191,Prognosis of Patients With Relapsed/Refractory Hodgkin Lymphoma Treated With IGEV Induction Therapy Before HDCT With AHSCT,Hodgkin's Lymphoma,"This is a retrospective analysis of a homogeneous cohort of patients with relapsed/refractory HL that received IGEV scheme as induction therapy to HDCT and AHSCT for reassess the most common prognostic factors and try to identify a prognostic score with clinical and therapeutic relevance by using 6 clinical tools:

1. B symptoms(yes/no)
2. relapse in previously irradiated areas(yes/no)
3. Ann Arbor Stage (III/IV vs I/II)
4. disease status at accrual (refractory vs relapsed)
5. Early relapse within 12 months of Complete Response (CR) versus late relapse after Complete Response (CR) lasting \> l2 months"",
6. extranodal involvement (yes/no).",,COMPLETED,"Prognosis of Patients With Relapsed/Refractory Hodgkin Lymphoma Treated With IGEV Induction Therapy Before HDCT With AHSCT Hodgkin's Lymphoma This is a retrospective analysis of a homogeneous cohort of patients with relapsed/refractory HL that received IGEV scheme as induction therapy to HDCT and AHSCT for reassess the most common prognostic factors and try to identify a prognostic score with clinical and therapeutic relevance by using 6 clinical tools:

1. B symptoms(yes/no)
2. relapse in previously irradiated areas(yes/no)
3. Ann Arbor Stage (III/IV vs I/II)
4. disease status at accrual (refractory vs relapsed)
5. Early relapse within 12 months of Complete Response (CR) versus late relapse after Complete Response (CR) lasting \> l2 months"",
6. extranodal involvement (yes/no)."
NCT00978991,Duke Urology Database and Specimen Bank,"Prostate Cancer, Bladder Cancer, Erectile Dysfunction, Incontinence",The proposed project is aimed to build a Duke University-specific longitudinal urologic surgery database. It will be used as the main resource to support future research within Urology and Duke University.,,COMPLETED,"Duke Urology Database and Specimen Bank Prostate Cancer, Bladder Cancer, Erectile Dysfunction, Incontinence The proposed project is aimed to build a Duke University-specific longitudinal urologic surgery database. It will be used as the main resource to support future research within Urology and Duke University."
NCT00280891,Review of Palliative Radiotherapy in the Management of Advanced Head and Neck Cancer,Head and Neck Cancer,To describe the charactersitics of patients with advanced head and neck cancer treated with palliative intent and determine outcome in terms of symptom control and toxicity,,COMPLETED,Review of Palliative Radiotherapy in the Management of Advanced Head and Neck Cancer Head and Neck Cancer To describe the charactersitics of patients with advanced head and neck cancer treated with palliative intent and determine outcome in terms of symptom control and toxicity
NCT06956391,Ultralow Dose PET Imaging of 18F-FDG Uptake,"Healthy Volunteer, Cancer","The goal of this clinical trial is to evaluate an investigational ultralow dose PET imaging technique for cancer detection and monitoring. The main question it aims to answer is: Can the investigators optimize the timing, scan duration, and image reconstruction to reduce the radiation dose 10-100 fold of the current clinical standard? Participants will be injected with a radioactive tracer called 18F-FDG and be imaged on a new type of high-sensitivity PET scanner for up to 3 hours.",PHASE2,RECRUITING,"Ultralow Dose PET Imaging of 18F-FDG Uptake Healthy Volunteer, Cancer The goal of this clinical trial is to evaluate an investigational ultralow dose PET imaging technique for cancer detection and monitoring. The main question it aims to answer is: Can the investigators optimize the timing, scan duration, and image reconstruction to reduce the radiation dose 10-100 fold of the current clinical standard? Participants will be injected with a radioactive tracer called 18F-FDG and be imaged on a new type of high-sensitivity PET scanner for up to 3 hours."
NCT05014191,Treatment Positioning in Vulvar Cancer Radiation Therapy,Radiation Toxicity,"The study investigators will conduct a prospective study on patients with non-metastatic vulvar cancer who will receive radiation treatment using Volumetric Arc Therapy (VMAT) modality with curative intent. Our aim is to compare straight-leg versus frog-leg position in terms of RTOG acute skin toxicity. Also, the study investigators will evaluate if positioning has an impact on the total treatment time and deviation on Cone Beam CT (CBCT) that might warrant re-simulation and consequently re-planning.",,COMPLETED,"Treatment Positioning in Vulvar Cancer Radiation Therapy Radiation Toxicity The study investigators will conduct a prospective study on patients with non-metastatic vulvar cancer who will receive radiation treatment using Volumetric Arc Therapy (VMAT) modality with curative intent. Our aim is to compare straight-leg versus frog-leg position in terms of RTOG acute skin toxicity. Also, the study investigators will evaluate if positioning has an impact on the total treatment time and deviation on Cone Beam CT (CBCT) that might warrant re-simulation and consequently re-planning."
NCT01985191,A Safety and Efficacy Study of SAR405838 and Pimasertib in Cancer Patients,Neoplasm Malignant,"Primary Objectives:

To determine the recommended Phase 2 dose of SAR405838 / pimasertib combination therapy in patients with solid tumors.

To assess the anti-tumor activities of SAR405838 / pimasertib in patients with solid tumors.

Secondary Objectives:

To characterize the pharmacokinetic profile of SAR405838 and pimasertib.

To evaluate the pharmacodynamic effect of the SAR405838 and pimasertib.

To characterize genetic status in tumor tissue and circulating tumor DNA.",PHASE1,COMPLETED,"A Safety and Efficacy Study of SAR405838 and Pimasertib in Cancer Patients Neoplasm Malignant Primary Objectives:

To determine the recommended Phase 2 dose of SAR405838 / pimasertib combination therapy in patients with solid tumors.

To assess the anti-tumor activities of SAR405838 / pimasertib in patients with solid tumors.

Secondary Objectives:

To characterize the pharmacokinetic profile of SAR405838 and pimasertib.

To evaluate the pharmacodynamic effect of the SAR405838 and pimasertib.

To characterize genetic status in tumor tissue and circulating tumor DNA."
NCT00877474,"Phase I, Multicenter, Open-label, Dose-escalating, Clinical and Pharmacokinetic Study of PM01183 in Patients With Advanced Solid Tumors",ADVANCED SOLID TUMORS,"This is a phase I, multicenter, open-label, dose escalating clinical and pharmacokinetic study of PM01183 for patients with advanced solid tumors",PHASE1,COMPLETED,"Phase I, Multicenter, Open-label, Dose-escalating, Clinical and Pharmacokinetic Study of PM01183 in Patients With Advanced Solid Tumors ADVANCED SOLID TUMORS This is a phase I, multicenter, open-label, dose escalating clinical and pharmacokinetic study of PM01183 for patients with advanced solid tumors"
NCT05079074,Clinical Application of Circulating Tumor DNA (ctDNA) in Patients With Late-stage Breast Cancer,"Metastatic Breast Cancer, Circulating Tumor DNA, Gene Abnormality","This is a retrospective, observational, multi-center clinical study of circulating tumor DNA (ctDNA) application in late-stage breast cancers.",,COMPLETED,"Clinical Application of Circulating Tumor DNA (ctDNA) in Patients With Late-stage Breast Cancer Metastatic Breast Cancer, Circulating Tumor DNA, Gene Abnormality This is a retrospective, observational, multi-center clinical study of circulating tumor DNA (ctDNA) application in late-stage breast cancers."
NCT03212274,"Olaparib in Treating Patients With Advanced Glioma, Cholangiocarcinoma, or Solid Tumors With IDH1 or IDH2 Mutations","Advanced Malignant Solid Neoplasm, Glioblastoma, Recurrent Cholangiocarcinoma, Recurrent Glioma, Recurrent Malignant Solid Neoplasm, WHO Grade 2 Glioma, WHO Grade 3 Glioma","This phase II trial studies how well olaparib works in treating patients with glioma, cholangiocarcinoma, or solid tumors with IDH1 or IDH2 mutations that has spread from where it first started (primary site) to other places in the body (metastatic) and that does not respond to treatment (refractory). Olaparib may stop the growth of tumor cells by blocking some of the enzymes needed for cell growth.",PHASE2,ACTIVE_NOT_RECRUITING,"Olaparib in Treating Patients With Advanced Glioma, Cholangiocarcinoma, or Solid Tumors With IDH1 or IDH2 Mutations Advanced Malignant Solid Neoplasm, Glioblastoma, Recurrent Cholangiocarcinoma, Recurrent Glioma, Recurrent Malignant Solid Neoplasm, WHO Grade 2 Glioma, WHO Grade 3 Glioma This phase II trial studies how well olaparib works in treating patients with glioma, cholangiocarcinoma, or solid tumors with IDH1 or IDH2 mutations that has spread from where it first started (primary site) to other places in the body (metastatic) and that does not respond to treatment (refractory). Olaparib may stop the growth of tumor cells by blocking some of the enzymes needed for cell growth."
NCT02076074,Single Fraction High-Gradient Partial Breast Irradiation in Treating Patients With Low-Risk Stage 0-I Breast Cancer,Breast Neoplasms,"This phase I/II clinical trial studies the side effects of delivering radiation therapy in a single session instead of multiple treatments over several weeks and to see how well it works in treating patients with low-risk stage 0-I breast cancer. Partial-breast irradiation, a type of radiation therapy focused only to the part of the breast that has cancer in it, given at a lower dose than standard whole-breast radiation therapy. Single fraction high-gradient partial-breast irradiation may cause fewer side effects, help prevent breast cancer from coming back, and improve the appearance of the breast and quality of life of patients with breast cancer.",NA,COMPLETED,"Single Fraction High-Gradient Partial Breast Irradiation in Treating Patients With Low-Risk Stage 0-I Breast Cancer Breast Neoplasms This phase I/II clinical trial studies the side effects of delivering radiation therapy in a single session instead of multiple treatments over several weeks and to see how well it works in treating patients with low-risk stage 0-I breast cancer. Partial-breast irradiation, a type of radiation therapy focused only to the part of the breast that has cancer in it, given at a lower dose than standard whole-breast radiation therapy. Single fraction high-gradient partial-breast irradiation may cause fewer side effects, help prevent breast cancer from coming back, and improve the appearance of the breast and quality of life of patients with breast cancer."
NCT06260774,Study of TTX-MC138 in Subjects With Advanced Solid Tumors,Advanced Solid Tumor,"A Phase 1/2 Multicenter, Open-Label, Dose-Escalation and Expansion Study of TTX MC138 in Subjects with Advanced Solid Tumors","PHASE1, PHASE2",ACTIVE_NOT_RECRUITING,"Study of TTX-MC138 in Subjects With Advanced Solid Tumors Advanced Solid Tumor A Phase 1/2 Multicenter, Open-Label, Dose-Escalation and Expansion Study of TTX MC138 in Subjects with Advanced Solid Tumors"
NCT05902390,The Long-term Benefit of Hydrogel Spacer in Reducing Rectal Radiation Dose in Cervical Cancer Radiation Therapy.,Uterine Cervical Neoplasms,"This study is an exploratory study based on the previous study "" A prospective, multicenter, randomized, parallel arm-controlled, superiority clinical study to evaluate the role of hydrogel spacer in reducing rectal radiation dose in cervical cancer radiation therapy"", in which additional follow up study on the subjects of the previous study were conducted. Subjects (6 subjects in Phase I; 100 subjects in Phase II, 50 in the test group and 50 in the control group) who completed the pre-study will be enrolled in this study if they are willing to participate in the long-term follow-up by signing the informed consent form.",NA,UNKNOWN,"The Long-term Benefit of Hydrogel Spacer in Reducing Rectal Radiation Dose in Cervical Cancer Radiation Therapy. Uterine Cervical Neoplasms This study is an exploratory study based on the previous study "" A prospective, multicenter, randomized, parallel arm-controlled, superiority clinical study to evaluate the role of hydrogel spacer in reducing rectal radiation dose in cervical cancer radiation therapy"", in which additional follow up study on the subjects of the previous study were conducted. Subjects (6 subjects in Phase I; 100 subjects in Phase II, 50 in the test group and 50 in the control group) who completed the pre-study will be enrolled in this study if they are willing to participate in the long-term follow-up by signing the informed consent form."
NCT02926690,Safety Study of MELK Inhibitor to Treat Patients With Advanced Breast Cancer and Triple Negative Breast Cancer,Relapsed/Refractory Locally Advanced or Metastatic Breast Cancer and Triple Negative Breast Cancer,The purpose of this study is to determine the maximum tolerated dose (MTD) of OTS167 administered via oral capsule (PO) to patients with relapsed/refractory locally advanced or metastatic breast cancer.,PHASE1,RECRUITING,Safety Study of MELK Inhibitor to Treat Patients With Advanced Breast Cancer and Triple Negative Breast Cancer Relapsed/Refractory Locally Advanced or Metastatic Breast Cancer and Triple Negative Breast Cancer The purpose of this study is to determine the maximum tolerated dose (MTD) of OTS167 administered via oral capsule (PO) to patients with relapsed/refractory locally advanced or metastatic breast cancer.
NCT02444897,The Comparison Between Epidural and Intravenous Patient-controlled Analgesia for Laparoscopic Gastrectomy,Gastric Cancer,This study was designed to assess the effectiveness of epidural patient-controlled analgesia compared to intravenous patient-controlled analgesia in patients undergoing laparoscopic gastrectomy. The investigators hypothesized that epidural PCA would be more effective in pain control than IV PCA even for laparoscopic gastrectomy.,PHASE3,COMPLETED,The Comparison Between Epidural and Intravenous Patient-controlled Analgesia for Laparoscopic Gastrectomy Gastric Cancer This study was designed to assess the effectiveness of epidural patient-controlled analgesia compared to intravenous patient-controlled analgesia in patients undergoing laparoscopic gastrectomy. The investigators hypothesized that epidural PCA would be more effective in pain control than IV PCA even for laparoscopic gastrectomy.
NCT06786897,Expectations of Patients in Palliative Situation,Acute Myeloid Leukemia,"To date, there is a lack of data about the benefit of blood cell transfusions for patients diagnosed of a hematologic malignancy who are not eligible for curative treatments. Furthermore, there is no clear guideline about how to transfuse these patients and when the blood cell transfusions should be stopped.

Allogenic stem cell transplantation is nowadays the only curative treatment for patients with high-risk myeloid neoplasms. Knowing that the median age at diagnostic for acute myeloid leukemia is 68 years and this incidence increases after 65 years, a lot of patients won't be eligible for allogenic stem cell transplantation.

Besides, patients with haematologic malignancies are prone to cytopenias, due to their pathology and the treatments used to limit its progression. A study estimate that these patients need a median of 4 blood cell units per month, and it is known that repeated transfusions are associated with an increased risk of dying in hospital.

Finally, it is estimate that there was a lack of 20 000 blood cell units in France in 2022.

It therefore seems essential to find ways to optimize blood transfusion prescriptions in this population of patients who won't be eligible for curative treatments, with the main idea of maintaining or even improving their quality of life.

The investigators will study the expectations of patients in palliative situation, paramedics and medical staff concerning blood cell transfusions, by asking them if whether or not they believe that the transfusion planed to be administer will benefit the patient. To do this, investigators will distribute questionnaires before each blood cell transfusions to patients who will be included, to the paramedic who administered the transfusion and to the physician who prescribed the transfusion.

It is to investigators knowledge the first study to compare the expectations of patients in palliative situation, paramedics and medical staff concerning blood cell transfusions in hematology department, and follow the evolution of these expectations prospectively.",,NOT_YET_RECRUITING,"Expectations of Patients in Palliative Situation Acute Myeloid Leukemia To date, there is a lack of data about the benefit of blood cell transfusions for patients diagnosed of a hematologic malignancy who are not eligible for curative treatments. Furthermore, there is no clear guideline about how to transfuse these patients and when the blood cell transfusions should be stopped.

Allogenic stem cell transplantation is nowadays the only curative treatment for patients with high-risk myeloid neoplasms. Knowing that the median age at diagnostic for acute myeloid leukemia is 68 years and this incidence increases after 65 years, a lot of patients won't be eligible for allogenic stem cell transplantation.

Besides, patients with haematologic malignancies are prone to cytopenias, due to their pathology and the treatments used to limit its progression. A study estimate that these patients need a median of 4 blood cell units per month, and it is known that repeated transfusions are associated with an increased risk of dying in hospital.

Finally, it is estimate that there was a lack of 20 000 blood cell units in France in 2022.

It therefore seems essential to find ways to optimize blood transfusion prescriptions in this population of patients who won't be eligible for curative treatments, with the main idea of maintaining or even improving their quality of life.

The investigators will study the expectations of patients in palliative situation, paramedics and medical staff concerning blood cell transfusions, by asking them if whether or not they believe that the transfusion planed to be administer will benefit the patient. To do this, investigators will distribute questionnaires before each blood cell transfusions to patients who will be included, to the paramedic who administered the transfusion and to the physician who prescribed the transfusion.

It is to investigators knowledge the first study to compare the expectations of patients in palliative situation, paramedics and medical staff concerning blood cell transfusions in hematology department, and follow the evolution of these expectations prospectively."
NCT04550897,A Phase I/II Study With BM7PE Immunotoxin in Colorectal Cancer Patients,Colorectal Cancer Metastatic,"This phase 1/2 study will evaluate the safety, tolerance and dose of BM7PE treating patients with colorectal cancer who have progressed to standard cell therapy or cannot tolerate such therapy. The study starts as a phase 1 study with the aim of assessing the final recommended dose of BM7PE for this group of patients. Based on the results, the study will continue into a phase 2. The phase 2 study aim to examine overall survival ≥ 9.3 months.","PHASE1, PHASE2",TERMINATED,"A Phase I/II Study With BM7PE Immunotoxin in Colorectal Cancer Patients Colorectal Cancer Metastatic This phase 1/2 study will evaluate the safety, tolerance and dose of BM7PE treating patients with colorectal cancer who have progressed to standard cell therapy or cannot tolerate such therapy. The study starts as a phase 1 study with the aim of assessing the final recommended dose of BM7PE for this group of patients. Based on the results, the study will continue into a phase 2. The phase 2 study aim to examine overall survival ≥ 9.3 months."
NCT02893410,Drug Observance and Side Effects of Cytoreductive Drugs in PV and ET Patients,"Polycythemia Vera, Essential Thrombocythemia","Patients treated with oral or sub-cutaneous drugs for polycythemia vera or essential thrombocythemia completed an unique paper questionnaire in order to describe their observance, the side effects and their own appreciation of the taken drug.",,COMPLETED,"Drug Observance and Side Effects of Cytoreductive Drugs in PV and ET Patients Polycythemia Vera, Essential Thrombocythemia Patients treated with oral or sub-cutaneous drugs for polycythemia vera or essential thrombocythemia completed an unique paper questionnaire in order to describe their observance, the side effects and their own appreciation of the taken drug."
NCT04737213,SGM-101 in Colorectal Lung Metastases,"Colorectal Cancer, Metastatic Colon Cancer","Near-infrared fluorescence-guided oncologic surgery (FGOS) with the use of a tumor specific tracer (SGM-101) developed by Surgimab can provide valuable intra-operative information about tumor location and extensiveness. SGM-101 already proven to be safe and valuable in colorectal cancer.

This study aims to prove feasibility for colorectal lung metastases.",PHASE2,UNKNOWN,"SGM-101 in Colorectal Lung Metastases Colorectal Cancer, Metastatic Colon Cancer Near-infrared fluorescence-guided oncologic surgery (FGOS) with the use of a tumor specific tracer (SGM-101) developed by Surgimab can provide valuable intra-operative information about tumor location and extensiveness. SGM-101 already proven to be safe and valuable in colorectal cancer.

This study aims to prove feasibility for colorectal lung metastases."
NCT04924413,L-TIL Plus Tislelizumab as First-line Treatment in Advanced Malignant Melanoma,Malignant Melanoma,"The main purpose of this study is to evaluate the safety and effectiveness of liquid tumor infiltrating lymphocytes (L-TIL) combined with tislelizumab as the first-line treatment in patients with advanced malignant melanoma. This study plan to include stage III or IV unresectable or metastatic cutaneous or acral malignant melanoma patients, treat with L-TIL 4 cycles with each infusion (3 -10) x10\*9/m2 cells, combined with tislelizumab 200mg, iv, Q3W. It is expected that 30 patients will be enrolled in this study.",PHASE2,TERMINATED,"L-TIL Plus Tislelizumab as First-line Treatment in Advanced Malignant Melanoma Malignant Melanoma The main purpose of this study is to evaluate the safety and effectiveness of liquid tumor infiltrating lymphocytes (L-TIL) combined with tislelizumab as the first-line treatment in patients with advanced malignant melanoma. This study plan to include stage III or IV unresectable or metastatic cutaneous or acral malignant melanoma patients, treat with L-TIL 4 cycles with each infusion (3 -10) x10\*9/m2 cells, combined with tislelizumab 200mg, iv, Q3W. It is expected that 30 patients will be enrolled in this study."
NCT05380713,......SMARTEST Trial......,"Mesothelioma, Malignant",The SMARTEST trial is a phase II non-blinded randomized trial designed to evaluate the benefit of low dose cyclophosphamide in sequential combination with sub-ablative radiation (Arm A) versus sub-ablative radiation alone (Arm B) before surgery as well as the safety and efficacy of consolidation tremelimumab-durvalumab for eligible patients after surgery in both arms.,PHASE2,COMPLETED,"......SMARTEST Trial...... Mesothelioma, Malignant The SMARTEST trial is a phase II non-blinded randomized trial designed to evaluate the benefit of low dose cyclophosphamide in sequential combination with sub-ablative radiation (Arm A) versus sub-ablative radiation alone (Arm B) before surgery as well as the safety and efficacy of consolidation tremelimumab-durvalumab for eligible patients after surgery in both arms."
NCT07454460,AYA-PeerConnect: A Communication Coaching Intervention for Adolescent/Young Adult Cancer Survivors (AYACS),"Communication, Anxiety, Depression, Social Isolation","This research is being done to test a communication coaching intervention pilot designed to improve communication quality between adolescent/young adult cancer survivors (AYACS) and their friends/peers. The results of the study will help to understand how to best support adolescent/young adult cancer survivors, and may inform the development or future implementation of similar programs for cancer survivor populations.",NA,RECRUITING,"AYA-PeerConnect: A Communication Coaching Intervention for Adolescent/Young Adult Cancer Survivors (AYACS) Communication, Anxiety, Depression, Social Isolation This research is being done to test a communication coaching intervention pilot designed to improve communication quality between adolescent/young adult cancer survivors (AYACS) and their friends/peers. The results of the study will help to understand how to best support adolescent/young adult cancer survivors, and may inform the development or future implementation of similar programs for cancer survivor populations."
NCT03467360,Phase I Trial of CArbonic Anhydrase Inhibition in Combination With Radiochemotherapy or Radioimmunotherapy in Small Cell Lung Carcinoma,Small Cell Lung Cancer,"The investigators propose to study the carbonic anhydrase inhibition (acetazolamide) associated with concomitant radiochemotherapy or radioimmunotherapy in small cell lung cancer due to:

1. The over-expression of carbonic anhydrases in this type of cancer,
2. The Anti-tumor effect in preclinical acetazolamide in various tumor lines including neuroendocrine tumor lines,
3. The observed synergy between irradiation and inhibition of carbonic anhydrases,
4. Potential anti-tumor immune effect caused by decreased extracellular acidity.",PHASE1,RECRUITING,"Phase I Trial of CArbonic Anhydrase Inhibition in Combination With Radiochemotherapy or Radioimmunotherapy in Small Cell Lung Carcinoma Small Cell Lung Cancer The investigators propose to study the carbonic anhydrase inhibition (acetazolamide) associated with concomitant radiochemotherapy or radioimmunotherapy in small cell lung cancer due to:

1. The over-expression of carbonic anhydrases in this type of cancer,
2. The Anti-tumor effect in preclinical acetazolamide in various tumor lines including neuroendocrine tumor lines,
3. The observed synergy between irradiation and inhibition of carbonic anhydrases,
4. Potential anti-tumor immune effect caused by decreased extracellular acidity."
NCT01245660,A Phase 0 of Neoadjuvant Lapatinib in Infiltrative Bladder Carcinoma Before Cystectomy,"Bladder Carcinoma, Infiltrative Bladder Carcinoma, Cystectomy","Modification of the EGF signalling pathway and / or HER 2, by Lapatinib in bladder cancer.",EARLY_PHASE1,TERMINATED,"A Phase 0 of Neoadjuvant Lapatinib in Infiltrative Bladder Carcinoma Before Cystectomy Bladder Carcinoma, Infiltrative Bladder Carcinoma, Cystectomy Modification of the EGF signalling pathway and / or HER 2, by Lapatinib in bladder cancer."
NCT05578820,"Safety, Tolerability and Pharmacokinetics Investigation of Stimotimagene Copolymerplasmid","Sarcoma, Melanoma, Squamous Cell Carcinoma of Head and Neck, Breast Neoplasms, Uterine Cervical Neoplasms, Vulvar Neoplasms, Penile Neoplasms, Anus Neoplasms",The purpose of this study is to evaluate the safety and tolerability of different doses and administration regimens of Stimotimagene copolymerplasmid in patients with histologically confirmed diagnosis of solid tumor and/or its metastases.,PHASE1,COMPLETED,"Safety, Tolerability and Pharmacokinetics Investigation of Stimotimagene Copolymerplasmid Sarcoma, Melanoma, Squamous Cell Carcinoma of Head and Neck, Breast Neoplasms, Uterine Cervical Neoplasms, Vulvar Neoplasms, Penile Neoplasms, Anus Neoplasms The purpose of this study is to evaluate the safety and tolerability of different doses and administration regimens of Stimotimagene copolymerplasmid in patients with histologically confirmed diagnosis of solid tumor and/or its metastases."
NCT06830720,A Non-interventional Study for Kisqali (Ribociclib) in Combination With an Aromatase Inhibitor for Adjuvant Treatment in Patients With HR+/HER2- Early Breast Cancer at High Risk of Recurrence,Breast Neoplasms,"This non-interventional observational study evaluates the real-world effectiveness and safety profile of ribociclib in combination with an aromatase inhibitor for adjuvant treatment in patients with HR+/HER2- early breast cancer at high risk of recurrence, as well as patient compliance and quality of life.",,RECRUITING,"A Non-interventional Study for Kisqali (Ribociclib) in Combination With an Aromatase Inhibitor for Adjuvant Treatment in Patients With HR+/HER2- Early Breast Cancer at High Risk of Recurrence Breast Neoplasms This non-interventional observational study evaluates the real-world effectiveness and safety profile of ribociclib in combination with an aromatase inhibitor for adjuvant treatment in patients with HR+/HER2- early breast cancer at high risk of recurrence, as well as patient compliance and quality of life."
NCT05052723,Cabozantinib and Pembrolizumab in Metastatic Pancreas,Pancreatic Cancer,This study aims to evaluate cabozantinib and pembrolizumab for the treatment of metastatic pancreatic adenocarcinoma.,PHASE2,COMPLETED,Cabozantinib and Pembrolizumab in Metastatic Pancreas Pancreatic Cancer This study aims to evaluate cabozantinib and pembrolizumab for the treatment of metastatic pancreatic adenocarcinoma.
NCT05922423,Exploration of Management Model and Intervention Research on Fear of Cancer Recurrence,Cancer Patients,"1. Through cross-sectional investigation and research, construct an fear of cancer recurrence warning model to identify and screen high fear of cancer recurrencecancer populations, in order to identify predictive factors for high fear of cancer recurrence, study how cancer patients develop susceptibility to fear of cancer recurrence during the diagnosis and treatment process, including which participating factors, explore the development trajectory of fear of cancer recurrence, and effectively prevent the occurrence of high-level fear of cancer recurrence.
2. Through randomized controlled trials, conduct a study on mindfulness and stress reduction psychosocial intervention for high-level fear of cancer recurrence patients, verify the effectiveness of psychosocial intervention measures targeting domestic cancer populations, and improve standardized intervention methods, intervention time, and treatment content.",NA,UNKNOWN,"Exploration of Management Model and Intervention Research on Fear of Cancer Recurrence Cancer Patients 1. Through cross-sectional investigation and research, construct an fear of cancer recurrence warning model to identify and screen high fear of cancer recurrencecancer populations, in order to identify predictive factors for high fear of cancer recurrence, study how cancer patients develop susceptibility to fear of cancer recurrence during the diagnosis and treatment process, including which participating factors, explore the development trajectory of fear of cancer recurrence, and effectively prevent the occurrence of high-level fear of cancer recurrence.
2. Through randomized controlled trials, conduct a study on mindfulness and stress reduction psychosocial intervention for high-level fear of cancer recurrence patients, verify the effectiveness of psychosocial intervention measures targeting domestic cancer populations, and improve standardized intervention methods, intervention time, and treatment content."
NCT03270059,Gadolinium and Ferumoxytol MRI in Diagnosing Patients With Abnormalities in the Central Nervous System,"Central Nervous System Neoplasm, Cranial Nerve Disorder, Metastatic Malignant Neoplasm in the Brain","This phase II trial studies how well gadolinium and ferumoxytol magnetic resonance imaging (MRI) work in diagnosing patients with abnormalities in the central nervous system. Diagnostic procedures, such as gadolinium and ferumoxytol MRI, may help find and diagnose abnormalities in the central nervous system.",PHASE2,RECRUITING,"Gadolinium and Ferumoxytol MRI in Diagnosing Patients With Abnormalities in the Central Nervous System Central Nervous System Neoplasm, Cranial Nerve Disorder, Metastatic Malignant Neoplasm in the Brain This phase II trial studies how well gadolinium and ferumoxytol magnetic resonance imaging (MRI) work in diagnosing patients with abnormalities in the central nervous system. Diagnostic procedures, such as gadolinium and ferumoxytol MRI, may help find and diagnose abnormalities in the central nervous system."
NCT01455259,Phase I/IIa AdCD40L Immunogene Therapy for Malignant Melanoma and Other Solid Tumors,Malignant Melanoma,"In this phase I/II trial, immunostimulatory gene therapy (AdCD40L) will be investigated. In Part 1 patients with melanoma will receive AdCD40L as mono therapy. In Part 2A, patients with melanoma and patients with other solid tumors will receive AdCD40L in combination with low dose cyclophosphamide. In Part 2B, patients with melanoma will receive AdCD40L in combination with one local radiotherapy and cyclophosphamide.","PHASE1, PHASE2",COMPLETED,"Phase I/IIa AdCD40L Immunogene Therapy for Malignant Melanoma and Other Solid Tumors Malignant Melanoma In this phase I/II trial, immunostimulatory gene therapy (AdCD40L) will be investigated. In Part 1 patients with melanoma will receive AdCD40L as mono therapy. In Part 2A, patients with melanoma and patients with other solid tumors will receive AdCD40L in combination with low dose cyclophosphamide. In Part 2B, patients with melanoma will receive AdCD40L in combination with one local radiotherapy and cyclophosphamide."
NCT00490659,Trial of Perioperative Chemotherapy (Gemcitabine and Cisplatin) and Adjuvant Chemoradiotherapy (With Weekly Low Dose Gemcitabine) in Patients With Lung Cancer With Positive Nodes,Non-Small Cell Lung Cancer,"The purpose of this study is to test feasibility, toxicity and efficacy of two different adjuvant treatment schedules in Stage II-IIIa Non-small cell lung cancer patients with positive lymph nodes.",PHASE2,COMPLETED,"Trial of Perioperative Chemotherapy (Gemcitabine and Cisplatin) and Adjuvant Chemoradiotherapy (With Weekly Low Dose Gemcitabine) in Patients With Lung Cancer With Positive Nodes Non-Small Cell Lung Cancer The purpose of this study is to test feasibility, toxicity and efficacy of two different adjuvant treatment schedules in Stage II-IIIa Non-small cell lung cancer patients with positive lymph nodes."
NCT01465659,Temozolomide and Pazopanib Hydrochloride in Treating Patients With Advanced Pancreatic Neuroendocrine Tumors That Cannot Be Removed By Surgery,"Pancreatic Alpha Cell Carcinoma, Pancreatic Beta Islet Cell Carcinoma, Pancreatic Delta Cell Carcinoma, Pancreatic G-cell Carcinoma, Recurrent Islet Cell Carcinoma","This phase I/II trial studies the side effects and best dose of temozolomide and pazopanib hydrochloride when given together and to see how well they work in treating patients with advanced pancreatic neuroendocrine tumors (PNET) that cannot be removed by surgery. Drugs used in chemotherapy, such as temozolomide, work in different ways to stop the growth of tumor cells, either by killing the cells or by stopping them from dividing. Pazopanib hydrochloride may stop the growth of tumor cells by blocking some of the enzymes needed for tumor growth. Giving temozolomide together with pazopanib hydrochloride may be an effective treatment for patients with PNET.","PHASE1, PHASE2",COMPLETED,"Temozolomide and Pazopanib Hydrochloride in Treating Patients With Advanced Pancreatic Neuroendocrine Tumors That Cannot Be Removed By Surgery Pancreatic Alpha Cell Carcinoma, Pancreatic Beta Islet Cell Carcinoma, Pancreatic Delta Cell Carcinoma, Pancreatic G-cell Carcinoma, Recurrent Islet Cell Carcinoma This phase I/II trial studies the side effects and best dose of temozolomide and pazopanib hydrochloride when given together and to see how well they work in treating patients with advanced pancreatic neuroendocrine tumors (PNET) that cannot be removed by surgery. Drugs used in chemotherapy, such as temozolomide, work in different ways to stop the growth of tumor cells, either by killing the cells or by stopping them from dividing. Pazopanib hydrochloride may stop the growth of tumor cells by blocking some of the enzymes needed for tumor growth. Giving temozolomide together with pazopanib hydrochloride may be an effective treatment for patients with PNET."
NCT02243579,Pembrolizumab in Treating Patients With Relapsed or Refractory Stage IB-IVB Mycosis Fungoides or Sezary Syndrome,"Recurrent Mycosis Fungoides and Sezary Syndrome, Refractory Mycosis Fungoides and Sezary Syndrome, Stage IB Mycosis Fungoides and Sezary Syndrome AJCC v7, Stage IIA Mycosis Fungoides and Sezary Syndrome AJCC v7, Stage IIB Mycosis Fungoides and Sezary Syndrome AJCC v7, Stage IIIA Mycosis Fungoides and Sezary Syndrome AJCC v7, Stage IIIB Mycosis Fungoides and Sezary Syndrome AJCC v7, Stage IVA Mycosis Fungoides and Sezary Syndrome AJCC v7, Stage IVB Mycosis Fungoides and Sezary Syndrome AJCC v7","This phase II trial studies how well pembrolizumab works in treating patients with stage IB-IVB mycosis fungoides or Sezary syndrome that has returned after a period of improvement or has not responded to at least one type of treatment. Monoclonal antibodies, such as pembrolizumab, may block cancer growth in different ways by targeting certain cells.",PHASE2,COMPLETED,"Pembrolizumab in Treating Patients With Relapsed or Refractory Stage IB-IVB Mycosis Fungoides or Sezary Syndrome Recurrent Mycosis Fungoides and Sezary Syndrome, Refractory Mycosis Fungoides and Sezary Syndrome, Stage IB Mycosis Fungoides and Sezary Syndrome AJCC v7, Stage IIA Mycosis Fungoides and Sezary Syndrome AJCC v7, Stage IIB Mycosis Fungoides and Sezary Syndrome AJCC v7, Stage IIIA Mycosis Fungoides and Sezary Syndrome AJCC v7, Stage IIIB Mycosis Fungoides and Sezary Syndrome AJCC v7, Stage IVA Mycosis Fungoides and Sezary Syndrome AJCC v7, Stage IVB Mycosis Fungoides and Sezary Syndrome AJCC v7 This phase II trial studies how well pembrolizumab works in treating patients with stage IB-IVB mycosis fungoides or Sezary syndrome that has returned after a period of improvement or has not responded to at least one type of treatment. Monoclonal antibodies, such as pembrolizumab, may block cancer growth in different ways by targeting certain cells."
NCT02282579,Spanish Retrospective Study to Evaluate the Efficacy and Safety of Targeted Therapies After Pazopanib as First-line Therapy,Metastatic Renal Cell Carcinoma,The purpose of this retrospective observational study was to analyze the effect of targeted therapies administered as second-line treatment after failure of pazopanib as well as increase the amount of information available on efficacy and safety of pazopanib as a first-line therapy in practice usual for the clinical treatment of metastatic Renal Carcinoma.,,COMPLETED,Spanish Retrospective Study to Evaluate the Efficacy and Safety of Targeted Therapies After Pazopanib as First-line Therapy Metastatic Renal Cell Carcinoma The purpose of this retrospective observational study was to analyze the effect of targeted therapies administered as second-line treatment after failure of pazopanib as well as increase the amount of information available on efficacy and safety of pazopanib as a first-line therapy in practice usual for the clinical treatment of metastatic Renal Carcinoma.
NCT05008796,PD-L1 Expression on CTCs in HNSCC Patients Underwent Curative CCRT,"Head and Neck Squamous Cell Carcinoma, Circulating Tumor Cell","Head and neck squamous cell carcinoma (HNSCC) is the 4th highest incidence of cancer and 6th of cancer death of the males in Taiwan. Because the patients were mainly middle-aged male, the disease eventually resulted in a huge loss of labor force, productivity and a huge burden of family supports and medicinal costs. Unfortunately, the incidence and death of HNSCC seemed to be increasing in Taiwan. Currently, the primary treatments of HNSCC are mainly surgery, radiotherapy, chemotherapy or targeted therapy or concurrent chemoradiotherapy. Immune checkpoint inhibitors become an emerging treatment in recent days. However, how to select adequate patient by using biomarkers remains an unsolved problem. Therefore, investigator have developed a new method for isolation and detection of circulating tumor cells (CTCs) in HNSCC patients. Moreover, the expression of immune markers (such as PD-L1, PD-L2, PD-1) on CTCs or immune cells might be a good target to study. Investigator's preliminary data found CTCs and circulating cancer stem-like cells but not PD-1 expression levels on peripheral T cells in patients with recurrence or metastasis HNSCC did not associated with overall survival. Therefore, investigators are wondering if PD-L1 more specific due to it expression on cancer cells. Therefore, in the 3-year project, investigators will utilize developing device and protocol in first year and then enroll 40 freshly diagnosed participants with head and neck cancer at stage III-IV with intent to receive curative concurrent chemo-radiotherapy (CCRT), and then analyze CTCs, PD-L1 expression levels on CTCs. Blood sample will be taken before, during (definition: 3-6 weeks after start RT) and after (definition: 4 +/-2 weeks after complete CCRT) completion of CCRT. Investigators will also enroll 10 health participants and taking blood sample for 3 times and follow up. Further statistical tests with clinical conditions (disease status, treatment effects, progression or distant metastasis and death) will be performed to elucidate their clinical significance. Hopefully, investigators will clarify the correlation between clinical outcomes and expression of PD-L1 on CTCs in head and neck patients. This could be a new biomarker for clinical cancer care.",,UNKNOWN,"PD-L1 Expression on CTCs in HNSCC Patients Underwent Curative CCRT Head and Neck Squamous Cell Carcinoma, Circulating Tumor Cell Head and neck squamous cell carcinoma (HNSCC) is the 4th highest incidence of cancer and 6th of cancer death of the males in Taiwan. Because the patients were mainly middle-aged male, the disease eventually resulted in a huge loss of labor force, productivity and a huge burden of family supports and medicinal costs. Unfortunately, the incidence and death of HNSCC seemed to be increasing in Taiwan. Currently, the primary treatments of HNSCC are mainly surgery, radiotherapy, chemotherapy or targeted therapy or concurrent chemoradiotherapy. Immune checkpoint inhibitors become an emerging treatment in recent days. However, how to select adequate patient by using biomarkers remains an unsolved problem. Therefore, investigator have developed a new method for isolation and detection of circulating tumor cells (CTCs) in HNSCC patients. Moreover, the expression of immune markers (such as PD-L1, PD-L2, PD-1) on CTCs or immune cells might be a good target to study. Investigator's preliminary data found CTCs and circulating cancer stem-like cells but not PD-1 expression levels on peripheral T cells in patients with recurrence or metastasis HNSCC did not associated with overall survival. Therefore, investigators are wondering if PD-L1 more specific due to it expression on cancer cells. Therefore, in the 3-year project, investigators will utilize developing device and protocol in first year and then enroll 40 freshly diagnosed participants with head and neck cancer at stage III-IV with intent to receive curative concurrent chemo-radiotherapy (CCRT), and then analyze CTCs, PD-L1 expression levels on CTCs. Blood sample will be taken before, during (definition: 3-6 weeks after start RT) and after (definition: 4 +/-2 weeks after complete CCRT) completion of CCRT. Investigators will also enroll 10 health participants and taking blood sample for 3 times and follow up. Further statistical tests with clinical conditions (disease status, treatment effects, progression or distant metastasis and death) will be performed to elucidate their clinical significance. Hopefully, investigators will clarify the correlation between clinical outcomes and expression of PD-L1 on CTCs in head and neck patients. This could be a new biomarker for clinical cancer care."
NCT05556096,Safety and Efficacy of ALXN1720 in Adults With Generalized Myasthenia Gravis,Generalized Myasthenia Gravis,The purpose of this study is to evaluate the safety and efficacy of ALXN1720 for the treatment of generalized MG (gMG) in adults with autoantibodies against acetylcholine receptor (AChR).,PHASE3,ACTIVE_NOT_RECRUITING,Safety and Efficacy of ALXN1720 in Adults With Generalized Myasthenia Gravis Generalized Myasthenia Gravis The purpose of this study is to evaluate the safety and efficacy of ALXN1720 for the treatment of generalized MG (gMG) in adults with autoantibodies against acetylcholine receptor (AChR).
NCT07296796,The Impact of Mindful Compassion on Sexual Functioning and Quality of Life in Home Hospice Care,"Sexual Function Disturbances, End of Life, Quality of Life, Well-Being, Psychological","Sexual dysfunction is commonly reported post cancer treatments. Indeed, sexual wellbeing can be affected by diagnosis, medication and cancer treatments, which can damage body tissues such as the vagina owing to radiation therapy, or insufficient lubrication caused by chemotherapy. Additionally, feeling sore, exhausted, anxious, depressed and 'not in the mood' further contribute to changes in sexual desire

Very few evidence based online interventions have been developed to address sexual difficulties post cancer treatments and in hospice at home care. This extends to well being and quality of life. Mindful compassion interventions has been based on a behavioural taxonomy to support the reliability of their delivery. Indeed, this study aims to identify and describe the key components and behaviour change techniques as part of the online intervention. These have been mapped to a behaviour change taxonomy with the view of supporting standardisation for future trial implementation. Therefore, the aim of this study is to examine the effectiveness of an online mindful compassion intervention using the 3 system model of emotions among a post cancer treatment group in hospice care, at the end of life, to improve quality of life. The study intends to provide preliminary estimates of pre-post intervention on a waitlist controlled randomised controlled trial looking at well being, sexual function, mindfulness and self compassion.

Quantitatively, the research is structured so that participants will be randomised to either the active experimental or delayed group. This intervention will be weekly for approximately 1 to 2 hours over 4 weeks. This A follow up at 12 weeks will be taken to determine the sustainability of this intervention. Feedback questions will also be given during the delivery of the intervention.",NA,COMPLETED,"The Impact of Mindful Compassion on Sexual Functioning and Quality of Life in Home Hospice Care Sexual Function Disturbances, End of Life, Quality of Life, Well-Being, Psychological Sexual dysfunction is commonly reported post cancer treatments. Indeed, sexual wellbeing can be affected by diagnosis, medication and cancer treatments, which can damage body tissues such as the vagina owing to radiation therapy, or insufficient lubrication caused by chemotherapy. Additionally, feeling sore, exhausted, anxious, depressed and 'not in the mood' further contribute to changes in sexual desire

Very few evidence based online interventions have been developed to address sexual difficulties post cancer treatments and in hospice at home care. This extends to well being and quality of life. Mindful compassion interventions has been based on a behavioural taxonomy to support the reliability of their delivery. Indeed, this study aims to identify and describe the key components and behaviour change techniques as part of the online intervention. These have been mapped to a behaviour change taxonomy with the view of supporting standardisation for future trial implementation. Therefore, the aim of this study is to examine the effectiveness of an online mindful compassion intervention using the 3 system model of emotions among a post cancer treatment group in hospice care, at the end of life, to improve quality of life. The study intends to provide preliminary estimates of pre-post intervention on a waitlist controlled randomised controlled trial looking at well being, sexual function, mindfulness and self compassion.

Quantitatively, the research is structured so that participants will be randomised to either the active experimental or delayed group. This intervention will be weekly for approximately 1 to 2 hours over 4 weeks. This A follow up at 12 weeks will be taken to determine the sustainability of this intervention. Feedback questions will also be given during the delivery of the intervention."
NCT02840162,Pre-Prostatectomy Celecoxib or Placebo,"Adenocarcinoma of the Prostate, Prostate Cancer","This study will seek to determine if the downstream effects of cyclooxygenase-2 (COX-2) inhibition suggested by preclinical systems occur in human prostate cancer. To answer this question, men who have chosen prostatectomy will be randomly assigned to preoperative treatment with celecoxib or placebo for four weeks. Carefully collected tumor, premalignant, and benign prostate tissue will then be examined for apoptosis, androgen receptor and prostaglandin E2 levels. Tumor COX-2 expression will be correlated with observed treatment effects. The data generated by this study will serve as a foundation for the development of COX-2 targeted therapies for prostate cancer, will provide preliminary evidence for larger scale clinical trials aimed at treatment and prevention of prostate cancer, and will validate current preclinical models used to study COX-2 in prostate cancer.",PHASE2,TERMINATED,"Pre-Prostatectomy Celecoxib or Placebo Adenocarcinoma of the Prostate, Prostate Cancer This study will seek to determine if the downstream effects of cyclooxygenase-2 (COX-2) inhibition suggested by preclinical systems occur in human prostate cancer. To answer this question, men who have chosen prostatectomy will be randomly assigned to preoperative treatment with celecoxib or placebo for four weeks. Carefully collected tumor, premalignant, and benign prostate tissue will then be examined for apoptosis, androgen receptor and prostaglandin E2 levels. Tumor COX-2 expression will be correlated with observed treatment effects. The data generated by this study will serve as a foundation for the development of COX-2 targeted therapies for prostate cancer, will provide preliminary evidence for larger scale clinical trials aimed at treatment and prevention of prostate cancer, and will validate current preclinical models used to study COX-2 in prostate cancer."
NCT02117362,Galectin Inhibitor (GR-MD-02) and Ipilimumab in Patients With Metastatic Melanoma,Metastatic Melanoma,"The goal of this study is to determine a safe dose of GR-MD-02 used in combination with the FDA-approved dose of ipilimumab (3 mg/kg) in patients who have advanced melanoma. GR-MD-02 is a galectin. Galectins are a family of proteins that have numerous functions in normal mammalian biology including the facilitation of cell-cell interactions, regulation of cell-death and regulation of immune system responses. The hypothesis is that a safe dose of GR-MD-02 when given with the FDA-approved dose of ipilimumab can be found.",PHASE1,COMPLETED,"Galectin Inhibitor (GR-MD-02) and Ipilimumab in Patients With Metastatic Melanoma Metastatic Melanoma The goal of this study is to determine a safe dose of GR-MD-02 used in combination with the FDA-approved dose of ipilimumab (3 mg/kg) in patients who have advanced melanoma. GR-MD-02 is a galectin. Galectins are a family of proteins that have numerous functions in normal mammalian biology including the facilitation of cell-cell interactions, regulation of cell-death and regulation of immune system responses. The hypothesis is that a safe dose of GR-MD-02 when given with the FDA-approved dose of ipilimumab can be found."
NCT05444062,Quebec Lung Cancer Screening PLUS Trial,"COPD, Coronary Artery Calcification",Does an educational intervention for untreated COPD and cardiovascular disease which is integrated in an existing lung cancer screening program improve guideline concordant medication adherence at 12 months,NA,ACTIVE_NOT_RECRUITING,"Quebec Lung Cancer Screening PLUS Trial COPD, Coronary Artery Calcification Does an educational intervention for untreated COPD and cardiovascular disease which is integrated in an existing lung cancer screening program improve guideline concordant medication adherence at 12 months"
NCT02384746,Phase I Study of the Combination of MLN9708 and Fulvestrant,Breast Cancer,"Participants in this study will have been diagnosed with advanced breast cancer that has become worse while being treated with fulvestrant. Participants will have estrogen-receptor positive disease, and have completed menopause.

There is information from research labs which suggests that drugs that work like MLN9708 help kill breast cancer cells that have been treated with fulvestrant. The purpose of the study is to determine the proper dose as well as the good and bad effects of MLN9708 when it is given in combination with fulvestrant. The Investigators also want to learn more about how the drug combination affects tumor cells.

The amount of MLN9708 participants receive will be determined by when they enter this study. Three different doses will be given to different participants. The Investigators expect to enroll a total of 12-18 people.",PHASE1,TERMINATED,"Phase I Study of the Combination of MLN9708 and Fulvestrant Breast Cancer Participants in this study will have been diagnosed with advanced breast cancer that has become worse while being treated with fulvestrant. Participants will have estrogen-receptor positive disease, and have completed menopause.

There is information from research labs which suggests that drugs that work like MLN9708 help kill breast cancer cells that have been treated with fulvestrant. The purpose of the study is to determine the proper dose as well as the good and bad effects of MLN9708 when it is given in combination with fulvestrant. The Investigators also want to learn more about how the drug combination affects tumor cells.

The amount of MLN9708 participants receive will be determined by when they enter this study. Three different doses will be given to different participants. The Investigators expect to enroll a total of 12-18 people."
NCT03439046,"Study of the Molecular Features of Postmenopausal Women With HR+ HER2-negative aBC on First-line Treatment With Ribociclib and Letrozole and, in Patients With a PIK3CA Mutation, on Second-line Treatment With Alpelisib Plus Fulvestrant",Breast Cancer,"The purpose of this clinical trial is to study of the molecular features of postmenopausal women with hormone receptor-positive (HR+) HER2-negative advanced breast cancer on first-line treatment with ribociclib and letrozole and, in patients with a PIK3CA mutation, on second-line treatment with alpelisib plus fulvestrant",PHASE3,COMPLETED,"Study of the Molecular Features of Postmenopausal Women With HR+ HER2-negative aBC on First-line Treatment With Ribociclib and Letrozole and, in Patients With a PIK3CA Mutation, on Second-line Treatment With Alpelisib Plus Fulvestrant Breast Cancer The purpose of this clinical trial is to study of the molecular features of postmenopausal women with hormone receptor-positive (HR+) HER2-negative advanced breast cancer on first-line treatment with ribociclib and letrozole and, in patients with a PIK3CA mutation, on second-line treatment with alpelisib plus fulvestrant"
NCT05438303,"Study to Assess the Effect of Co-Administration of AZD9833 on the Pharmacokinetics of Midazolam, of Omeprazole, of Celecoxib and of Dabigatran Etexilate in Healthy Postmenopausal Female Volunteers",Healthy Volunteers,"This study will be a fixed sequence drug-drug interaction study in healthy postmenopausal females, conducted at multiple study sites",PHASE1,COMPLETED,"Study to Assess the Effect of Co-Administration of AZD9833 on the Pharmacokinetics of Midazolam, of Omeprazole, of Celecoxib and of Dabigatran Etexilate in Healthy Postmenopausal Female Volunteers Healthy Volunteers This study will be a fixed sequence drug-drug interaction study in healthy postmenopausal females, conducted at multiple study sites"
NCT04497961,A Study of Health-Related Quality of Life in People With Multiple Myeloma Receiving Daratumumab or Lenalidomide,Multiple Myeloma,"The purpose of this study is to compare maintenance therapy approaches in people with newly diagnosed multiple myeloma (MM) that has responded well to a first round of treatment. The researchers will compare giving the usual maintenance therapy (lenalidomide) with giving daratumumab as maintenance therapy, and they will look at which drug gives participants a better health-related quality of life during treatment. The researchers will measure participants' quality of life using various questionnaires. This study will help researchers find out whether this different approach of giving daratumumab as maintenance therapy is better, the same as, or worse than the usual approach.",PHASE2,ACTIVE_NOT_RECRUITING,"A Study of Health-Related Quality of Life in People With Multiple Myeloma Receiving Daratumumab or Lenalidomide Multiple Myeloma The purpose of this study is to compare maintenance therapy approaches in people with newly diagnosed multiple myeloma (MM) that has responded well to a first round of treatment. The researchers will compare giving the usual maintenance therapy (lenalidomide) with giving daratumumab as maintenance therapy, and they will look at which drug gives participants a better health-related quality of life during treatment. The researchers will measure participants' quality of life using various questionnaires. This study will help researchers find out whether this different approach of giving daratumumab as maintenance therapy is better, the same as, or worse than the usual approach."
NCT04366661,Iraqi Trial for Lung Cancer Screening,Lung Cancer,"Lung cancer is a global problem. Worldwide, 1.2 million people die of lung cancer each year. In Iraq, lung cancer is the most common malignancy after breast cancer and the leading cause of cancer-related death. Tobacco smoking plays a major role in lung cancer; it is reported in 85-90% of lung cancer patients yet environmental tobacco smoke, environmental and domestic air pollution, work-related risk factors, radon exposure, and viruses may also have an impact on lung cancer incidence rates. Early detection of the disease before patients develop symptoms considers the best way to improve patient outcomes. IT LUCAS is designed to evaluate the utility of low-dose computed tomography (LDCT) screening in early detection and management of lung cancer in high-risk people.",NA,UNKNOWN,"Iraqi Trial for Lung Cancer Screening Lung Cancer Lung cancer is a global problem. Worldwide, 1.2 million people die of lung cancer each year. In Iraq, lung cancer is the most common malignancy after breast cancer and the leading cause of cancer-related death. Tobacco smoking plays a major role in lung cancer; it is reported in 85-90% of lung cancer patients yet environmental tobacco smoke, environmental and domestic air pollution, work-related risk factors, radon exposure, and viruses may also have an impact on lung cancer incidence rates. Early detection of the disease before patients develop symptoms considers the best way to improve patient outcomes. IT LUCAS is designed to evaluate the utility of low-dose computed tomography (LDCT) screening in early detection and management of lung cancer in high-risk people."
NCT00543842,"Bevacizumab, Erlotinib, and Capecitabine for Locally Advanced Rectal Cancer",Rectal Cancer,"The goal of this clinical research study is to find the highest tolerable dose of bevacizumab (Avastin) and erlotinib hydrochloride (Tarceva) that can be given in combination with standard radiation therapy and capecitabine before surgery to patients with rectal cancer. The safety and effectiveness of this combination of therapies will also be studied.

The goal of this Phase I trial was to determine the maximal tolerated dose (MTD) of concurrent capecitabine, bevacizumab and erlotinib with preoperative radiation therapy (RT) for rectal cancer. The trial completed as Phase I without progressing to the Phase II portion.",PHASE1,COMPLETED,"Bevacizumab, Erlotinib, and Capecitabine for Locally Advanced Rectal Cancer Rectal Cancer The goal of this clinical research study is to find the highest tolerable dose of bevacizumab (Avastin) and erlotinib hydrochloride (Tarceva) that can be given in combination with standard radiation therapy and capecitabine before surgery to patients with rectal cancer. The safety and effectiveness of this combination of therapies will also be studied.

The goal of this Phase I trial was to determine the maximal tolerated dose (MTD) of concurrent capecitabine, bevacizumab and erlotinib with preoperative radiation therapy (RT) for rectal cancer. The trial completed as Phase I without progressing to the Phase II portion."
NCT04603586,Stereotactic Radiotherapy in Locally Advanced Pancreatic Cancer With Different Biological Effective Doses,Treatment,"The aim of this study is to compare the safety and efficacy of SBRT in LAPC with different biological effective dose (BED) (\<70Gy Vs.\>70Gy ) , to identify a dose range that could achieve better survival benefit and minimize the toxicity of radiotherapy.",NA,COMPLETED,"Stereotactic Radiotherapy in Locally Advanced Pancreatic Cancer With Different Biological Effective Doses Treatment The aim of this study is to compare the safety and efficacy of SBRT in LAPC with different biological effective dose (BED) (\<70Gy Vs.\>70Gy ) , to identify a dose range that could achieve better survival benefit and minimize the toxicity of radiotherapy."
NCT06595186,JK-1201I Combined with Adjuvant Temozolomide in Patients with Newly Diagnosed Glioblastoma Multiforme (GBM),Glioblastoma Multiforme (GBM),"This study was designed to evaluate the safety, tolerability, efficacy and pharmacokinetics of JK-1201I combined with adjuvant temozolomide in patients with newly diagnosed glioblastoma multiforme after surgery and concomitant radio-chemotherapy.",PHASE2,RECRUITING,"JK-1201I Combined with Adjuvant Temozolomide in Patients with Newly Diagnosed Glioblastoma Multiforme (GBM) Glioblastoma Multiforme (GBM) This study was designed to evaluate the safety, tolerability, efficacy and pharmacokinetics of JK-1201I combined with adjuvant temozolomide in patients with newly diagnosed glioblastoma multiforme after surgery and concomitant radio-chemotherapy."
NCT04715386,Feasibility in the Prophylaxis of Radiation Dermatitis Severity,Radiation Dermatitis,To compare radiation dermatitis severity in irradiated skin protected by an agent verses uncovered skin based on photographs and track patient reported outcomes with use of the agent.,,TERMINATED,Feasibility in the Prophylaxis of Radiation Dermatitis Severity Radiation Dermatitis To compare radiation dermatitis severity in irradiated skin protected by an agent verses uncovered skin based on photographs and track patient reported outcomes with use of the agent.
NCT03503786,"Carboplatin, Paclitaxel With or Without Avelumab in Advanced or Recurrent Endometrial Cancer",Endometrial Cancer,This study aims to evaluate the safety and activity of the Avelumab in combination with Carboplatin-Paclitaxel in advanced or recurrent endometrial cancer,PHASE2,UNKNOWN,"Carboplatin, Paclitaxel With or Without Avelumab in Advanced or Recurrent Endometrial Cancer Endometrial Cancer This study aims to evaluate the safety and activity of the Avelumab in combination with Carboplatin-Paclitaxel in advanced or recurrent endometrial cancer"
NCT06818370,The Effect of Coconut Oil on Alopecia,Breast Cancer,İn this study will be conducted to evaluate the effect of coconut oil on alopecia in 86 female breast cancer patients treated at Dr Abdurrahman Yurtaslan Ankara Oncology Training and Research Hospital between 01.02.2025-31.12.2025.,NA,RECRUITING,The Effect of Coconut Oil on Alopecia Breast Cancer İn this study will be conducted to evaluate the effect of coconut oil on alopecia in 86 female breast cancer patients treated at Dr Abdurrahman Yurtaslan Ankara Oncology Training and Research Hospital between 01.02.2025-31.12.2025.
NCT04965870,A Study of Trifluridine/ Tipiracil in Chemorefractory mCRC in Greece,Metastatic Colorectal Cancer,Collection of real world data on the clinical efficacy of trifluridine/ tipiracil (FTD/TPI) in the Greek population.,,COMPLETED,A Study of Trifluridine/ Tipiracil in Chemorefractory mCRC in Greece Metastatic Colorectal Cancer Collection of real world data on the clinical efficacy of trifluridine/ tipiracil (FTD/TPI) in the Greek population.
NCT07521670,Sacituzumab Tirumotecan in Recurrent/Metastatic Adenoid Cystic Carcinoma and Papillary Thyroid Carcinoma (STRAP),"Recurrent Adenoid Cystic Carcinoma, Adenoid Cystic Carcinoma Metastatic, Papillary Thyroid Carcinoma","This is an open-label, investigator-initiated phase II clinical trial designed to evaluate the efficacy and safety of Sacituzumab Tirumotecan (sac-TMT) monotherapy in patients with recurrent or metastatic adenoid cystic carcinoma (ACC) of salivary gland origin and papillary thyroid carcinoma (PTC). A total of 68 patients will be enrolled over in 18-month period, with 34 patients in Cohort A (ACC) and 34 in Cohort B (PTC). All participants will receive sac-TMT at a dose of 4 mg/kg administered intravenously on Days 1 and 15 of each 28-day cycle.

The primary endpoint is the objective response rate (ORR), defined as the proportion of patients achieving a complete or partial response as assessed by the site investigators. Secondary endpoints include progression-free survival, overall survival, disease control rate, safety and tolerability, dose intensity, and relative dose intensity.",PHASE2,NOT_YET_RECRUITING,"Sacituzumab Tirumotecan in Recurrent/Metastatic Adenoid Cystic Carcinoma and Papillary Thyroid Carcinoma (STRAP) Recurrent Adenoid Cystic Carcinoma, Adenoid Cystic Carcinoma Metastatic, Papillary Thyroid Carcinoma This is an open-label, investigator-initiated phase II clinical trial designed to evaluate the efficacy and safety of Sacituzumab Tirumotecan (sac-TMT) monotherapy in patients with recurrent or metastatic adenoid cystic carcinoma (ACC) of salivary gland origin and papillary thyroid carcinoma (PTC). A total of 68 patients will be enrolled over in 18-month period, with 34 patients in Cohort A (ACC) and 34 in Cohort B (PTC). All participants will receive sac-TMT at a dose of 4 mg/kg administered intravenously on Days 1 and 15 of each 28-day cycle.

The primary endpoint is the objective response rate (ORR), defined as the proportion of patients achieving a complete or partial response as assessed by the site investigators. Secondary endpoints include progression-free survival, overall survival, disease control rate, safety and tolerability, dose intensity, and relative dose intensity."
NCT06806683,Predictive Tools in Head and Neck Cancer Patients Undergoing Radiotherapy,"Head and Neck Cancers, Head and Neck Cancers - Nasopharyngeal, Oral Cavity Cancer, Oropharyngeal Cancers, Radiotherapy Side Effects","The ITHACA study aims to improve the treatment of head and neck cancer by developing a predictive tool that helps doctors personalize care for each patient. This tool uses information such as medical history, imaging, and radiotherapy data to predict the risk of cancer recurrence, overall survival, and the likelihood of side effects.

Patients with head and neck cancer face significant challenges, including managing the side effects of treatments like radiotherapy. By tailoring treatment schedules and doses, and using advanced imaging techniques, we hope to reduce complications and improve survival outcomes. The study is designed to help doctors choose the best treatment for each patient, while minimizing the side effects that impact important functions like swallowing and breathing.

Patients participating in the study will have their medical data collected, including:

Tumor characteristics (size, location, stage). Treatment details (radiotherapy and chemotherapy). Imaging information using tools like PET-CT and MRI to track the response to treatment and detect any signs of cancer recurrence.

Side effects and overall health data. This information will be used to develop and test a new model that predicts outcomes for each patient based on their unique data.

The study includes adults (18 years and older) diagnosed with head and neck cancer, who are undergoing or have completed radiotherapy. Patients will be followed over time to monitor their response to treatment and any side effects.",,ACTIVE_NOT_RECRUITING,"Predictive Tools in Head and Neck Cancer Patients Undergoing Radiotherapy Head and Neck Cancers, Head and Neck Cancers - Nasopharyngeal, Oral Cavity Cancer, Oropharyngeal Cancers, Radiotherapy Side Effects The ITHACA study aims to improve the treatment of head and neck cancer by developing a predictive tool that helps doctors personalize care for each patient. This tool uses information such as medical history, imaging, and radiotherapy data to predict the risk of cancer recurrence, overall survival, and the likelihood of side effects.

Patients with head and neck cancer face significant challenges, including managing the side effects of treatments like radiotherapy. By tailoring treatment schedules and doses, and using advanced imaging techniques, we hope to reduce complications and improve survival outcomes. The study is designed to help doctors choose the best treatment for each patient, while minimizing the side effects that impact important functions like swallowing and breathing.

Patients participating in the study will have their medical data collected, including:

Tumor characteristics (size, location, stage). Treatment details (radiotherapy and chemotherapy). Imaging information using tools like PET-CT and MRI to track the response to treatment and detect any signs of cancer recurrence.

Side effects and overall health data. This information will be used to develop and test a new model that predicts outcomes for each patient based on their unique data.

The study includes adults (18 years and older) diagnosed with head and neck cancer, who are undergoing or have completed radiotherapy. Patients will be followed over time to monitor their response to treatment and any side effects."
NCT05799183,A SHR-1210 BE Study on Healthy Subjects,Advanced Tumors,The purpose of this study is to assess the bioequivalence of SHR-1210 before and after process changes.,PHASE1,TERMINATED,A SHR-1210 BE Study on Healthy Subjects Advanced Tumors The purpose of this study is to assess the bioequivalence of SHR-1210 before and after process changes.
NCT06775483,Evaluation of JSKN016 in the Treatment of Advanced Non-small Cell Lung Cance： a Phase II Clinical Study,Advanced Non-small Cell Lung Cancer,This is a Phase II clinical study conducted in China to evaluate the treatment of advanced non-small cell lung cancer with JSKN016. The enrolled subjects are all in the locally advanced or metastatic stage of non-small cell lung cancer.The study is divided into two parts. The main objective of part I is to assess the efficacy and safety of JSKN016 in selected subjects with advanced non-small cell lung cancer. The main objective of part II is to compare the efficacy of JSKN016 and docetaxel in subjects with advanced non-small cell lung cancer.,PHASE2,NOT_YET_RECRUITING,Evaluation of JSKN016 in the Treatment of Advanced Non-small Cell Lung Cance： a Phase II Clinical Study Advanced Non-small Cell Lung Cancer This is a Phase II clinical study conducted in China to evaluate the treatment of advanced non-small cell lung cancer with JSKN016. The enrolled subjects are all in the locally advanced or metastatic stage of non-small cell lung cancer.The study is divided into two parts. The main objective of part I is to assess the efficacy and safety of JSKN016 in selected subjects with advanced non-small cell lung cancer. The main objective of part II is to compare the efficacy of JSKN016 and docetaxel in subjects with advanced non-small cell lung cancer.
NCT01110083,"First-in-Man, Dose-escalation Trial of c-Met Kinase Inhibitor EMD 1204831 in Subjects With Advanced Solid Tumors",Solid Tumors,EMD Serono has closed enrollment into this trial prior to determination of maximum tolerated dose (MTD). EMD Serono has decided not to pursue the development of EMD 1204831 in patients with advanced solid tumors for reasons other than safety.,PHASE1,TERMINATED,"First-in-Man, Dose-escalation Trial of c-Met Kinase Inhibitor EMD 1204831 in Subjects With Advanced Solid Tumors Solid Tumors EMD Serono has closed enrollment into this trial prior to determination of maximum tolerated dose (MTD). EMD Serono has decided not to pursue the development of EMD 1204831 in patients with advanced solid tumors for reasons other than safety."
NCT03393741,Pharmacodynamic Biomarkers of Standard Anti-microtubule Drugs as Assessed by Early Tumor Biopsy,"Breast Cancer, Breast Neoplasms","Eligible subjects will be assigned to study treatment arms by their treating oncologist, rather than by the study. The drug, dose, and schedule of administration will be determined by the treating physician per NCCN guidelines for standard of care chemotherapy regimens for recurrent or metastatic breast cancer. Study treatment arms include: Taxane (nab-paclitaxel or paclitaxel), Eribulin, Vinorelbine, Ixabepilone, or the control arm (non-microtubule targeted chemotherapies such as doxorubicin, carboplatin, or gemcitabine).",,TERMINATED,"Pharmacodynamic Biomarkers of Standard Anti-microtubule Drugs as Assessed by Early Tumor Biopsy Breast Cancer, Breast Neoplasms Eligible subjects will be assigned to study treatment arms by their treating oncologist, rather than by the study. The drug, dose, and schedule of administration will be determined by the treating physician per NCCN guidelines for standard of care chemotherapy regimens for recurrent or metastatic breast cancer. Study treatment arms include: Taxane (nab-paclitaxel or paclitaxel), Eribulin, Vinorelbine, Ixabepilone, or the control arm (non-microtubule targeted chemotherapies such as doxorubicin, carboplatin, or gemcitabine)."
NCT06346041,Safety and Efficacy of Intravenous IDOV-SAFETM in Patients With Advanced Solid Tumors,Neoplasms,"This is an open-label, dose escalation, phase I study to evaluate safety tolerability, MTD or MFD, pharmacokinetic profile, immunogenicity, and pharmacodynamic profile of IDOV-SAFETM in patients with advanced solid tumors.",EARLY_PHASE1,RECRUITING,"Safety and Efficacy of Intravenous IDOV-SAFETM in Patients With Advanced Solid Tumors Neoplasms This is an open-label, dose escalation, phase I study to evaluate safety tolerability, MTD or MFD, pharmacokinetic profile, immunogenicity, and pharmacodynamic profile of IDOV-SAFETM in patients with advanced solid tumors."
NCT04312841,Letermovir for the Prevention of Cytomegalovirus Reactivation in Patients With Hematological Malignancies Treated With Alemtuzumab,"B-Cell Prolymphocytic Leukemia, Chronic Lymphocytic Leukemia, Peripheral T-Cell Lymphoma, Primary Cutaneous T-Cell Non-Hodgkin Lymphoma, Sezary Syndrome, T-Cell Prolymphocytic Leukemia",This phase II trial studies how well letermovir works for the prevention of cytomegalovirus reactivation in patients with hematological malignancies treated with alemtuzumab. Patients receiving treatment with alemtuzumab may experience cytomegalovirus reactivation. Letermovir may block cytomegalovirus replication and prevent infection.,PHASE2,COMPLETED,"Letermovir for the Prevention of Cytomegalovirus Reactivation in Patients With Hematological Malignancies Treated With Alemtuzumab B-Cell Prolymphocytic Leukemia, Chronic Lymphocytic Leukemia, Peripheral T-Cell Lymphoma, Primary Cutaneous T-Cell Non-Hodgkin Lymphoma, Sezary Syndrome, T-Cell Prolymphocytic Leukemia This phase II trial studies how well letermovir works for the prevention of cytomegalovirus reactivation in patients with hematological malignancies treated with alemtuzumab. Patients receiving treatment with alemtuzumab may experience cytomegalovirus reactivation. Letermovir may block cytomegalovirus replication and prevent infection."
NCT02067741,CR1447 in Endocrine Responsive-HER2neg and TN-ARpos Breast Cancer,"Metastatic Breast Adenocarcinoma, Breast Cancer","SAKK 21/12 is a stratified, multicenter Phase II first in-human trial with transdermal CR1447 (4-OH-testosterone) and is directed to patients with endocrine responsive-HER2neg and TN-ARpos metastatic or locally advanced breast cancer.

The trial will be conducted in Switzerland with max. 90 patients. CR1447 has a very good safety and tolerability profile and combines two mechanisms of action, interaction with the AR and the aromatase enzyme may have a higher activity than drugs with a single mechanism and might offer the possibility of non-chemotherapy based endocrine therapy to the limited treatment options in TN-ARpos BC. Transdermal application of CR1447 might have the advantage to continuously release of 4-OHT into the blood stream, thus omitting a first pass effect.

In Phase II the main objective is to assess activity and to determine the efficacy and tolerability of CR1447. Phase II will consist of two strata, into which patients will be stratified according to their hormonal receptor status: Stratum A for patients with endocrine responsive-HER2neg disease, regardless of their AR status and Stratum B for patients with triple-negative and determined ARpos disease. Patients with triple-negative disease tested negative for AR will be excluded from the trial.

In both strata patients will be treated with 400 mg of CR1447 until disease progression, patients' wish or physicians' decision to end treatment. Biopsies of one defined metastatic lesion in those patients who gave informed consent will be performed at baseline and within the third week of treatment with CR1447.

Measurement of AR expression, expression of downstream targets of ERα, ERβ, PR, AR, angiogenesis and other translational studies as described in this protocol should help confirming the hypothesis of an increased benefit of CR1447 due to its dual action, efficacy of topical application, tolerability and in deciding whether one should proceed to a large randomized trial.",PHASE2,TERMINATED,"CR1447 in Endocrine Responsive-HER2neg and TN-ARpos Breast Cancer Metastatic Breast Adenocarcinoma, Breast Cancer SAKK 21/12 is a stratified, multicenter Phase II first in-human trial with transdermal CR1447 (4-OH-testosterone) and is directed to patients with endocrine responsive-HER2neg and TN-ARpos metastatic or locally advanced breast cancer.

The trial will be conducted in Switzerland with max. 90 patients. CR1447 has a very good safety and tolerability profile and combines two mechanisms of action, interaction with the AR and the aromatase enzyme may have a higher activity than drugs with a single mechanism and might offer the possibility of non-chemotherapy based endocrine therapy to the limited treatment options in TN-ARpos BC. Transdermal application of CR1447 might have the advantage to continuously release of 4-OHT into the blood stream, thus omitting a first pass effect.

In Phase II the main objective is to assess activity and to determine the efficacy and tolerability of CR1447. Phase II will consist of two strata, into which patients will be stratified according to their hormonal receptor status: Stratum A for patients with endocrine responsive-HER2neg disease, regardless of their AR status and Stratum B for patients with triple-negative and determined ARpos disease. Patients with triple-negative disease tested negative for AR will be excluded from the trial.

In both strata patients will be treated with 400 mg of CR1447 until disease progression, patients' wish or physicians' decision to end treatment. Biopsies of one defined metastatic lesion in those patients who gave informed consent will be performed at baseline and within the third week of treatment with CR1447.

Measurement of AR expression, expression of downstream targets of ERα, ERβ, PR, AR, angiogenesis and other translational studies as described in this protocol should help confirming the hypothesis of an increased benefit of CR1447 due to its dual action, efficacy of topical application, tolerability and in deciding whether one should proceed to a large randomized trial."
NCT04241341,Does Immediate Lymphatic Reconstruction Decrease the Risk of Lymphedema After Axillary Lymph Node Dissection,Breast Cancer Lymphedema,"The researchers are doing this study to see if having immediate lymphatic reconstruction after axillary lymph node dissection (ALND) can decrease the development of lymphedema, a side effect of ALND. Other purposes of the study include:

Comparing the approach of immediate lymphatic reconstruction after ALND with the approach of ALND alone Looking at whether having immediate lymphatic reconstruction after ALND improves a person's quality of life Seeing if adding standard of care radiation therapy to either study approach (immediate lymphatic reconstruction after ALND or ALND alone) has an effect on development of lymphedema",PHASE3,ACTIVE_NOT_RECRUITING,"Does Immediate Lymphatic Reconstruction Decrease the Risk of Lymphedema After Axillary Lymph Node Dissection Breast Cancer Lymphedema The researchers are doing this study to see if having immediate lymphatic reconstruction after axillary lymph node dissection (ALND) can decrease the development of lymphedema, a side effect of ALND. Other purposes of the study include:

Comparing the approach of immediate lymphatic reconstruction after ALND with the approach of ALND alone Looking at whether having immediate lymphatic reconstruction after ALND improves a person's quality of life Seeing if adding standard of care radiation therapy to either study approach (immediate lymphatic reconstruction after ALND or ALND alone) has an effect on development of lymphedema"
NCT00190541,"Mesorectal Excision (ME) Versus ME With Lateral Node Dissection for Stage II, III Lower Rectal Cancer (JCOG0212)",Rectal Neoplasms,"The purpose of this study is to evaluate the of international standard operation, mesorectal excision (ME alone) compared to Japanese standard operation, ME with lateral lymph node dissection for clinical stage II, III lower rectal cancer",PHASE3,COMPLETED,"Mesorectal Excision (ME) Versus ME With Lateral Node Dissection for Stage II, III Lower Rectal Cancer (JCOG0212) Rectal Neoplasms The purpose of this study is to evaluate the of international standard operation, mesorectal excision (ME alone) compared to Japanese standard operation, ME with lateral lymph node dissection for clinical stage II, III lower rectal cancer"
NCT06290505,"A Trial of Palliative Chemotherapy, Radiation and Immune Treatment for Oesophageal Cancer: PALEO Study",Esophageal Cancer,The purpose of this study is to investigate the effects of the addition of the stereotactic body radiotherapy and durvalumab to a well tolerated 2 week chemotherapy and radiation treatment regimen in people with esophageal cancer that is locally advanced or has spread to another area of the body (metastasized).,PHASE2,RECRUITING,"A Trial of Palliative Chemotherapy, Radiation and Immune Treatment for Oesophageal Cancer: PALEO Study Esophageal Cancer The purpose of this study is to investigate the effects of the addition of the stereotactic body radiotherapy and durvalumab to a well tolerated 2 week chemotherapy and radiation treatment regimen in people with esophageal cancer that is locally advanced or has spread to another area of the body (metastasized)."
NCT00085254,"Cilengitide, Temozolomide, and Radiation Therapy in Treating Patients With Newly Diagnosed Glioblastoma Multiforme","Adult Giant Cell Glioblastoma, Adult Glioblastoma, Adult Gliosarcoma","Cilengitide may stop the growth of cancer by stopping blood flow to the tumor. Drugs used in chemotherapy, such as temozolomide, work in different ways to stop the growth of tumor cells, either by killing the cells or by stopping them from dividing. Radiation therapy uses high-energy x-rays to damage tumor cells. Giving cilengitide together with temozolomide and radiation therapy may kill more tumor cells. This randomized phase I/II trial is studying the side effects and best dose of cilengitide when given together with temozolomide and radiation therapy and to compare how well they work in treating patients with newly diagnosed glioblastoma multiforme","PHASE1, PHASE2",COMPLETED,"Cilengitide, Temozolomide, and Radiation Therapy in Treating Patients With Newly Diagnosed Glioblastoma Multiforme Adult Giant Cell Glioblastoma, Adult Glioblastoma, Adult Gliosarcoma Cilengitide may stop the growth of cancer by stopping blood flow to the tumor. Drugs used in chemotherapy, such as temozolomide, work in different ways to stop the growth of tumor cells, either by killing the cells or by stopping them from dividing. Radiation therapy uses high-energy x-rays to damage tumor cells. Giving cilengitide together with temozolomide and radiation therapy may kill more tumor cells. This randomized phase I/II trial is studying the side effects and best dose of cilengitide when given together with temozolomide and radiation therapy and to compare how well they work in treating patients with newly diagnosed glioblastoma multiforme"
NCT04069494,Descriptors and Predictors of Burden and Information Needs,"Advanced Lung Cancer, Symptoms","the purpose of this study is to investigate over time patients' symptom burden, caregiving burden, and patients and caregivers' need for information on patient symptom self-management at home during palliative radiotherapy(RT) for lung cancer. Repeatedly assessing burden and information needs on symptom self-management at home can help healthcare professionals to design a bespoke service and plan of care for both patients and family caregivers. In addition, I will explore psycho-social and clinical predictors of burden and information needs in patients and caregivers. These predictors can help health professionals to identify patients and caregivers at risk for distress during palliative radiotherapy for lung cancer.",,COMPLETED,"Descriptors and Predictors of Burden and Information Needs Advanced Lung Cancer, Symptoms the purpose of this study is to investigate over time patients' symptom burden, caregiving burden, and patients and caregivers' need for information on patient symptom self-management at home during palliative radiotherapy(RT) for lung cancer. Repeatedly assessing burden and information needs on symptom self-management at home can help healthcare professionals to design a bespoke service and plan of care for both patients and family caregivers. In addition, I will explore psycho-social and clinical predictors of burden and information needs in patients and caregivers. These predictors can help health professionals to identify patients and caregivers at risk for distress during palliative radiotherapy for lung cancer."
NCT06640166,Encorafenib + Cetuximab Beyond Progression in Combination With FOLFIRI in Patients With BRAF V600E Mutated Metastatic Colorectal Cancer Progressing on Encorafenib + Cetuximab.,"Colorectal Carcinoma, Colorectal Neoplasms, Colorectal Tumor, Colorectal Adenocarcinoma, Colorectal Cancer (CRC), Colorectal Cancer, Colon Cancer, Colon Adenocarcinoma, Colon Carcinoma, Colon Neoplasm",The aim of this study is to determine the activity of encorafenib plus cetuximab in combination with FOLFIRI in patients with BRAF V600E mutated metastatic colorectal cancer progressing on encorafenib plus cetuximab administered in second line.,PHASE2,RECRUITING,"Encorafenib + Cetuximab Beyond Progression in Combination With FOLFIRI in Patients With BRAF V600E Mutated Metastatic Colorectal Cancer Progressing on Encorafenib + Cetuximab. Colorectal Carcinoma, Colorectal Neoplasms, Colorectal Tumor, Colorectal Adenocarcinoma, Colorectal Cancer (CRC), Colorectal Cancer, Colon Cancer, Colon Adenocarcinoma, Colon Carcinoma, Colon Neoplasm The aim of this study is to determine the activity of encorafenib plus cetuximab in combination with FOLFIRI in patients with BRAF V600E mutated metastatic colorectal cancer progressing on encorafenib plus cetuximab administered in second line."
NCT04955522,Multimodal Imaging Analysis of Spinal Tumors,Bone Tumor,"In this study, we retrospectively analyzed the imaging data of spinal tumors to find out more imaging features of spinal tumors, in order to provide more accurate reference for the diagnosis of spinal tumors.",,COMPLETED,"Multimodal Imaging Analysis of Spinal Tumors Bone Tumor In this study, we retrospectively analyzed the imaging data of spinal tumors to find out more imaging features of spinal tumors, in order to provide more accurate reference for the diagnosis of spinal tumors."
NCT01900951,Temozolomide as Maintenance Therapy in Small Cell Lung Cancer,"Carcinoma, Small Cell","Temozolomide, a nonclassic oral alkylating agent, may delay progression in sequence with chemotherapy. This phase II trial was designed to evaluate the role of Temozolomide following 4 or 6 cycles of first-line treatment in patients with newly diagnosed SCLC.",PHASE2,UNKNOWN,"Temozolomide as Maintenance Therapy in Small Cell Lung Cancer Carcinoma, Small Cell Temozolomide, a nonclassic oral alkylating agent, may delay progression in sequence with chemotherapy. This phase II trial was designed to evaluate the role of Temozolomide following 4 or 6 cycles of first-line treatment in patients with newly diagnosed SCLC."
NCT00628251,Dose-finding Study Comparing Efficacy and Safety of a PARP Inhibitor Against Doxil in BRCA+ve Advanced Ovarian Cancer,Ovarian Neoplasms,The purpose of the study is to compare the efficacy and safety of 2 doses of drug AZD2281 against liposomal doxorubicin to see which is effective and well tolerated in treating patients with measurable BRCA1- or BRCA2-positive advanced ovarian cancer and who have failed previous platinum therapy.,PHASE2,COMPLETED,Dose-finding Study Comparing Efficacy and Safety of a PARP Inhibitor Against Doxil in BRCA+ve Advanced Ovarian Cancer Ovarian Neoplasms The purpose of the study is to compare the efficacy and safety of 2 doses of drug AZD2281 against liposomal doxorubicin to see which is effective and well tolerated in treating patients with measurable BRCA1- or BRCA2-positive advanced ovarian cancer and who have failed previous platinum therapy.
NCT01628029,Cognitive Behavioral Therapy and Multimodal Therapy in Treating Sleep Disturbance in Patients With Cancer,"Hematopoietic and Lymphoid Cell Neoplasm, Malignant Solid Neoplasm, Sleep Disorder","This randomized phase II trial studies how well cognitive behavioral therapy and multimodal therapy works in treating sleep disturbance in patients with cancer. Cognitive behavioral therapy may help reduce sleep disturbances, fatigue, and insomnia as well as improve the well-being and quality of life of patients with cancer when given together with methylphenidate hydrochloride, therapeutic melatonin, and light therapy.",PHASE2,ACTIVE_NOT_RECRUITING,"Cognitive Behavioral Therapy and Multimodal Therapy in Treating Sleep Disturbance in Patients With Cancer Hematopoietic and Lymphoid Cell Neoplasm, Malignant Solid Neoplasm, Sleep Disorder This randomized phase II trial studies how well cognitive behavioral therapy and multimodal therapy works in treating sleep disturbance in patients with cancer. Cognitive behavioral therapy may help reduce sleep disturbances, fatigue, and insomnia as well as improve the well-being and quality of life of patients with cancer when given together with methylphenidate hydrochloride, therapeutic melatonin, and light therapy."
NCT02637531,"A Dose-Escalation Study to Evaluate the Safety, Tolerability, Pharmacokinetics, and Pharmacodynamics of IPI-549","Advanced Solid Tumors (Part A/B/C/D), Non-small Cell Lung Cancer (Part E), Melanoma (Part E), Squamous Cell Cancer of the Head and Neck (Part E), Triple Negative Breast Cancer (Part F), Adrenocortical Carcinoma (Part G), Mesothelioma (Part G), High-circulating Myeloid-derived Suppressor Cells (Part H)","This dose-escalation study will evaluate the safety, tolerability, pharmacokinetics, and pharmacodynamics of IPI-549 monotherapy and IPI-549 in combination with nivolumab in subjects with advanced solid tumors.",PHASE1,UNKNOWN,"A Dose-Escalation Study to Evaluate the Safety, Tolerability, Pharmacokinetics, and Pharmacodynamics of IPI-549 Advanced Solid Tumors (Part A/B/C/D), Non-small Cell Lung Cancer (Part E), Melanoma (Part E), Squamous Cell Cancer of the Head and Neck (Part E), Triple Negative Breast Cancer (Part F), Adrenocortical Carcinoma (Part G), Mesothelioma (Part G), High-circulating Myeloid-derived Suppressor Cells (Part H) This dose-escalation study will evaluate the safety, tolerability, pharmacokinetics, and pharmacodynamics of IPI-549 monotherapy and IPI-549 in combination with nivolumab in subjects with advanced solid tumors."
NCT07070791,Combined Upper Extremity Resistance and Aerobic Exercise Training in Patients With Breast Cancer,"Breast Cancer, Upper Extremity, Resistance Exercise, Aerobic Exercise","According to updated data from the International Agency for Research on Cancer (IARC) for 2022, breast cancer in women is responsible for one in four cancer cases and one in six cancer deaths worldwide and is the second leading cause of global cancer incidence, accounting for 11.6% of all cancer cases, and the fourth leading cause of cancer deaths worldwide, accounting for 6.9% of all cancer deaths. During or after breast cancer treatments, there is exposure to a variety of direct (local/regional treatment, systemic treatment and supportive care) and indirect factors (modifiable and non-modifiable risk factors) that may have adverse effects on treatment-related haematological, cardiovascular, pulmonary and musculoskeletal components. Upper limb dysfunction and lymphoedema have been reported to be two of the most common side effects affecting the quality of life of breast cancer patients after breast cancer treatments. The elastic resistance band, which is widely used in strength training, has the advantage of being applied to various classes because it provides resistance angles in various postures and has a low risk of injury. However, few studies have been conducted on elastic resistance band application in patients with breast cancer. At the same time, evidence on the effectiveness of upper extremity aerobic exercise training in patients with breast cancer is limited. Therefore, this study aimed to investigate the effects of upper extremity aerobic exercise training combined with progressive resistance training and upper extremity aerobic exercise training alone on upper extremity exercise capacity, upper extremity functionality, sarcopenia, frailty, quality of life and lymphedema in patients with breast cancer.",NA,RECRUITING,"Combined Upper Extremity Resistance and Aerobic Exercise Training in Patients With Breast Cancer Breast Cancer, Upper Extremity, Resistance Exercise, Aerobic Exercise According to updated data from the International Agency for Research on Cancer (IARC) for 2022, breast cancer in women is responsible for one in four cancer cases and one in six cancer deaths worldwide and is the second leading cause of global cancer incidence, accounting for 11.6% of all cancer cases, and the fourth leading cause of cancer deaths worldwide, accounting for 6.9% of all cancer deaths. During or after breast cancer treatments, there is exposure to a variety of direct (local/regional treatment, systemic treatment and supportive care) and indirect factors (modifiable and non-modifiable risk factors) that may have adverse effects on treatment-related haematological, cardiovascular, pulmonary and musculoskeletal components. Upper limb dysfunction and lymphoedema have been reported to be two of the most common side effects affecting the quality of life of breast cancer patients after breast cancer treatments. The elastic resistance band, which is widely used in strength training, has the advantage of being applied to various classes because it provides resistance angles in various postures and has a low risk of injury. However, few studies have been conducted on elastic resistance band application in patients with breast cancer. At the same time, evidence on the effectiveness of upper extremity aerobic exercise training in patients with breast cancer is limited. Therefore, this study aimed to investigate the effects of upper extremity aerobic exercise training combined with progressive resistance training and upper extremity aerobic exercise training alone on upper extremity exercise capacity, upper extremity functionality, sarcopenia, frailty, quality of life and lymphedema in patients with breast cancer."
NCT00042991,Gefitinib and Radiation Therapy in Treating Children With Newly Diagnosed Gliomas,"Untreated Childhood Anaplastic Astrocytoma, Untreated Childhood Anaplastic Oligodendroglioma, Untreated Childhood Brain Stem Glioma, Untreated Childhood Giant Cell Glioblastoma, Untreated Childhood Glioblastoma, Untreated Childhood Gliomatosis Cerebri, Untreated Childhood Gliosarcoma, Untreated Childhood Oligodendroglioma",Biological therapies such as gefitinib may interfere with the growth of the tumor cells and may make the tumor cells more sensitive to radiation therapy. This phase I/II trial is studying how well giving gefitinib together with radiation therapy works in treating children with newly diagnosed glioma.,"PHASE1, PHASE2",COMPLETED,"Gefitinib and Radiation Therapy in Treating Children With Newly Diagnosed Gliomas Untreated Childhood Anaplastic Astrocytoma, Untreated Childhood Anaplastic Oligodendroglioma, Untreated Childhood Brain Stem Glioma, Untreated Childhood Giant Cell Glioblastoma, Untreated Childhood Glioblastoma, Untreated Childhood Gliomatosis Cerebri, Untreated Childhood Gliosarcoma, Untreated Childhood Oligodendroglioma Biological therapies such as gefitinib may interfere with the growth of the tumor cells and may make the tumor cells more sensitive to radiation therapy. This phase I/II trial is studying how well giving gefitinib together with radiation therapy works in treating children with newly diagnosed glioma."
NCT07133490,INTERACT Stomach-II,Peritoneal Metastases From Gastric Cancer,"This is a phase II study conducted in three hospitals in the Netherlands (Erasmus MC in Rotterdam, Catharina Hospital in Eindhoven, and the Netherlands Cancer Institute in Amsterdam). A total of 55 patients will take part. The aim is to test whether a new combination treatment is feasible for patients with gastric peritoneal metastases (PM). The treatment includes chemotherapy (intraperitoneal irinotecan and standard systemic therapy such as CAPOX or FOLFOX), and may also include nivolumab or trastuzumab, depending on biomarker results.",PHASE2,RECRUITING,"INTERACT Stomach-II Peritoneal Metastases From Gastric Cancer This is a phase II study conducted in three hospitals in the Netherlands (Erasmus MC in Rotterdam, Catharina Hospital in Eindhoven, and the Netherlands Cancer Institute in Amsterdam). A total of 55 patients will take part. The aim is to test whether a new combination treatment is feasible for patients with gastric peritoneal metastases (PM). The treatment includes chemotherapy (intraperitoneal irinotecan and standard systemic therapy such as CAPOX or FOLFOX), and may also include nivolumab or trastuzumab, depending on biomarker results."
NCT04666090,"Carrelizumab, Chemotherapy and Apatinib in the Neoadjuvant Treatment of Resectable Esophageal Squamous Cell Carcinoma","Esophageal Squamous Cell Carcinoma, Neoadjuvant Therapy","China with high incidence of esophageal cancer, the number of new cases and deaths account for about 50% of the world every year. In the past few decades, surgery, radiotherapy, chemotherapy and other treatments were continuously improved, however, the mortality of esophageal squamous cell carcinoma patients was not significantly decreased.

For patients with locally advanced esophageal cancer, direct surgery is not effective. It is difficult to achieve radical resection by surgery merely, and even if many patients receive surgery, they may eventually have tumor recurrence and poor survival rate. Therefore, it is necessary to explore effective perioperative neoadjuvant treatment to reduce the risk of postoperative recurrence and improve the postoperative survival rate of patients.

According to the reports, the expression of PD-L1 in esophageal cancer was about 41.4%. Therefore, PD-1/ PD-L1 immunocheckpoint inhibitor may become a new method for the treatment of esophageal cancer. Preliminary clinical results showed that immunotherapy combined with chemoradiotherapy provided a synergies antitumor effect. Multiple clinical results showed that Carrillizumab provided higher overall response rate for advanced esophageal cancer.

However, in patients with locally advanced esophageal cancer, the efficacy of Carrillizumab combined with chemotherapy and apatinib for sequential radical surgery is still unclear. The purpose of this study is to observe and evaluate the efficacy and safety of Carrillizumab combined with chemotherapy and antiangiogenic drugs in the neoadjuvant therapy of resectable esophageal squamous cell carcinoma.",PHASE2,ACTIVE_NOT_RECRUITING,"Carrelizumab, Chemotherapy and Apatinib in the Neoadjuvant Treatment of Resectable Esophageal Squamous Cell Carcinoma Esophageal Squamous Cell Carcinoma, Neoadjuvant Therapy China with high incidence of esophageal cancer, the number of new cases and deaths account for about 50% of the world every year. In the past few decades, surgery, radiotherapy, chemotherapy and other treatments were continuously improved, however, the mortality of esophageal squamous cell carcinoma patients was not significantly decreased.

For patients with locally advanced esophageal cancer, direct surgery is not effective. It is difficult to achieve radical resection by surgery merely, and even if many patients receive surgery, they may eventually have tumor recurrence and poor survival rate. Therefore, it is necessary to explore effective perioperative neoadjuvant treatment to reduce the risk of postoperative recurrence and improve the postoperative survival rate of patients.

According to the reports, the expression of PD-L1 in esophageal cancer was about 41.4%. Therefore, PD-1/ PD-L1 immunocheckpoint inhibitor may become a new method for the treatment of esophageal cancer. Preliminary clinical results showed that immunotherapy combined with chemoradiotherapy provided a synergies antitumor effect. Multiple clinical results showed that Carrillizumab provided higher overall response rate for advanced esophageal cancer.

However, in patients with locally advanced esophageal cancer, the efficacy of Carrillizumab combined with chemotherapy and apatinib for sequential radical surgery is still unclear. The purpose of this study is to observe and evaluate the efficacy and safety of Carrillizumab combined with chemotherapy and antiangiogenic drugs in the neoadjuvant therapy of resectable esophageal squamous cell carcinoma."
NCT02693990,A Trial of Increased Dose Intensity Modulated Proton Therapy (IMPT) for High-Grade Meningiomas,"Meningioma, Brain Tumor",This research study is studying radiation therapy as a possible treatment for meningioma or tumor on the lining of the brain. The study drug or intervention involved in this research study is Intensity Modulated Proton Therapy (IMPT),NA,ACTIVE_NOT_RECRUITING,"A Trial of Increased Dose Intensity Modulated Proton Therapy (IMPT) for High-Grade Meningiomas Meningioma, Brain Tumor This research study is studying radiation therapy as a possible treatment for meningioma or tumor on the lining of the brain. The study drug or intervention involved in this research study is Intensity Modulated Proton Therapy (IMPT)"
NCT00899860,Gene Expression in Normal Tissue and Tumor Tissue From Patients Who Have Undergone Surgery For Kidney Cancer,Kidney Cancer,"RATIONALE: Studying the genes and proteins expressed in tissue samples from patients with cancer may help doctors identify biomarkers related to cancer.

PURPOSE: This laboratory study is evaluating gene and protein expression in normal tissue and tumor tissue from patients who have undergone surgery for kidney cancer.",,TERMINATED,"Gene Expression in Normal Tissue and Tumor Tissue From Patients Who Have Undergone Surgery For Kidney Cancer Kidney Cancer RATIONALE: Studying the genes and proteins expressed in tissue samples from patients with cancer may help doctors identify biomarkers related to cancer.

PURPOSE: This laboratory study is evaluating gene and protein expression in normal tissue and tumor tissue from patients who have undergone surgery for kidney cancer."
NCT00905060,HSPPC-96 Vaccine With Temozolomide in Patients With Newly Diagnosed GBM,Brain and Central Nervous System Tumors,"This phase II trial studies the side effects and how well HSPPC-96 (vitespen) and temozolomide work in treating patients with newly diagnosed glioblastoma multiforme. Vaccines made from a person's tumor cells and heat shock protein peptide may help the body to build an effective immune response to kill tumor cells. Drugs used in chemotherapy, such as temozolomide, work in different ways to stop the growth of tumor cells, either by killing the cells, by stopping them from dividing, or by stopping them from spreading. Giving HSPPC-96 (vitespen) together with temozolomide may kill more tumor cells.",PHASE2,COMPLETED,"HSPPC-96 Vaccine With Temozolomide in Patients With Newly Diagnosed GBM Brain and Central Nervous System Tumors This phase II trial studies the side effects and how well HSPPC-96 (vitespen) and temozolomide work in treating patients with newly diagnosed glioblastoma multiforme. Vaccines made from a person's tumor cells and heat shock protein peptide may help the body to build an effective immune response to kill tumor cells. Drugs used in chemotherapy, such as temozolomide, work in different ways to stop the growth of tumor cells, either by killing the cells, by stopping them from dividing, or by stopping them from spreading. Giving HSPPC-96 (vitespen) together with temozolomide may kill more tumor cells."
NCT03244020,LMWH vs Aspirin for VTE Prophylaxis in Orthopaedic Oncology,"Sarcoma, Soft Tissue Sarcoma, Bone Sarcoma, Bone Metastases, Venous Thromboembolism, Hematoma, Anticoagulant-induced Bleeding","Aspirin and low molecular weight heparin (LMWH) are both commonly employed pharmacologic methods of venous thromboembolism (VTE) prophylaxis after orthopaedic surgery. Data comparing these two methods of VTE prophylaxis in patients undergoing pelvic/lower extremity orthopaedic surgery for malignancy are lacking, however, as compared to the data and guidelines present for VTE chemoprophylaxis after joint arthroplasty and hip fracture surgery. In this clinical trial, our specific aim is to compare the post operative incidence of VTE between patients receiving aspirin and LMWH after pelvic/lower extremity orthopaedic oncology procedures.",PHASE4,ENROLLING_BY_INVITATION,"LMWH vs Aspirin for VTE Prophylaxis in Orthopaedic Oncology Sarcoma, Soft Tissue Sarcoma, Bone Sarcoma, Bone Metastases, Venous Thromboembolism, Hematoma, Anticoagulant-induced Bleeding Aspirin and low molecular weight heparin (LMWH) are both commonly employed pharmacologic methods of venous thromboembolism (VTE) prophylaxis after orthopaedic surgery. Data comparing these two methods of VTE prophylaxis in patients undergoing pelvic/lower extremity orthopaedic surgery for malignancy are lacking, however, as compared to the data and guidelines present for VTE chemoprophylaxis after joint arthroplasty and hip fracture surgery. In this clinical trial, our specific aim is to compare the post operative incidence of VTE between patients receiving aspirin and LMWH after pelvic/lower extremity orthopaedic oncology procedures."
NCT01545882,A Phase II Study of Degarelix in the Management of Non-Metastatic Hormone-Refractory Prostate Cancer,Prostatic Neoplasms,"This study is being offered to patients who have hormone resistant prostate cancer (HRPC). This means that their prostate cancer is no longer responding to standard hormonal therapy.

The purpose of this study is to determine whether Degarelix will be able to stop the PSA from rising in patients with hormone resistant prostate cancer.",PHASE2,TERMINATED,"A Phase II Study of Degarelix in the Management of Non-Metastatic Hormone-Refractory Prostate Cancer Prostatic Neoplasms This study is being offered to patients who have hormone resistant prostate cancer (HRPC). This means that their prostate cancer is no longer responding to standard hormonal therapy.

The purpose of this study is to determine whether Degarelix will be able to stop the PSA from rising in patients with hormone resistant prostate cancer."
NCT00538824,"Phase II Study of Dexamethasone, Thalidomide and Lenalidomide for Subjects With Relapsed or Refractory Multiple Myeloma",Multiple Myeloma,"Study Objectives

1. To evaluate the efficacy of the combination of dexamethasone (Decadron®), thalidomide (Thalomid®), and lenalidomide (Revlimid®) as therapy for patients with relapsed or refractory multiple myeloma (MM) who have failed prior treatment with both lenalidomide and thalidomide when used as monotherapies.
2. To evaluate the safety of the combination of lenalidomide, dexamethasone, and thalidomide as a therapy for patients with relapsed or refractory multiple myeloma.",PHASE2,TERMINATED,"Phase II Study of Dexamethasone, Thalidomide and Lenalidomide for Subjects With Relapsed or Refractory Multiple Myeloma Multiple Myeloma Study Objectives

1. To evaluate the efficacy of the combination of dexamethasone (Decadron®), thalidomide (Thalomid®), and lenalidomide (Revlimid®) as therapy for patients with relapsed or refractory multiple myeloma (MM) who have failed prior treatment with both lenalidomide and thalidomide when used as monotherapies.
2. To evaluate the safety of the combination of lenalidomide, dexamethasone, and thalidomide as a therapy for patients with relapsed or refractory multiple myeloma."
NCT00749723,Therapy Optimization Trial for the Treatment of Relapsed or Refractory Brain Tumors in Children,"Recurrent Brain Tumors, Supratentorial PNETs, Medulloblastomas, Ependymomas","The purpose of this study is to improve overall survival while maintaining a good quality of life in pediatric patients with refractory or recurrent brain tumors (medulloblastomas, supratentorial PNETs, ependymomas WHO grade II and III). Response to different chemotherapy options (intravenous versus oral chemotherapy, intraventricular chemotherapy) as part of a multimodal therapy will be assessed. Progression-free, overall survival and toxicity will be evaluated additionally.","PHASE2, PHASE3",COMPLETED,"Therapy Optimization Trial for the Treatment of Relapsed or Refractory Brain Tumors in Children Recurrent Brain Tumors, Supratentorial PNETs, Medulloblastomas, Ependymomas The purpose of this study is to improve overall survival while maintaining a good quality of life in pediatric patients with refractory or recurrent brain tumors (medulloblastomas, supratentorial PNETs, ependymomas WHO grade II and III). Response to different chemotherapy options (intravenous versus oral chemotherapy, intraventricular chemotherapy) as part of a multimodal therapy will be assessed. Progression-free, overall survival and toxicity will be evaluated additionally."
NCT04826523,Study of Oral Venetoclax Tablets to Evaluate Adverse Events and Change in Disease Activity in Participants Above 19 Years of Age With Acute Myeloid Leukemia (AML),Acute Myeloid Leukemia (AML),"Acute Myeloid Leukemia (AML) is an aggressive and rare cancer of myeloid cells (a white blood cell responsible for fighting infections). This study will assess how safe and effective oral venetoclax is in participants with AML . Adverse events and change in disease activity will be monitored under routine clinical practice.

Venetoclax is an approved drug for treatment of Acute Myeloid Leukemia (AML). Around 600 participants of age 19 years and above will be enrolled in the study in multiple medical institutions across South Korea.

Participants will receive oral venetoclax tablets as prescribed by their physician in the routine clinical practice. Participants will be observed for 7 cycles ( each cycle is 28 days).

There may be higher treatment burden for participants in this trial compared to their standard of care. Participants will attend regular visits during the study at a hospital or clinic. The effect of the treatment will be checked by medical assessments, blood tests, checking for side effects and completing questionnaires.",,COMPLETED,"Study of Oral Venetoclax Tablets to Evaluate Adverse Events and Change in Disease Activity in Participants Above 19 Years of Age With Acute Myeloid Leukemia (AML) Acute Myeloid Leukemia (AML) Acute Myeloid Leukemia (AML) is an aggressive and rare cancer of myeloid cells (a white blood cell responsible for fighting infections). This study will assess how safe and effective oral venetoclax is in participants with AML . Adverse events and change in disease activity will be monitored under routine clinical practice.

Venetoclax is an approved drug for treatment of Acute Myeloid Leukemia (AML). Around 600 participants of age 19 years and above will be enrolled in the study in multiple medical institutions across South Korea.

Participants will receive oral venetoclax tablets as prescribed by their physician in the routine clinical practice. Participants will be observed for 7 cycles ( each cycle is 28 days).

There may be higher treatment burden for participants in this trial compared to their standard of care. Participants will attend regular visits during the study at a hospital or clinic. The effect of the treatment will be checked by medical assessments, blood tests, checking for side effects and completing questionnaires."
NCT01291823,Gefitinib Combined With Radiotherapy in Elderly Patients With Esophageal Cancer,Esophageal Cancer,"Elderly patients with esophageal cancer will receive thoracic radiation therapy 54-60Gy over 30 fractions, and concurrent with Gefitinib.",PHASE2,UNKNOWN,"Gefitinib Combined With Radiotherapy in Elderly Patients With Esophageal Cancer Esophageal Cancer Elderly patients with esophageal cancer will receive thoracic radiation therapy 54-60Gy over 30 fractions, and concurrent with Gefitinib."
NCT00001523,Structure and Functional Status of Parotid Glands Exposed to Therapeutic Irradiation,"Radiation Injuries, Xerostomia","Therapeutic irradiation to the head and neck for cancer damages salivary glands present in the radiation field. Despite long recognition of radiation-induced salivary hypofunction, and the associated oral morbidities, the specific damage mechanism(s) is not known and the structure and functional integrity of the surviving parenchymal tissue has not been well-documented. Detailed knowledge of the latter is particularly necessary in order to design appropriate corrective therapies. It is the purpose of this study to provide such a detailed structural and functional assessment of human parotid glands following irradiation. The study will examine 20 patients beginning just prior to therapeutic irradiation and continuing at intervals for 3 years for a total of 5 study visits. Study visits (prior to irradiation and at 4 weeks, 12 weeks, 12 months and 36 months post-irradiation) will include the following procedures: i) detailed oral exam and structured interview; ii) salivary gland functional assessment; iii) sialography of each parotid gland; iv) 99mTcO4 scan of the salivary glands; and v) a magnetic resonance imaging (MRI) scan of the parotid glands. Based on previous single observation studies in humans, and more detailed animal studies, we hypothesize that ionizing radiation will lead to reduced parotid gland function and diminished salivary parenchymal tissue (with a preferential loss in acinar versus ductal cells). Further, we hypothesize that the parenchymal loss will increase with time (replaced by fat and connective tissue) and lead to progressive irreversible salivary dysfunction.",,COMPLETED,"Structure and Functional Status of Parotid Glands Exposed to Therapeutic Irradiation Radiation Injuries, Xerostomia Therapeutic irradiation to the head and neck for cancer damages salivary glands present in the radiation field. Despite long recognition of radiation-induced salivary hypofunction, and the associated oral morbidities, the specific damage mechanism(s) is not known and the structure and functional integrity of the surviving parenchymal tissue has not been well-documented. Detailed knowledge of the latter is particularly necessary in order to design appropriate corrective therapies. It is the purpose of this study to provide such a detailed structural and functional assessment of human parotid glands following irradiation. The study will examine 20 patients beginning just prior to therapeutic irradiation and continuing at intervals for 3 years for a total of 5 study visits. Study visits (prior to irradiation and at 4 weeks, 12 weeks, 12 months and 36 months post-irradiation) will include the following procedures: i) detailed oral exam and structured interview; ii) salivary gland functional assessment; iii) sialography of each parotid gland; iv) 99mTcO4 scan of the salivary glands; and v) a magnetic resonance imaging (MRI) scan of the parotid glands. Based on previous single observation studies in humans, and more detailed animal studies, we hypothesize that ionizing radiation will lead to reduced parotid gland function and diminished salivary parenchymal tissue (with a preferential loss in acinar versus ductal cells). Further, we hypothesize that the parenchymal loss will increase with time (replaced by fat and connective tissue) and lead to progressive irreversible salivary dysfunction."
NCT04767659,Monitoring Response to NAC and Prediction of pCR in Breast Cancer Patients Using Optical Imaging,"Breast Cancer Female, Chemotherapy Effect","Neoadjuvant chemotherapy (NAC) is the first line treatment for locally advanced breast cancer (BC). Besides making breast conserving surgery feasible, its main aim is to achieve a pathological complete response (pCR). Previous studies demonstrated that a pCR correlated with a higher disease-free survival. Tumor response may vary among different BC subtypes and only 30% of BC respond completely to NAC. Treating chemo-resistant disease with NAC may cause patient harm due to drug toxicity and surgery delay.

It is therefore very important to promptly identify those women who will not benefit from NAC.

Mammography and ultrasound proved ineffective in monitoring changes in lesion size due to therapy-induced fibrosis. MRI is the most accurate imaging technique for assessing early clinical response by measuring tumor size, however its accuracy is lower post NAC. This necessitates the need for a new technique able to non invasively assess the effectiveness of NAC. Optical techniques are sensitive to the biological changes that occur within the tumor after NAC administration. These changes occur prior to tumor size reduction.

Optically estimated total hemoglobin concentration correlates with the histological analysis of vasculature as well as with tumor-associated angiogenesis which can affect tumor changes during NAC. Other promising biomarkers related to tissue composition (water, lipid, collagen content) and structure (scattering) may also be evaluated by optical techniques.

The aim of the study is to monitor the effectiveness of NAC in BC patients with a near infrared spectroscopic imaging platform which allows to non-invasively detect changes in vascularization and size of BC and to characterize the presence of temporal changes in regional concentrations of relevant biomarkers (oxy- and deoxyhemoglobin, water, lipid and collagen concentration, scattering) within tissue during NAC.

This optical imaging technique will provide a non-invasive, safe and relatively inexpensive tool to monitor patients' response to NAC and to predict their outcome.",NA,RECRUITING,"Monitoring Response to NAC and Prediction of pCR in Breast Cancer Patients Using Optical Imaging Breast Cancer Female, Chemotherapy Effect Neoadjuvant chemotherapy (NAC) is the first line treatment for locally advanced breast cancer (BC). Besides making breast conserving surgery feasible, its main aim is to achieve a pathological complete response (pCR). Previous studies demonstrated that a pCR correlated with a higher disease-free survival. Tumor response may vary among different BC subtypes and only 30% of BC respond completely to NAC. Treating chemo-resistant disease with NAC may cause patient harm due to drug toxicity and surgery delay.

It is therefore very important to promptly identify those women who will not benefit from NAC.

Mammography and ultrasound proved ineffective in monitoring changes in lesion size due to therapy-induced fibrosis. MRI is the most accurate imaging technique for assessing early clinical response by measuring tumor size, however its accuracy is lower post NAC. This necessitates the need for a new technique able to non invasively assess the effectiveness of NAC. Optical techniques are sensitive to the biological changes that occur within the tumor after NAC administration. These changes occur prior to tumor size reduction.

Optically estimated total hemoglobin concentration correlates with the histological analysis of vasculature as well as with tumor-associated angiogenesis which can affect tumor changes during NAC. Other promising biomarkers related to tissue composition (water, lipid, collagen content) and structure (scattering) may also be evaluated by optical techniques.

The aim of the study is to monitor the effectiveness of NAC in BC patients with a near infrared spectroscopic imaging platform which allows to non-invasively detect changes in vascularization and size of BC and to characterize the presence of temporal changes in regional concentrations of relevant biomarkers (oxy- and deoxyhemoglobin, water, lipid and collagen concentration, scattering) within tissue during NAC.

This optical imaging technique will provide a non-invasive, safe and relatively inexpensive tool to monitor patients' response to NAC and to predict their outcome."
NCT01231659,Safety and Efficacy of RAD001 (Everolimus) in Combination With Letrozole in the Treatment of Postmenopausal Women With Locally Advanced or Metastatic Breast Cancer,"Postmenopausal Women, Locally Advanced Metastatic Breast Cancer, Metastatic Breast Cancer","This was a multi-center, Israeli phase II open label study evaluating treatment with RAD001 (10 mg daily) combined with letrozole (2.5 mg daily) in postmenopausal women after recurrence or progression on Tamoxifen, Anastrozole or Examestane.

There were no treatments specifically approved after recurrence or progression on AIs. Available options, based on common clinical practice and several treatment guidelines (e.g. NCCN treatment guidelines 2008), included fulvestrant.

Combining RAD001 with letrazole was a rational approach to the treatment of advanced Brest Cancer, offering the potential for inhibition of tumor cell growth\\ proliferation and anti angiogenesis while at the same time potentially preventing the development of letrazole resistance.",PHASE2,COMPLETED,"Safety and Efficacy of RAD001 (Everolimus) in Combination With Letrozole in the Treatment of Postmenopausal Women With Locally Advanced or Metastatic Breast Cancer Postmenopausal Women, Locally Advanced Metastatic Breast Cancer, Metastatic Breast Cancer This was a multi-center, Israeli phase II open label study evaluating treatment with RAD001 (10 mg daily) combined with letrozole (2.5 mg daily) in postmenopausal women after recurrence or progression on Tamoxifen, Anastrozole or Examestane.

There were no treatments specifically approved after recurrence or progression on AIs. Available options, based on common clinical practice and several treatment guidelines (e.g. NCCN treatment guidelines 2008), included fulvestrant.

Combining RAD001 with letrazole was a rational approach to the treatment of advanced Brest Cancer, offering the potential for inhibition of tumor cell growth\\ proliferation and anti angiogenesis while at the same time potentially preventing the development of letrazole resistance."
NCT06261879,Non-invasive Biomarker Discovery for Pre-cervical or/and Cervical Cancer--ACTN4 and Other Biomarkers in Menstrual Blood,"Cervical Cancer, CIN","The goal of this clinical trial is

1. To test the sensitivity and specificity of using ACTN4 from menstrual blood for the detection of pre-cervical or/and cervical cancer.
2. If ACTN4 is not a promising biomarker, other biomarkers will be explored.
3. To develop an effective and non-invasive detection method for pre-cervical or/and cervical cancer.

in Women with menstruation.

The main question it aims to answer is:

To validate whether menstrual blood could be used as a non-invasive means for the detection of pre-cervical or cervical cancer

Participants will

1. Join the briefing session of the study
2. Sign the consent form and health questionnaire
3. Submit the cervical medical report(s) within 3 months or perform sponsored pap smear test
4. Collect the menstrual blood sample

If there is a comparison group: Researchers will compare The diseased group and the healthy group according to the medical reports they provided to see if ACTN4 from menstrual blood is a promising biomarker for the detection of pre-cervical or cervical cancer",NA,UNKNOWN,"Non-invasive Biomarker Discovery for Pre-cervical or/and Cervical Cancer--ACTN4 and Other Biomarkers in Menstrual Blood Cervical Cancer, CIN The goal of this clinical trial is

1. To test the sensitivity and specificity of using ACTN4 from menstrual blood for the detection of pre-cervical or/and cervical cancer.
2. If ACTN4 is not a promising biomarker, other biomarkers will be explored.
3. To develop an effective and non-invasive detection method for pre-cervical or/and cervical cancer.

in Women with menstruation.

The main question it aims to answer is:

To validate whether menstrual blood could be used as a non-invasive means for the detection of pre-cervical or cervical cancer

Participants will

1. Join the briefing session of the study
2. Sign the consent form and health questionnaire
3. Submit the cervical medical report(s) within 3 months or perform sponsored pap smear test
4. Collect the menstrual blood sample

If there is a comparison group: Researchers will compare The diseased group and the healthy group according to the medical reports they provided to see if ACTN4 from menstrual blood is a promising biomarker for the detection of pre-cervical or cervical cancer"
NCT00267696,"Study of Gemcitabine/Carboplatin/Bevacizumab to Treat Ovarian, Fallopian Tube or Primary Peritoneal Cancer","Ovarian Cancer, Fallopian Tube Cancer, Peritoneal Cancer","The purpose of this study is to test the effectiveness, safety and tolerability of the drug combination: gemcitabine, carboplatin and bevacizumab in patients that have been diagnosed with platinum sensitive recurrent ovarian cancer, fallopian tube or primary peritoneal cancer.",PHASE2,COMPLETED,"Study of Gemcitabine/Carboplatin/Bevacizumab to Treat Ovarian, Fallopian Tube or Primary Peritoneal Cancer Ovarian Cancer, Fallopian Tube Cancer, Peritoneal Cancer The purpose of this study is to test the effectiveness, safety and tolerability of the drug combination: gemcitabine, carboplatin and bevacizumab in patients that have been diagnosed with platinum sensitive recurrent ovarian cancer, fallopian tube or primary peritoneal cancer."
NCT02252146,Dose Escalation Study in Patients With Relapsed or Refractory DLBCL and MyD88 L265P Mutation,Diffuse Large B Cell Lymphoma,"Recent reports have identified a specific oncogenic mutation L265P of the MYD88 gene in approximately 30% of the patients with the activated B-cell (ABC) type of Diffuse Large B Cell Lymphoma (DLBCL). MYD88 is an initial adapter linker protein in the signaling pathway of the Toll Like Receptors (TLRs), including the endosomal TLRs 7, 8, and 9, for which the ligands are nucleic acids. IMO-8400 is an oligonucleotide specifically designed to inhibit ligand activation of TLRs 7,8, and 9. Recent studies indicate that in the presence of L265P mutation ligand activation of those TLRs results in markedly increased signaling with subsequent increased cell activation, cell survival, and cell proliferation. The scientific rationale for assessing the use of IMO-8400 to treat patients with DLBCL and the L265P mutation is based on laboratory observations that IMO-8400 inhibits ligand-based activation of cells with the mutation and decreases the survival and proliferation of the cell populations responsible for the propagation of the disease.","PHASE1, PHASE2",COMPLETED,"Dose Escalation Study in Patients With Relapsed or Refractory DLBCL and MyD88 L265P Mutation Diffuse Large B Cell Lymphoma Recent reports have identified a specific oncogenic mutation L265P of the MYD88 gene in approximately 30% of the patients with the activated B-cell (ABC) type of Diffuse Large B Cell Lymphoma (DLBCL). MYD88 is an initial adapter linker protein in the signaling pathway of the Toll Like Receptors (TLRs), including the endosomal TLRs 7, 8, and 9, for which the ligands are nucleic acids. IMO-8400 is an oligonucleotide specifically designed to inhibit ligand activation of TLRs 7,8, and 9. Recent studies indicate that in the presence of L265P mutation ligand activation of those TLRs results in markedly increased signaling with subsequent increased cell activation, cell survival, and cell proliferation. The scientific rationale for assessing the use of IMO-8400 to treat patients with DLBCL and the L265P mutation is based on laboratory observations that IMO-8400 inhibits ligand-based activation of cells with the mutation and decreases the survival and proliferation of the cell populations responsible for the propagation of the disease."
NCT04974346,Para-aortic Prophylactic Irradiation for Locally Advanced Cervical Cancer,Cervical Cancer,"Para-aortic lymph node metastasis is a poor prognostic factor for locally advanced cervical cancer, but false negative diagnosis is easy to occur. The aim of this trial was to investigate whether para-aortic prophylactic radiotherapy improves disease-free survival in patients with positive pelvic lymph nodes below the common iliac artery.",PHASE3,RECRUITING,"Para-aortic Prophylactic Irradiation for Locally Advanced Cervical Cancer Cervical Cancer Para-aortic lymph node metastasis is a poor prognostic factor for locally advanced cervical cancer, but false negative diagnosis is easy to occur. The aim of this trial was to investigate whether para-aortic prophylactic radiotherapy improves disease-free survival in patients with positive pelvic lymph nodes below the common iliac artery."
NCT06385288,Blood and Tissue Extraction for Immunological Examinations During Neoadjuvant Therapy of Soft Tissue Sarcomas,Soft Tissue Sarcoma Adult,"""Blood and Tissue Extraction for Immunological Examinations During Neoadjuvant Therapy of Soft Tissue Sarcoma"" is a prospective study with additional translational research using preoperative and postoperative tissue, blood sampling and advanced imaging.",NA,RECRUITING,"Blood and Tissue Extraction for Immunological Examinations During Neoadjuvant Therapy of Soft Tissue Sarcomas Soft Tissue Sarcoma Adult ""Blood and Tissue Extraction for Immunological Examinations During Neoadjuvant Therapy of Soft Tissue Sarcoma"" is a prospective study with additional translational research using preoperative and postoperative tissue, blood sampling and advanced imaging."
NCT00538603,"Multi-national, Randomized, Phase III, GCIG Intergroup Study Comparing Pegylated Liposomal Doxorubicin (CAELYX) and Carboplatin vs. Paclitaxel and Carboplatin in Patients With Epithelial Ovarian Cancer in Late Relapse. (CALYPSO)",Epithelial Ovarian Cancer,"Multi-national, randomized, phase III, GCIG Intergroup study comparing pegylated liposomal Doxorubicin (CAELYX) and Carboplatin vs. Paclitaxel and Carboplatin in patients with epithelial ovarian cancer in late relapse. (CALYPSO)",NA,COMPLETED,"Multi-national, Randomized, Phase III, GCIG Intergroup Study Comparing Pegylated Liposomal Doxorubicin (CAELYX) and Carboplatin vs. Paclitaxel and Carboplatin in Patients With Epithelial Ovarian Cancer in Late Relapse. (CALYPSO) Epithelial Ovarian Cancer Multi-national, randomized, phase III, GCIG Intergroup study comparing pegylated liposomal Doxorubicin (CAELYX) and Carboplatin vs. Paclitaxel and Carboplatin in patients with epithelial ovarian cancer in late relapse. (CALYPSO)"
NCT07130903,Amplitude-Modulated Radiofrequency Electromagnetic Fields (AM RF EMF) in Combination With Fruquintinib in Refractory Metastatic Colorectal Cancer,Metastatic Colorectal Adenocarcinoma,"The goal of this clinical trial is to learn if adding amplitude-modulated radiofrequency electromagnetic fields (AM RF EMF) to Fruquintinib in metastatic colorectal cancer that has not responded to other standard treatment is:

* Effective in improving survival
* safe and tolerable",PHASE2,RECRUITING,"Amplitude-Modulated Radiofrequency Electromagnetic Fields (AM RF EMF) in Combination With Fruquintinib in Refractory Metastatic Colorectal Cancer Metastatic Colorectal Adenocarcinoma The goal of this clinical trial is to learn if adding amplitude-modulated radiofrequency electromagnetic fields (AM RF EMF) to Fruquintinib in metastatic colorectal cancer that has not responded to other standard treatment is:

* Effective in improving survival
* safe and tolerable"
NCT04387227,"Pembrolizumab and Carboplatin for the Treatment of Recurrent Ovarian, Fallopian Tube, or Primary Peritoneal Cancer","Recurrent Fallopian Tube Carcinoma, Recurrent Ovarian Carcinoma, Recurrent Primary Peritoneal Carcinoma","This phase II trial investigates how well pembrolizumab and carboplatin work in treating patients with ovarian, fallopian tube, or primary peritoneal cancer that has come back (recurrent). Immunotherapy with monoclonal antibodies, such as pembrolizumab, may help the body's immune system attack the cancer, and may interfere with the ability of tumor cells to grow and spread. Chemotherapy drugs, such as carboplatin, work in different ways to stop the growth of tumor cells, either by killing the cells, by stopping them from dividing, or by stopping them from spreading. Giving pembrolizumab together with carboplatin may work better in treating patients with recurrent ovarian, fallopian tube, or primary peritoneal cancer.",PHASE2,ACTIVE_NOT_RECRUITING,"Pembrolizumab and Carboplatin for the Treatment of Recurrent Ovarian, Fallopian Tube, or Primary Peritoneal Cancer Recurrent Fallopian Tube Carcinoma, Recurrent Ovarian Carcinoma, Recurrent Primary Peritoneal Carcinoma This phase II trial investigates how well pembrolizumab and carboplatin work in treating patients with ovarian, fallopian tube, or primary peritoneal cancer that has come back (recurrent). Immunotherapy with monoclonal antibodies, such as pembrolizumab, may help the body's immune system attack the cancer, and may interfere with the ability of tumor cells to grow and spread. Chemotherapy drugs, such as carboplatin, work in different ways to stop the growth of tumor cells, either by killing the cells, by stopping them from dividing, or by stopping them from spreading. Giving pembrolizumab together with carboplatin may work better in treating patients with recurrent ovarian, fallopian tube, or primary peritoneal cancer."
NCT01558661,"Axitinib (AG-013736) in Patients With Progressive, Recurrent/Metastatic Adenoid Cystic Carcinoma",Adenoid Cystic Carcinoma,"The purpose of this study is to find out what effects, good and/or bad, a new treatment called axitinib has on the patient and adenoid cystic carcinoma. This type of cancer study is called a phase II study.

Axitinib is an oral medication that can interfere with cancer cell growth and reduce the growth of blood vessels around tumors. This study will help find out if axitinib is a useful drug for treating patients with adenoid cystic carcinomas. Axitinib is an experimental drug that has not yet been approved by the Food and Drug Administration for use in adenoid cystic carcinoma.",PHASE2,COMPLETED,"Axitinib (AG-013736) in Patients With Progressive, Recurrent/Metastatic Adenoid Cystic Carcinoma Adenoid Cystic Carcinoma The purpose of this study is to find out what effects, good and/or bad, a new treatment called axitinib has on the patient and adenoid cystic carcinoma. This type of cancer study is called a phase II study.

Axitinib is an oral medication that can interfere with cancer cell growth and reduce the growth of blood vessels around tumors. This study will help find out if axitinib is a useful drug for treating patients with adenoid cystic carcinomas. Axitinib is an experimental drug that has not yet been approved by the Food and Drug Administration for use in adenoid cystic carcinoma."
NCT05020561,Life After Breast Cancer - Impact of a Life Coach,"Survivorship, Breast Cancer","The objectives of our intervention are to

1. Ease the transition between cancer treatment and active life, and
2. Allow breast cancer survivors to take control of their lives.

The primary objective of this study is to:

1\) Determine whether individual life coaching (i.e., individualized guidance that helps to put resources into action) can significantly improve quality of life and post-traumatic growth among women who have been recently treated with breast cancer.

It is hypothesized that:

1. Participants who receive both ""group coaching sessions"" and ""individualized coaching sessions"" will report greater post-traumatic growth and quality of life, and less fear of cancer recurrence when compared to the breast cancer survivors who received only the group coaching sessions or usual care.
2. Participants who receive only the group coaching sessions will report greater post-traumatic growth and quality of life, and lesser fear of cancer recurrence when compared to the participants who receive usual care.",NA,UNKNOWN,"Life After Breast Cancer - Impact of a Life Coach Survivorship, Breast Cancer The objectives of our intervention are to

1. Ease the transition between cancer treatment and active life, and
2. Allow breast cancer survivors to take control of their lives.

The primary objective of this study is to:

1\) Determine whether individual life coaching (i.e., individualized guidance that helps to put resources into action) can significantly improve quality of life and post-traumatic growth among women who have been recently treated with breast cancer.

It is hypothesized that:

1. Participants who receive both ""group coaching sessions"" and ""individualized coaching sessions"" will report greater post-traumatic growth and quality of life, and less fear of cancer recurrence when compared to the breast cancer survivors who received only the group coaching sessions or usual care.
2. Participants who receive only the group coaching sessions will report greater post-traumatic growth and quality of life, and lesser fear of cancer recurrence when compared to the participants who receive usual care."
NCT04902586,Effect of Radiotherapy Concurrent of TTFields in Patients With Glioblastoma,"Glioma, Glioblastoma","TTFields has been approved by the FDA for the treatment of patients with glioblastoma multiforme. However, the clinical effect and safety of radiotherapy concurrent of TTFields is not definite. In this study, the investigators conduct a phase II clinical trial to evaluate the efficacy and safety of this strategy.",NA,UNKNOWN,"Effect of Radiotherapy Concurrent of TTFields in Patients With Glioblastoma Glioma, Glioblastoma TTFields has been approved by the FDA for the treatment of patients with glioblastoma multiforme. However, the clinical effect and safety of radiotherapy concurrent of TTFields is not definite. In this study, the investigators conduct a phase II clinical trial to evaluate the efficacy and safety of this strategy."
NCT06693986,Adenovirus (RGDCRAdCOX2F),Adenocarcinoma of Pancreas,"This is a single center, Phase I dose finding study of a single direct tumor injection of an RGD modified conditionally replicative adenovirus (RGDCRAdcox2F) in persons with adenocarcinoma of the pancreas. The study is designed to determine the MTD of RGDCRAdCOX2F that corresponds to the maximum desired toxicity of ≤ 20%.",PHASE1,RECRUITING,"Adenovirus (RGDCRAdCOX2F) Adenocarcinoma of Pancreas This is a single center, Phase I dose finding study of a single direct tumor injection of an RGD modified conditionally replicative adenovirus (RGDCRAdcox2F) in persons with adenocarcinoma of the pancreas. The study is designed to determine the MTD of RGDCRAdCOX2F that corresponds to the maximum desired toxicity of ≤ 20%."
NCT02770586,Comparison of Positron Emission Mammography and Contrast-enhanced Breast MRI,Breast Cancer,"The hypothesis of this study is that positron emission mammography will provide comparable sensitivity to contrast-enhanced breast MRI in women with a high suspicion of breast cancer.

The aim of this study is to determine the sensitivity of Positron Emission Mammography (PEM) relative to that of Contrast-enhanced breast MRI (CE-MRI) in women with a high suspicion of breast cancer",NA,COMPLETED,"Comparison of Positron Emission Mammography and Contrast-enhanced Breast MRI Breast Cancer The hypothesis of this study is that positron emission mammography will provide comparable sensitivity to contrast-enhanced breast MRI in women with a high suspicion of breast cancer.

The aim of this study is to determine the sensitivity of Positron Emission Mammography (PEM) relative to that of Contrast-enhanced breast MRI (CE-MRI) in women with a high suspicion of breast cancer"
NCT07268469,Minimal Residual Disease in Solid Malignancies,"Breast Cancer, Non Small Cell Lung Cancer, Prostate Cancer, High Grade Serous Ovarian Cancer, Gastric Cancer","The IMRD study is a single-centre, prospective observational study which will investigate the rate of ctDNA (circulating tumor DNA) detection from the start of adjuvant therapy following curative-intent surgery. The study will include patients of age 18 years old or older, who provided informed consent. Eligible patients are affected by one of the following non-metastatic resected tumors: i) breast cancer (BC), ii) non-oncogene addicted (EGFR/ALK-wild type) non-small-cell lung cancer (NSCLC), iii) high-risk and very high-risk prostate cancer, iv) high-grade serous ovarian cancer (HGSOC), and v) gastric cancer. Eligible patients will undergo surgery and receive adjuvant treatment(s) as per standard guidelines. Patients who underwent neoadjuvant treatments and had a complete pathological response (i.e., no residual tumor at surgery following neoadjuvant treatments) will not be eligible for the present study.

During adjuvant treatment and following its conclusion, patients will be subjected to instrumental monitoring, as per standard guidelines and clinical practice. For eligible patients, a baseline plasma sample will be collected at the time of surgery (feasibility window) and prior to the start of adjuvant treatments (not prior to 28 from the date of surgery) for assessing the detection of ctDNA. Afterwards, plasma samples will be collected at 3, 6 and 9 months from the start of postoperative adjuvant treatments. For patient specific monitoring, a tumor-informed targeted sequencing panel, using tumor-specific mutations detected with WES, will be employed to gather the most sensitive diagnostic platforms, mitigating the risk of negative cases. At 6 months or upon positive ctDNA detection, either a thoracic-abdominal-pelvic or total-body CT scan will be performed to exclude the presence of overt metastatic disease. All patients included in the study will be monitored with longitudinal ctDNA assessment until one-year or follow-up or until the radiological detection of metastatic disease, whichever will occur first. Additional follow-up will be carried outside the IMRD study and will follow standard clinical protocols and schedules. Being an observational study, no treatment intervention will be applied as per protocol based on the detection or absence of ctDNA. For conducting exploratory analyses, the primary tumors will be retrieved and subjected to WES, and the study will aim to detect molecular tumor variables associated with a lack of ctDNA clearance following curative-intent treatment interventions.

The study will be conducted in 2 phases. The first phase aims at verifying the feasibility and sustainability of such approach, based on the identification of at least 15% positive patients. This phase is predicted to be completed within 2 years, and is the object of the present application. If the first endpoint is achieved, we will expand the study to include the co-primary endpoint, which aims at estimating the fraction of patients with persistent ctDNA 6 months post-surgery despite adjuvant therapy.",NA,NOT_YET_RECRUITING,"Minimal Residual Disease in Solid Malignancies Breast Cancer, Non Small Cell Lung Cancer, Prostate Cancer, High Grade Serous Ovarian Cancer, Gastric Cancer The IMRD study is a single-centre, prospective observational study which will investigate the rate of ctDNA (circulating tumor DNA) detection from the start of adjuvant therapy following curative-intent surgery. The study will include patients of age 18 years old or older, who provided informed consent. Eligible patients are affected by one of the following non-metastatic resected tumors: i) breast cancer (BC), ii) non-oncogene addicted (EGFR/ALK-wild type) non-small-cell lung cancer (NSCLC), iii) high-risk and very high-risk prostate cancer, iv) high-grade serous ovarian cancer (HGSOC), and v) gastric cancer. Eligible patients will undergo surgery and receive adjuvant treatment(s) as per standard guidelines. Patients who underwent neoadjuvant treatments and had a complete pathological response (i.e., no residual tumor at surgery following neoadjuvant treatments) will not be eligible for the present study.

During adjuvant treatment and following its conclusion, patients will be subjected to instrumental monitoring, as per standard guidelines and clinical practice. For eligible patients, a baseline plasma sample will be collected at the time of surgery (feasibility window) and prior to the start of adjuvant treatments (not prior to 28 from the date of surgery) for assessing the detection of ctDNA. Afterwards, plasma samples will be collected at 3, 6 and 9 months from the start of postoperative adjuvant treatments. For patient specific monitoring, a tumor-informed targeted sequencing panel, using tumor-specific mutations detected with WES, will be employed to gather the most sensitive diagnostic platforms, mitigating the risk of negative cases. At 6 months or upon positive ctDNA detection, either a thoracic-abdominal-pelvic or total-body CT scan will be performed to exclude the presence of overt metastatic disease. All patients included in the study will be monitored with longitudinal ctDNA assessment until one-year or follow-up or until the radiological detection of metastatic disease, whichever will occur first. Additional follow-up will be carried outside the IMRD study and will follow standard clinical protocols and schedules. Being an observational study, no treatment intervention will be applied as per protocol based on the detection or absence of ctDNA. For conducting exploratory analyses, the primary tumors will be retrieved and subjected to WES, and the study will aim to detect molecular tumor variables associated with a lack of ctDNA clearance following curative-intent treatment interventions.

The study will be conducted in 2 phases. The first phase aims at verifying the feasibility and sustainability of such approach, based on the identification of at least 15% positive patients. This phase is predicted to be completed within 2 years, and is the object of the present application. If the first endpoint is achieved, we will expand the study to include the co-primary endpoint, which aims at estimating the fraction of patients with persistent ctDNA 6 months post-surgery despite adjuvant therapy."
NCT07346469,"Exploring the Effects of Magnesium Ions on Peripheral Neuropathy, Serum Magnesium Ion Concentration,Sleep Quality, and Quality of Life in Patients With Colorectal Cancer Receiving Chemotherapy.","Colorectal Cancer (CRC), Chemotherapy Induced Peripheral Neuropathy (CIPN), Sleep Quality, Quality of Life (QOL)","Chemotherapy for colorectal cancer (CRC) is frequently complicated by chemotherapy-induced peripheral neuropathy (CIPN) and impaired sleep quality, significantly impacting patient quality of life. Low magnesium levels have been implicated in peripheral nerve dysfunction. This interventional study aims to investigate the effects of magnesium supplementation on serum magnesium concentration, CIPN severity, and sleep quality in CRC patients undergoing chemotherapy.

Study Design and Methods

This is a prospective, parallel-group, randomized controlled trial (RCT) utilizing a longitudinal design. Participants (CRC patients undergoing chemotherapy) will be randomly allocated to one of three groups:

* Experimental Group 1: Oral magnesium (400mg) supplementation.
* Experimental Group 2: Oral magnesium (400mg}) supplementation and magnesium solution foot baths.
* Control Group: Standard care.

Measurements will be collected using structured questionnaires and blood samples during each chemotherapy cycle. The primary outcomes will be assessed using:

* Serum Magnesium Concentration
* CIPN Severity: Functional Assessment of Cancer Therapy/Gynecologic Oncology Group-neurotoxicity (FACT/GOG-Ntx) scale.
* Sleep Quality: Verran and Snyder-Halpern Sleep Scale (VSH). Primary Research Questions (Hypotheses)

  1. Can the magnesium intervention (oral and/or foot baths) effectively increase the serum magnesium concentration in CRC patients?
  2. Can the magnesium intervention alleviate or improve the severity of CIPN?
  3. Can the magnesium intervention improve the sleep quality of CRC patients during chemotherapy? The intervention groups will be compared against the control group to determine if the magnesium interventions lead to superior improvement in the measured outcomes.",NA,NOT_YET_RECRUITING,"Exploring the Effects of Magnesium Ions on Peripheral Neuropathy, Serum Magnesium Ion Concentration,Sleep Quality, and Quality of Life in Patients With Colorectal Cancer Receiving Chemotherapy. Colorectal Cancer (CRC), Chemotherapy Induced Peripheral Neuropathy (CIPN), Sleep Quality, Quality of Life (QOL) Chemotherapy for colorectal cancer (CRC) is frequently complicated by chemotherapy-induced peripheral neuropathy (CIPN) and impaired sleep quality, significantly impacting patient quality of life. Low magnesium levels have been implicated in peripheral nerve dysfunction. This interventional study aims to investigate the effects of magnesium supplementation on serum magnesium concentration, CIPN severity, and sleep quality in CRC patients undergoing chemotherapy.

Study Design and Methods

This is a prospective, parallel-group, randomized controlled trial (RCT) utilizing a longitudinal design. Participants (CRC patients undergoing chemotherapy) will be randomly allocated to one of three groups:

* Experimental Group 1: Oral magnesium (400mg) supplementation.
* Experimental Group 2: Oral magnesium (400mg}) supplementation and magnesium solution foot baths.
* Control Group: Standard care.

Measurements will be collected using structured questionnaires and blood samples during each chemotherapy cycle. The primary outcomes will be assessed using:

* Serum Magnesium Concentration
* CIPN Severity: Functional Assessment of Cancer Therapy/Gynecologic Oncology Group-neurotoxicity (FACT/GOG-Ntx) scale.
* Sleep Quality: Verran and Snyder-Halpern Sleep Scale (VSH). Primary Research Questions (Hypotheses)

  1. Can the magnesium intervention (oral and/or foot baths) effectively increase the serum magnesium concentration in CRC patients?
  2. Can the magnesium intervention alleviate or improve the severity of CIPN?
  3. Can the magnesium intervention improve the sleep quality of CRC patients during chemotherapy? The intervention groups will be compared against the control group to determine if the magnesium interventions lead to superior improvement in the measured outcomes."
NCT07052383,Safety and Efficacy of DIT309 in Advanced Bone and Soft Tissue Sarcomas,"Osteosarcoma, Soft Tissue Sarcoma","This is a open-Label, dose-escalation study to evaluate the safety, tolerability and antitumor activity of DIT309 in subjects with advanced bone and soft tissue sarcomas.The study also plan to explore the Maximum Tolerated Dose (MTD) and determine the Recommended Phase II Dose (RP2D) of the CAR-T cell therapy.",PHASE1,RECRUITING,"Safety and Efficacy of DIT309 in Advanced Bone and Soft Tissue Sarcomas Osteosarcoma, Soft Tissue Sarcoma This is a open-Label, dose-escalation study to evaluate the safety, tolerability and antitumor activity of DIT309 in subjects with advanced bone and soft tissue sarcomas.The study also plan to explore the Maximum Tolerated Dose (MTD) and determine the Recommended Phase II Dose (RP2D) of the CAR-T cell therapy."
NCT06345183,Real-World Outcomes of Nivolumab+Ipilimumab and Pembrolizumab+Lenvatinib Among US Advanced Renal Cell Carcinoma (aRCC) Patients,Advanced Renal Cell Carcinoma (aRCC),"This observational study aims to describe demographic, clinical characteristics, treatment patterns outcomes of participants with advanced Renal Cell Carcinoma (aRCC) receiving either Nivolumab + Ipilimumab, or Pembrolizumab + Lenvatinib combination therapy",,COMPLETED,"Real-World Outcomes of Nivolumab+Ipilimumab and Pembrolizumab+Lenvatinib Among US Advanced Renal Cell Carcinoma (aRCC) Patients Advanced Renal Cell Carcinoma (aRCC) This observational study aims to describe demographic, clinical characteristics, treatment patterns outcomes of participants with advanced Renal Cell Carcinoma (aRCC) receiving either Nivolumab + Ipilimumab, or Pembrolizumab + Lenvatinib combination therapy"
NCT01524783,Everolimus Plus Best Supportive Care vs Placebo Plus Best Supportive Care in the Treatment of Patients With Advanced Neuroendocrine Tumors (GI or Lung Origin),"Advanced NET of GI Origin, Advanced NET of Lung Origin, Neuroendocrine Tumors","The purpose of this study is to compare the antitumor activity of everolimus plus best supportive care versus placebo plus best supportive care in patients with progressive nonfunctional neuroendocrine tumor (NET) of gastrointestinal (GI) or lung origin without a history of, or current symptoms of carcinoid syndrome.",PHASE3,COMPLETED,"Everolimus Plus Best Supportive Care vs Placebo Plus Best Supportive Care in the Treatment of Patients With Advanced Neuroendocrine Tumors (GI or Lung Origin) Advanced NET of GI Origin, Advanced NET of Lung Origin, Neuroendocrine Tumors The purpose of this study is to compare the antitumor activity of everolimus plus best supportive care versus placebo plus best supportive care in patients with progressive nonfunctional neuroendocrine tumor (NET) of gastrointestinal (GI) or lung origin without a history of, or current symptoms of carcinoid syndrome."
NCT01426841,Pilot Project of Adaptive Thoracic Radiotherapy for Small Cell Lung Cancer,Small Cell Lung Cancer,This study is intended to assess the feasibility of adjusting a radiation plan during its course to accommodate for a shrinking tumor target. The investigators hypothesize that an adaptive radiotherapy (RT) planning strategy for small cell lung cancer (SCLC) patients with chest-confined disease will allow for safe delivery of higher doses of chest RT than a non-adaptive RT planning approach without subjecting normal critical structures to unacceptable doses of radiotherapy.,PHASE1,UNKNOWN,Pilot Project of Adaptive Thoracic Radiotherapy for Small Cell Lung Cancer Small Cell Lung Cancer This study is intended to assess the feasibility of adjusting a radiation plan during its course to accommodate for a shrinking tumor target. The investigators hypothesize that an adaptive radiotherapy (RT) planning strategy for small cell lung cancer (SCLC) patients with chest-confined disease will allow for safe delivery of higher doses of chest RT than a non-adaptive RT planning approach without subjecting normal critical structures to unacceptable doses of radiotherapy.
NCT00555841,Safety and Efficacy of ALC in Breast Cancer in Subjects With Fatigue,Breast Cancer,"The objective of this study is to evaluate the efficacy and safety of ALC in the treatment of non-anemic, breast cancer subjects who develop moderate or severe fatigue during adjuvant radiotherapy.",PHASE2,TERMINATED,"Safety and Efficacy of ALC in Breast Cancer in Subjects With Fatigue Breast Cancer The objective of this study is to evaluate the efficacy and safety of ALC in the treatment of non-anemic, breast cancer subjects who develop moderate or severe fatigue during adjuvant radiotherapy."
NCT05872841,H101 Combined With TACE for Primary Hepatocellular Carcinoma With Portal Vein Thrombosis,"Primary Hepatocellular Carcinoma, Portal Vein Thrombosis","This study is the first to compare the efficacy and safety of recombinant human adenovirus type 5 injection via hepatic artery infusion combined with TACE-based combination therapy for the treatment of patients with stage IIIa primary hepatocellular carcinoma with portal vein carcinoma thrombosis, providing a safe and reliable treatment method for the clinical treatment of this group of patients, and also providing a reference and basis for the treatment of other tumors with this new treatment model.",PHASE2,UNKNOWN,"H101 Combined With TACE for Primary Hepatocellular Carcinoma With Portal Vein Thrombosis Primary Hepatocellular Carcinoma, Portal Vein Thrombosis This study is the first to compare the efficacy and safety of recombinant human adenovirus type 5 injection via hepatic artery infusion combined with TACE-based combination therapy for the treatment of patients with stage IIIa primary hepatocellular carcinoma with portal vein carcinoma thrombosis, providing a safe and reliable treatment method for the clinical treatment of this group of patients, and also providing a reference and basis for the treatment of other tumors with this new treatment model."
NCT07323641,"Telisotuzumab Vedotin and Osimertinib for the Treatment of Progressive, Incurable, Non Small Cell Lung Cancer",Lung Non-Small Cell Carcinoma,"This phase II trial tests how well telisotuzumab vedotin and osimertinib works for the treatment of non small cell lung cancer that is growing, spreading, or getting worse (progressive) and for which no treatment is currently available (incurable). Telisotuzumab vedotin is a monoclonal antibody, called telisotuzumab, linked to a toxic agent, called vedotin. Telisotuzumab is a form of targeted therapy because it attaches to specific molecules (receptors) on the surface of tumor cells, known as c-Met receptors, and delivers vedotin to kill them. Osimertinib may stop the growth of tumor cells by blocking some of the enzymes needed for cell growth. Giving telisotuzumab vedotin and osimertinib may be effective for treating progressive, incurable non small cell lung cancer.",PHASE2,RECRUITING,"Telisotuzumab Vedotin and Osimertinib for the Treatment of Progressive, Incurable, Non Small Cell Lung Cancer Lung Non-Small Cell Carcinoma This phase II trial tests how well telisotuzumab vedotin and osimertinib works for the treatment of non small cell lung cancer that is growing, spreading, or getting worse (progressive) and for which no treatment is currently available (incurable). Telisotuzumab vedotin is a monoclonal antibody, called telisotuzumab, linked to a toxic agent, called vedotin. Telisotuzumab is a form of targeted therapy because it attaches to specific molecules (receptors) on the surface of tumor cells, known as c-Met receptors, and delivers vedotin to kill them. Osimertinib may stop the growth of tumor cells by blocking some of the enzymes needed for cell growth. Giving telisotuzumab vedotin and osimertinib may be effective for treating progressive, incurable non small cell lung cancer."
NCT01029054,"Carfilzomib and Lenalidomide With Dexamethasone Combination in Newly Diagnosed, Previously Untreated Multiple Myeloma",Multiple Myeloma,This study is designed to evaluate the safety and to determine the maximum tolerated dose of carfilzomib + lenalidomide in combination with dexamethasone in newly diagnosed Multiple Myeloma patients who have not received treatment.,"PHASE1, PHASE2",COMPLETED,"Carfilzomib and Lenalidomide With Dexamethasone Combination in Newly Diagnosed, Previously Untreated Multiple Myeloma Multiple Myeloma This study is designed to evaluate the safety and to determine the maximum tolerated dose of carfilzomib + lenalidomide in combination with dexamethasone in newly diagnosed Multiple Myeloma patients who have not received treatment."
NCT00074854,A Clinical Efficacy Study Of An Oral Tyrosine Kinase Inhibitor Of VEGFR-2 Given In Combination With Chemotherapy,Lung Neoplasms,"The purpose of this study is to determine whether CP-547,632, an oral VEGFR-2 tyrosine kinase inhibitor when given in combination with chemotherapy (carboplatin and paclitaxel) is effective in the treatment of advanced stage non-small cell lung cancer.","PHASE1, PHASE2",COMPLETED,"A Clinical Efficacy Study Of An Oral Tyrosine Kinase Inhibitor Of VEGFR-2 Given In Combination With Chemotherapy Lung Neoplasms The purpose of this study is to determine whether CP-547,632, an oral VEGFR-2 tyrosine kinase inhibitor when given in combination with chemotherapy (carboplatin and paclitaxel) is effective in the treatment of advanced stage non-small cell lung cancer."
NCT06708754,Impact of Photobiomodulation (PBM) on Biomarkers of Radiation Lymphedema and Fibrosis in Head and Neck Cancer Patients,"Radiation Lymphedema, Radiation Fibrosis, Head and Neck Cancer","Radiation fibrosis syndrome (RFS) is a general side effect of radiation therapy (RT) which can adversely impact patients chronically over years typically triggered by an acute inflammatory state that evolves into chronic inflammation and tissue remodeling causing lymphedema, fibrosis, pain, atrophy and organ dysfunction. Some of the side effects that encompass RFS in the head and neck (HNC) population include decreased ability to fully open the mouth (trismus), neck pain and tightness (cervical dystonia), lymphedema (swelling), difficult with speech and swallowing and salivary hypofunction. Although there is Level I evidence demonstrating the benefit of Photobiomodulation (PBM) therapy to prevent acute mucositis in HNC patients treated with RT, there is only limited data regarding its impact.

This is a clinical trial to compare active treatment (PBM-therapy) with sham control (Sham- therapy). Up to 60 patients will be randomized to the two groups with equal allocation to estimate the efficacy (soft tissue thickness) of external Photobiomodulation (PBM) with light-emitting diode (LED) planned therapy for the treatment of radiation fibrosis syndrome (RFS) in head and neck cancer (HNC) patients who have undergone radiation therapy (RT) compared with sham control.",NA,RECRUITING,"Impact of Photobiomodulation (PBM) on Biomarkers of Radiation Lymphedema and Fibrosis in Head and Neck Cancer Patients Radiation Lymphedema, Radiation Fibrosis, Head and Neck Cancer Radiation fibrosis syndrome (RFS) is a general side effect of radiation therapy (RT) which can adversely impact patients chronically over years typically triggered by an acute inflammatory state that evolves into chronic inflammation and tissue remodeling causing lymphedema, fibrosis, pain, atrophy and organ dysfunction. Some of the side effects that encompass RFS in the head and neck (HNC) population include decreased ability to fully open the mouth (trismus), neck pain and tightness (cervical dystonia), lymphedema (swelling), difficult with speech and swallowing and salivary hypofunction. Although there is Level I evidence demonstrating the benefit of Photobiomodulation (PBM) therapy to prevent acute mucositis in HNC patients treated with RT, there is only limited data regarding its impact.

This is a clinical trial to compare active treatment (PBM-therapy) with sham control (Sham- therapy). Up to 60 patients will be randomized to the two groups with equal allocation to estimate the efficacy (soft tissue thickness) of external Photobiomodulation (PBM) with light-emitting diode (LED) planned therapy for the treatment of radiation fibrosis syndrome (RFS) in head and neck cancer (HNC) patients who have undergone radiation therapy (RT) compared with sham control."
NCT01437254,To Compare Safety and the General Imaging Pattern of Cyclotron Produced Technetium vs. Generator Produced Technetium in Patients With Thyroid Cancer,Thyroid Neoplasms,"The cyclotron production model of Tc-99m pertechnetate (CPERT) has received significant validation in the independent expert review conducted by Natural Resources Canada (NRCan) in the follow up to the Chalk River crisis. The University of Alberta's Edmonton PET Centre and the Edmonton Radiopharmaceutical Centre is a cyclotron / radiopharmacy unit, providing a safe, cost effective, unsubsidized, and reliable supply of radiopharmaceuticals to hospitals and clinics in Edmonton and northern Alberta. A Phase I study is proposed to show safety of CPERT as well as comparability with generator-produced Tc-99m pertechnetate (GPERT) in subjects with well differentiated thyroid carcinoma post-thyroidectomy and prior to planned I-131 Iodide treatment.",PHASE1,COMPLETED,"To Compare Safety and the General Imaging Pattern of Cyclotron Produced Technetium vs. Generator Produced Technetium in Patients With Thyroid Cancer Thyroid Neoplasms The cyclotron production model of Tc-99m pertechnetate (CPERT) has received significant validation in the independent expert review conducted by Natural Resources Canada (NRCan) in the follow up to the Chalk River crisis. The University of Alberta's Edmonton PET Centre and the Edmonton Radiopharmaceutical Centre is a cyclotron / radiopharmacy unit, providing a safe, cost effective, unsubsidized, and reliable supply of radiopharmaceuticals to hospitals and clinics in Edmonton and northern Alberta. A Phase I study is proposed to show safety of CPERT as well as comparability with generator-produced Tc-99m pertechnetate (GPERT) in subjects with well differentiated thyroid carcinoma post-thyroidectomy and prior to planned I-131 Iodide treatment."
NCT01750866,Cabazitaxel in Men 75 Years of Age or Older With Castration-Resistant Prostate Cancer,Castrate-resistant Metastatic Prostate Cancer,"Cabazitaxel is already approved by the Food and Drug Administration (FDA) for use in patients with advanced prostrate cancer, following docetaxel therapy. The purpose of this study is to better understand the response and toxicity of cabazitaxel of elderly men (age 75 years and older) with advanced prostate cancer who have progressed during or after treatment with docetaxel. All patients on this study will receive cabazitaxel by intravenous (through a vein) infusion plus prednisone by mouth twice daily, and following the chemotherapy infusions, an injection of a granulocyte colony-stimulating factor (G-CSF). G-CSF will help the body produce more white blood cells, which should help decrease the risk of getting an infection while being treated with cabazitaxel.",PHASE2,WITHDRAWN,"Cabazitaxel in Men 75 Years of Age or Older With Castration-Resistant Prostate Cancer Castrate-resistant Metastatic Prostate Cancer Cabazitaxel is already approved by the Food and Drug Administration (FDA) for use in patients with advanced prostrate cancer, following docetaxel therapy. The purpose of this study is to better understand the response and toxicity of cabazitaxel of elderly men (age 75 years and older) with advanced prostate cancer who have progressed during or after treatment with docetaxel. All patients on this study will receive cabazitaxel by intravenous (through a vein) infusion plus prednisone by mouth twice daily, and following the chemotherapy infusions, an injection of a granulocyte colony-stimulating factor (G-CSF). G-CSF will help the body produce more white blood cells, which should help decrease the risk of getting an infection while being treated with cabazitaxel."
NCT04547166,A Clinical Study to Evaluate Efficacy and Safety of Serplulimab（HLX10） Combined With Bevacizumab（HLX04) and Chemotherapy (XELOX) in Patients With Metastatic Colorectal Cancer (mCRC),Metastatic Colorectal Cancer,"This is a two-arm, randomized, double-blinded, multicenter phase III clinical study to evaluate the clinical efficacy of Serplulimab (HLX10) in Combination With Bevacizumab and Chemotherapy (XELOX) Versus Placebo in Combination With Bevacizumab and Chemotherapy (XELOX) in First-line Treatment of Patients With Metastatic Colorectal Cancer (mCRC)","PHASE2, PHASE3",RECRUITING,"A Clinical Study to Evaluate Efficacy and Safety of Serplulimab（HLX10） Combined With Bevacizumab（HLX04) and Chemotherapy (XELOX) in Patients With Metastatic Colorectal Cancer (mCRC) Metastatic Colorectal Cancer This is a two-arm, randomized, double-blinded, multicenter phase III clinical study to evaluate the clinical efficacy of Serplulimab (HLX10) in Combination With Bevacizumab and Chemotherapy (XELOX) Versus Placebo in Combination With Bevacizumab and Chemotherapy (XELOX) in First-line Treatment of Patients With Metastatic Colorectal Cancer (mCRC)"
NCT03296566,The SAFE Study: Satisfaction and Adherence to Follow-Up With Colposcopy Exams,"Uterine Cervical Dysplasia, Uterine Cervix Cancer","This study is intended to improve the patient experience of communication of colposcopy results and follow-up recommendations to patients. Current practice involves results being forwarded from the colposcopy clinic to the family or referring physician who then informs the patient. We are testing an intervention informed by focus groups in which a trained colposcopy nurse (patient liaison) directly contacts patients with their results and follow-up recommendations while providing education and support. We will examine whether this intervention improves patient satisfaction, reduces anxiety, and improves rates of adherence to follow-up and treatment appointments compared to the current practice.",NA,COMPLETED,"The SAFE Study: Satisfaction and Adherence to Follow-Up With Colposcopy Exams Uterine Cervical Dysplasia, Uterine Cervix Cancer This study is intended to improve the patient experience of communication of colposcopy results and follow-up recommendations to patients. Current practice involves results being forwarded from the colposcopy clinic to the family or referring physician who then informs the patient. We are testing an intervention informed by focus groups in which a trained colposcopy nurse (patient liaison) directly contacts patients with their results and follow-up recommendations while providing education and support. We will examine whether this intervention improves patient satisfaction, reduces anxiety, and improves rates of adherence to follow-up and treatment appointments compared to the current practice."
NCT00303966,Sorafenib in Treating Patients With Relapsed Chronic Lymphocytic Leukemia,"Refractory Chronic Lymphocytic Leukemia, Stage I Chronic Lymphocytic Leukemia, Stage II Chronic Lymphocytic Leukemia, Stage III Chronic Lymphocytic Leukemia, Stage IV Chronic Lymphocytic Leukemia",Sorafenib may stop the growth of cancer cells by blocking some of the enzymes needed for cell growth and by blocking blood flow to the cancer. This phase II trial is studying how well sorafenib works in treating patients with relapsed chronic lymphocytic leukemia.,PHASE2,TERMINATED,"Sorafenib in Treating Patients With Relapsed Chronic Lymphocytic Leukemia Refractory Chronic Lymphocytic Leukemia, Stage I Chronic Lymphocytic Leukemia, Stage II Chronic Lymphocytic Leukemia, Stage III Chronic Lymphocytic Leukemia, Stage IV Chronic Lymphocytic Leukemia Sorafenib may stop the growth of cancer cells by blocking some of the enzymes needed for cell growth and by blocking blood flow to the cancer. This phase II trial is studying how well sorafenib works in treating patients with relapsed chronic lymphocytic leukemia."
NCT02388256,Acupuncture for Enhanced Recovery After Surgery in Patients Undergoing Laparoscopic Colorectal Cancer Resection,Colorectal Cancer,"Background:

Patients who undergo laparoscopic surgical resection of colorectal cancer may experience various post-operative symptoms (e.g., pain, nausea and vomiting, and anxiety) and limitation of daily activities (e.g., walking capacity). There is also a risk of post-operative complications and a prolonged hospital stay due to complications. Patients who underwent surgical resection may have experienced chronic pain, anxiety/depression, or diminished quality of life. The physical, psychological, and functional aspects of patients' disorders imply the necessity of multidisciplinary care, including complementary or traditional medicines such as acupuncture. This study aims to assess whether acupuncture treatment, combined with an enhanced recovery program after surgery in an inpatient care setting is effective than only an enhanced recovery program after surgery.

Objective:

To assess the effectiveness and safety of acupuncture combined with an enhanced recovery program after surgery to reduce postoperative symptoms and improve functional recovery and the patients' quality of life.",NA,COMPLETED,"Acupuncture for Enhanced Recovery After Surgery in Patients Undergoing Laparoscopic Colorectal Cancer Resection Colorectal Cancer Background:

Patients who undergo laparoscopic surgical resection of colorectal cancer may experience various post-operative symptoms (e.g., pain, nausea and vomiting, and anxiety) and limitation of daily activities (e.g., walking capacity). There is also a risk of post-operative complications and a prolonged hospital stay due to complications. Patients who underwent surgical resection may have experienced chronic pain, anxiety/depression, or diminished quality of life. The physical, psychological, and functional aspects of patients' disorders imply the necessity of multidisciplinary care, including complementary or traditional medicines such as acupuncture. This study aims to assess whether acupuncture treatment, combined with an enhanced recovery program after surgery in an inpatient care setting is effective than only an enhanced recovery program after surgery.

Objective:

To assess the effectiveness and safety of acupuncture combined with an enhanced recovery program after surgery to reduce postoperative symptoms and improve functional recovery and the patients' quality of life."
NCT06406556,Safety & Efficacy of Peg-ASP-based CCRT in Early Stage ENKTL,Extranodal NK/T-cell Lymphoma,"The purpose of this multi-center, single arm, phase Ⅱ clinical trail is to evaluate the efficacy and toxicity of concurrent chemoradiotherapy by using single-drug pegaspargase for patients with ENKTL in stage IE to IIE.",PHASE2,UNKNOWN,"Safety & Efficacy of Peg-ASP-based CCRT in Early Stage ENKTL Extranodal NK/T-cell Lymphoma The purpose of this multi-center, single arm, phase Ⅱ clinical trail is to evaluate the efficacy and toxicity of concurrent chemoradiotherapy by using single-drug pegaspargase for patients with ENKTL in stage IE to IIE."
NCT02580422,Pilot Project for Cardiopulmonary and Functional Evaluation in Patients With Pancreatic Cancer Associated Cachexia,"Cachexia, Pancreatic Cancer","Cachexia is a systemic catabolic syndrome with apparent effect on skeletal muscles, tolerance to chemotherapy, early toxicity and quality of life; however, its effect on cardiopulmonary function is not well understood. Preclinical studies demonstrated diaphragmatic muscle wasting(29) and left ventricular wasting and fibrosis associated with mouse cachexia models.(40) Many patients, who experience cancer cachexia, describe a generalized debility and a sense of breathlessness(41) despite adequate oxygenation in the peripheral blood as measured by pulse oximetry. Whether this is related to deconditioning associated with chemotherapy or related to direct effect on cardiac and diaphragmatic muscles remains unknown. In this pilot study, the investigators propose to perform a preliminary evaluation of the cardiopulmonary function in patients with pancreatic cancer, who are likely to develop cachexia, to assess for the feasibility of performing a larger prospective study to understand the impact of cancer cachexia on cardiopulmonary function. This pilot study will provide the foundation to potentially identify cachexia in early stages (pre-cachexia) to develop pharmacological or exercise based interventions to prevent or delay its progression. Based on clinical experience and published literature, it is expected that 60-70% of patients will have \>10% weight loss during the course of this disease. More commonly, this is associated with clinical or radiographic disease progression, but certainly it can happen throughout the course of the disease even without disease progression.",,TERMINATED,"Pilot Project for Cardiopulmonary and Functional Evaluation in Patients With Pancreatic Cancer Associated Cachexia Cachexia, Pancreatic Cancer Cachexia is a systemic catabolic syndrome with apparent effect on skeletal muscles, tolerance to chemotherapy, early toxicity and quality of life; however, its effect on cardiopulmonary function is not well understood. Preclinical studies demonstrated diaphragmatic muscle wasting(29) and left ventricular wasting and fibrosis associated with mouse cachexia models.(40) Many patients, who experience cancer cachexia, describe a generalized debility and a sense of breathlessness(41) despite adequate oxygenation in the peripheral blood as measured by pulse oximetry. Whether this is related to deconditioning associated with chemotherapy or related to direct effect on cardiac and diaphragmatic muscles remains unknown. In this pilot study, the investigators propose to perform a preliminary evaluation of the cardiopulmonary function in patients with pancreatic cancer, who are likely to develop cachexia, to assess for the feasibility of performing a larger prospective study to understand the impact of cancer cachexia on cardiopulmonary function. This pilot study will provide the foundation to potentially identify cachexia in early stages (pre-cachexia) to develop pharmacological or exercise based interventions to prevent or delay its progression. Based on clinical experience and published literature, it is expected that 60-70% of patients will have \>10% weight loss during the course of this disease. More commonly, this is associated with clinical or radiographic disease progression, but certainly it can happen throughout the course of the disease even without disease progression."
NCT03260322,"A Multiple-dose Study of ASP8374, an Immune Checkpoint Inhibitor, as a Single Agent and in Combination With Pembrolizumab in Subjects With Advanced Solid Tumors",Advanced Solid Tumors,"The primary purpose of this study is to evaluate the tolerability and safety profile of ASP8374 when administered as a single agent and in combination with pembrolizumab in participants with locally advanced (unresectable) or metastatic solid tumor malignancies. Also primary purpose is to characterize the pharmacokinetic profile of ASP8374 when administered as a single agent and in combination with pembrolizumab. Last primary purpose of this study is to determine the recommended Phase 2 dose (RP2D) of ASP8374 when administered as a single agent and in combination with pembrolizumab.

The secondary purpose of this study is to evaluate the anti-tumor effect (objective response rate \[ORR\], duration of response \[DOR\], persistence of response after discontinuation, and disease control rate \[DCR\]) of ASP8374 when administered as a single agent and in combination with pembrolizumab.

NTP: Neutropenia

NHAE:Non-haematological AE

GBS: Guillain-Barré syndrome""""

IRR: Infusion-related reaction

AST: Aspartate aminotransferase

ALT: Alanine aminotransferase

MS/MG: Myasthenia Syndrome/Myasthenia Gravis

TRT: Treatment-related Toxicity

TCP: Thrombocytopenia",PHASE1,COMPLETED,"A Multiple-dose Study of ASP8374, an Immune Checkpoint Inhibitor, as a Single Agent and in Combination With Pembrolizumab in Subjects With Advanced Solid Tumors Advanced Solid Tumors The primary purpose of this study is to evaluate the tolerability and safety profile of ASP8374 when administered as a single agent and in combination with pembrolizumab in participants with locally advanced (unresectable) or metastatic solid tumor malignancies. Also primary purpose is to characterize the pharmacokinetic profile of ASP8374 when administered as a single agent and in combination with pembrolizumab. Last primary purpose of this study is to determine the recommended Phase 2 dose (RP2D) of ASP8374 when administered as a single agent and in combination with pembrolizumab.

The secondary purpose of this study is to evaluate the anti-tumor effect (objective response rate \[ORR\], duration of response \[DOR\], persistence of response after discontinuation, and disease control rate \[DCR\]) of ASP8374 when administered as a single agent and in combination with pembrolizumab.

NTP: Neutropenia

NHAE:Non-haematological AE

GBS: Guillain-Barré syndrome""""

IRR: Infusion-related reaction

AST: Aspartate aminotransferase

ALT: Alanine aminotransferase

MS/MG: Myasthenia Syndrome/Myasthenia Gravis

TRT: Treatment-related Toxicity

TCP: Thrombocytopenia"
NCT03697356,R-VRD Followed by Lenalidomide Maintenance in Patients With Waldenstrom's Macroglobulinemia,Waldenström's Macroglobulinemia,"A multicenter prospective phase II study of rituximab combined, lenalidomide, dexamethasone followed by lenalidomide maintenance in patients with newly diagnosed Waldenström's macroglobulinemia (Ballondor trial)",PHASE2,RECRUITING,"R-VRD Followed by Lenalidomide Maintenance in Patients With Waldenstrom's Macroglobulinemia Waldenström's Macroglobulinemia A multicenter prospective phase II study of rituximab combined, lenalidomide, dexamethasone followed by lenalidomide maintenance in patients with newly diagnosed Waldenström's macroglobulinemia (Ballondor trial)"
NCT02997956,Study of Tocilizumab in Patients With Hepatocellular Carcinoma (HCC) Undergoing Transarterial Chemoembolization (TACE),Hepatocellular Carcinoma,This is a phase IB study design planned to identify the MTD (Maximum Tolerated Dose) of Tocilizumab in HCC (Hepatocellular Carcinoma) patients followed by a phase II design whereupon the primary objective will be median progression free survival (PFS).,"PHASE1, PHASE2",WITHDRAWN,Study of Tocilizumab in Patients With Hepatocellular Carcinoma (HCC) Undergoing Transarterial Chemoembolization (TACE) Hepatocellular Carcinoma This is a phase IB study design planned to identify the MTD (Maximum Tolerated Dose) of Tocilizumab in HCC (Hepatocellular Carcinoma) patients followed by a phase II design whereupon the primary objective will be median progression free survival (PFS).
NCT06090656,Bevacizumab in Combination With Sintilimab Versus Transcatheter Arterial Chemoembolization for the Treatment of Intermediate Stage Hepatocellular Carcinoma (Beyond Up-To-Seven Criteria),Hepatocellular Carcinoma,"Transcatheter arterial chemoembolization (TACE) is recommended as the standard of care for patients with intermediate-stage hepatocellular carcinoma (HCC) (i.e., BCLC stage B). However, these patients is heterogeneous in terms of liver functional, tumor size and tumor number, and not all patients with mid-stage HCC will benefit from TACE. The ORIENT-32 trial confirmed the efficacy of sintilimab in combination with bevacizumab for unresectable hepatocellular carcinoma. No study has yet explored whether this regimen is appropriate for patients with BCLC stage B. The purpose of this study is to explore whether bevacizumab in combination with sintilimab is superior to conventional TACE therapy in patients with HCC with beyond-Up-to-seven criteria.",PHASE2,RECRUITING,"Bevacizumab in Combination With Sintilimab Versus Transcatheter Arterial Chemoembolization for the Treatment of Intermediate Stage Hepatocellular Carcinoma (Beyond Up-To-Seven Criteria) Hepatocellular Carcinoma Transcatheter arterial chemoembolization (TACE) is recommended as the standard of care for patients with intermediate-stage hepatocellular carcinoma (HCC) (i.e., BCLC stage B). However, these patients is heterogeneous in terms of liver functional, tumor size and tumor number, and not all patients with mid-stage HCC will benefit from TACE. The ORIENT-32 trial confirmed the efficacy of sintilimab in combination with bevacizumab for unresectable hepatocellular carcinoma. No study has yet explored whether this regimen is appropriate for patients with BCLC stage B. The purpose of this study is to explore whether bevacizumab in combination with sintilimab is superior to conventional TACE therapy in patients with HCC with beyond-Up-to-seven criteria."
NCT00822822,Evaluation of Patient Functionality and Utility of Web-Based Personal Health History and Risk Assess,"Cancer, Cancer Screening Patients, Patient Volunteers",The purpose of this research study is to find out what Moffitt and Lifetime patients think of the electronic medical records process.,,COMPLETED,"Evaluation of Patient Functionality and Utility of Web-Based Personal Health History and Risk Assess Cancer, Cancer Screening Patients, Patient Volunteers The purpose of this research study is to find out what Moffitt and Lifetime patients think of the electronic medical records process."
NCT06809322,Vorasidenib Maintenance for IDH Mutant Astrocytoma,IDH-mutant Grade 2 or 3 Astrocytoma,"The main goal of VIGOR is to demonstrate that vorasidenib maintenance therapy improves locally assessed progression-free survival (PFS) from enrolment compared to placebo in patients with IDH-mutant, CNS5 WHO Grade 2 or 3 astrocytoma following the completion of first-line chemoradiotherapy.

The primary endpoint is Progression-free survival (PFS), as assessed locally from the date of enrolment using the RANO 2.0 criteria.

In this a comparative, randomized (1:1), triple blinded, multicentre phase III superiority trial with one stopping rule for efficacy and futility after end of enrolment, participants in the experimental arm will receive vorasidenib orally once daily at a dose of 40 mg in continuous 28-day cycles while participants in the control arm will receive a matched oral placebo once daily in continuous 28-day cycles",PHASE3,RECRUITING,"Vorasidenib Maintenance for IDH Mutant Astrocytoma IDH-mutant Grade 2 or 3 Astrocytoma The main goal of VIGOR is to demonstrate that vorasidenib maintenance therapy improves locally assessed progression-free survival (PFS) from enrolment compared to placebo in patients with IDH-mutant, CNS5 WHO Grade 2 or 3 astrocytoma following the completion of first-line chemoradiotherapy.

The primary endpoint is Progression-free survival (PFS), as assessed locally from the date of enrolment using the RANO 2.0 criteria.

In this a comparative, randomized (1:1), triple blinded, multicentre phase III superiority trial with one stopping rule for efficacy and futility after end of enrolment, participants in the experimental arm will receive vorasidenib orally once daily at a dose of 40 mg in continuous 28-day cycles while participants in the control arm will receive a matched oral placebo once daily in continuous 28-day cycles"
NCT00090051,FCR Versus FC Alone in the Treatment of Chronic Lymphocytic Leukemia (CLL) in Relapsed Patients,Chronic Lymphocytic Leukemia,"The purpose of this study is to provide treatment for patients who have chronic lymphocytic leukemia (CLL), and to compare the use of rituximab added to fludarabine+cyclophosphamide (FC) with FC alone, to determine if rituximab lengthens the time a patient remains free of leukemia symptoms.",PHASE3,COMPLETED,"FCR Versus FC Alone in the Treatment of Chronic Lymphocytic Leukemia (CLL) in Relapsed Patients Chronic Lymphocytic Leukemia The purpose of this study is to provide treatment for patients who have chronic lymphocytic leukemia (CLL), and to compare the use of rituximab added to fludarabine+cyclophosphamide (FC) with FC alone, to determine if rituximab lengthens the time a patient remains free of leukemia symptoms."
NCT01302951,Penetration of Moxifloxacin Into Liver Tissue of Patients Undergoing Liver Resection.,Side-effect of Antibiotic,The aim of the study is to provide data on the pharmacokinetics (PK) of moxifloxacin (MXF) in serum and liver tissue of patients undergoing liver resection due to primary or secondary tumor of the liver.,PHASE4,COMPLETED,Penetration of Moxifloxacin Into Liver Tissue of Patients Undergoing Liver Resection. Side-effect of Antibiotic The aim of the study is to provide data on the pharmacokinetics (PK) of moxifloxacin (MXF) in serum and liver tissue of patients undergoing liver resection due to primary or secondary tumor of the liver.
NCT05438329,First-in-human Study of DB-1305/BNT325 for Advanced/Metastatic Solid Tumors,Advanced Solid Tumor,This is a dose-escalation and dose-expansion Phase 1/2a trial to evaluate the safety and tolerability of DB-1305/BNT325 in subjects with advanced solid tumors.,"PHASE1, PHASE2",ACTIVE_NOT_RECRUITING,First-in-human Study of DB-1305/BNT325 for Advanced/Metastatic Solid Tumors Advanced Solid Tumor This is a dose-escalation and dose-expansion Phase 1/2a trial to evaluate the safety and tolerability of DB-1305/BNT325 in subjects with advanced solid tumors.
NCT06863090,In Vivo Dosimetry for Brachytherapy Study,"Prostate Cancer, Gynaecological Cancer",The main study aim is the investigate the clinical use of in vivo dosimeters (small measurement devices) for brachytherapy (internal radiotherapy).,,RECRUITING,"In Vivo Dosimetry for Brachytherapy Study Prostate Cancer, Gynaecological Cancer The main study aim is the investigate the clinical use of in vivo dosimeters (small measurement devices) for brachytherapy (internal radiotherapy)."
NCT02795390,Clinical Trial on Palliative Cancer Patients With Constipation,Constipation,"It is a double-blinded, randomized, placebo-controlled trial for advanced cancer patients with constipation. 60 patients will be randomly assigned to have individualized herbal intervention (treatment group) or placebo (control group) in 1:1 ratio. For the treatment group, MaZiRenWan 10g plus HuangQi 20g are chosen as the core prescription. Furthermore, six herbal granules can be added according to the syndrome differentiated for individual participant. Placebo is made from dextrin (76.03%), tea essence (23.61%), gardenin (0.02%), and caramel (0.34%) to achieve color, smell, taste, and texture comparable to the herbal granules. Patients are instructed to dissolve the granules in 150ml of hot water, twice daily for two weeks. The primary end point is the global symptom improvement. Secondary outcome measures include stool frequency, stool form, use of rescue herbal granules, constipation visual analogue scale (CVAS) (0=none to 7=most severe) and individual assessment of constipation related symptoms. For the safety profiles of herbal intervention, the important adverse events reported and clinical laboratory evaluations of liver and renal function are determined.",PHASE2,COMPLETED,"Clinical Trial on Palliative Cancer Patients With Constipation Constipation It is a double-blinded, randomized, placebo-controlled trial for advanced cancer patients with constipation. 60 patients will be randomly assigned to have individualized herbal intervention (treatment group) or placebo (control group) in 1:1 ratio. For the treatment group, MaZiRenWan 10g plus HuangQi 20g are chosen as the core prescription. Furthermore, six herbal granules can be added according to the syndrome differentiated for individual participant. Placebo is made from dextrin (76.03%), tea essence (23.61%), gardenin (0.02%), and caramel (0.34%) to achieve color, smell, taste, and texture comparable to the herbal granules. Patients are instructed to dissolve the granules in 150ml of hot water, twice daily for two weeks. The primary end point is the global symptom improvement. Secondary outcome measures include stool frequency, stool form, use of rescue herbal granules, constipation visual analogue scale (CVAS) (0=none to 7=most severe) and individual assessment of constipation related symptoms. For the safety profiles of herbal intervention, the important adverse events reported and clinical laboratory evaluations of liver and renal function are determined."
NCT00955890,Dexrazoxane as a Protective Agent in Anthracycline Treated Breast Cancer,Breast Cancer,"Drugs used in chemotherapy use different ways to stop tumor cells from dividing so they stop growing or die. Chemoprotective drugs, such as dexrazoxane, may protect normal cells from the side effects of chemotherapy. Monoclonal antibodies such as trastuzumab can locate tumor cells and either kill them or deliver tumor-killing substances to them without harming normal cells. Radiation therapy uses high-energy x-rays to damage tumor cells. CTnT/cTnI/ANP/BNP were proved to be used as a biomarker of drug related cardiotoxicity. There are excellent correlations between the total cumulative dose of doxorubicin, the severity of the resulting cardiomyopathy, and the level of serum troponin-T.",PHASE2,TERMINATED,"Dexrazoxane as a Protective Agent in Anthracycline Treated Breast Cancer Breast Cancer Drugs used in chemotherapy use different ways to stop tumor cells from dividing so they stop growing or die. Chemoprotective drugs, such as dexrazoxane, may protect normal cells from the side effects of chemotherapy. Monoclonal antibodies such as trastuzumab can locate tumor cells and either kill them or deliver tumor-killing substances to them without harming normal cells. Radiation therapy uses high-energy x-rays to damage tumor cells. CTnT/cTnI/ANP/BNP were proved to be used as a biomarker of drug related cardiotoxicity. There are excellent correlations between the total cumulative dose of doxorubicin, the severity of the resulting cardiomyopathy, and the level of serum troponin-T."
NCT06314997,Dynamic Changes in Circulating Tumour Cells Protein Expression,Recurrence Free Survival,"This multicenter study, randomized, controlled of blood-based biomarker-driven targhet therapy. Patients were selectedm( at Hospital San Giovanni and Celio in Rome) according to CTCs results ( CTCs-guided managment performed at University Magna Graecia) or managed by the treating clinician according to standard pathological criteria (standard management). The participants were assigned to trial groups with the use of block randomization stratified according to the enrolling center location metropolitan) and tumor stage (T3 or T4).",PHASE2,RECRUITING,"Dynamic Changes in Circulating Tumour Cells Protein Expression Recurrence Free Survival This multicenter study, randomized, controlled of blood-based biomarker-driven targhet therapy. Patients were selectedm( at Hospital San Giovanni and Celio in Rome) according to CTCs results ( CTCs-guided managment performed at University Magna Graecia) or managed by the treating clinician according to standard pathological criteria (standard management). The participants were assigned to trial groups with the use of block randomization stratified according to the enrolling center location metropolitan) and tumor stage (T3 or T4)."
NCT04812197,Microbial Diversity Between Inflamed and Non-inflamed Skin of Patients With Immune Checkpoint Inhibitor-Induced Dermatitis,Genito-Urinary Neoplasm,"This study determines microbial diversity between inflamed and non-inflamed skin of patients with immune checkpoint inhibitor-induced dermatitis. Skin has millions of bacteria. When treated with an immunotherapy agent, skin issues like a rash are common, occurring in up to 45% of patients. This study finds out if the type of bacteria on skin is different between the affected and unaffected skin in patients who have this treatment-related rash and also compares the immune cells found in the skin tissue to those seen in the blood.",NA,COMPLETED,"Microbial Diversity Between Inflamed and Non-inflamed Skin of Patients With Immune Checkpoint Inhibitor-Induced Dermatitis Genito-Urinary Neoplasm This study determines microbial diversity between inflamed and non-inflamed skin of patients with immune checkpoint inhibitor-induced dermatitis. Skin has millions of bacteria. When treated with an immunotherapy agent, skin issues like a rash are common, occurring in up to 45% of patients. This study finds out if the type of bacteria on skin is different between the affected and unaffected skin in patients who have this treatment-related rash and also compares the immune cells found in the skin tissue to those seen in the blood."
NCT06069297,Prehabilitation in Pancreatic Surgery,"Pancreatic Cancer, Periampullary Cancer, Frailty Syndrome, Malnutrition, Perioperative/Postoperative Complications","In patients with pancreatic cancer, older age, multiple comorbidities, frailty, malnutrition and poor functional status are common, especially in individuals receiving neoadjuvant chemotherapy. These characteristics represent potentially modifiable risk factors for poor postoperative outcomes.

The goal of this clinical randomized controlled trial is to evaluate the extent to which a four-week multimodal prehabilitation program impacts on postoperative morbidity, functional and nutritional status and health-related quality of life in patients with localized pancreatic or periampullary cancer scheduled for curative surgery.

In addition, the impact of prehabilitation on circulating sarcopenia and cancer cachexia biomarkers in PDAC patients will be explored.

Included patients will be randomized (ratio 1:1) and allocated either to the intervention group (Multimodal Prehabilitation), which will receive prehabilitation, or to the control group, which will receive no prehabilitation.",NA,RECRUITING,"Prehabilitation in Pancreatic Surgery Pancreatic Cancer, Periampullary Cancer, Frailty Syndrome, Malnutrition, Perioperative/Postoperative Complications In patients with pancreatic cancer, older age, multiple comorbidities, frailty, malnutrition and poor functional status are common, especially in individuals receiving neoadjuvant chemotherapy. These characteristics represent potentially modifiable risk factors for poor postoperative outcomes.

The goal of this clinical randomized controlled trial is to evaluate the extent to which a four-week multimodal prehabilitation program impacts on postoperative morbidity, functional and nutritional status and health-related quality of life in patients with localized pancreatic or periampullary cancer scheduled for curative surgery.

In addition, the impact of prehabilitation on circulating sarcopenia and cancer cachexia biomarkers in PDAC patients will be explored.

Included patients will be randomized (ratio 1:1) and allocated either to the intervention group (Multimodal Prehabilitation), which will receive prehabilitation, or to the control group, which will receive no prehabilitation."
NCT06079697,An Exercise Prehabilitation Intervention for Improving Mobility and Recovery Outcomes in Patients Undergoing Head and Neck Cancer Surgery,Head and Neck Carcinoma,"This clinical trial evaluates a prehabilitation exercise intervention for improving mobility and recovery outcomes in patients undergoing surgery for head and neck cancer. Prehabilitation focuses on optimizing health before surgery in order to improve outcomes after surgery. Prehabilitation may include aspects of nutrition, exercise, mental health, or a combination of these. Exercise has been proven to improve anxiety, depression, fatigue, health related quality of life, and physical function among patients undergoing cancer treatment, as well as cancer survivors. The prehabilitation exercise intervention being studied includes a daily walking program, sit-to-stand training, and standing therapeutic exercises before patients undergo surgery. Receiving this prehabilitation exercise intervention prior to surgery may improve mobility and recovery outcomes in patients after surgery for head and neck cancer.",NA,COMPLETED,"An Exercise Prehabilitation Intervention for Improving Mobility and Recovery Outcomes in Patients Undergoing Head and Neck Cancer Surgery Head and Neck Carcinoma This clinical trial evaluates a prehabilitation exercise intervention for improving mobility and recovery outcomes in patients undergoing surgery for head and neck cancer. Prehabilitation focuses on optimizing health before surgery in order to improve outcomes after surgery. Prehabilitation may include aspects of nutrition, exercise, mental health, or a combination of these. Exercise has been proven to improve anxiety, depression, fatigue, health related quality of life, and physical function among patients undergoing cancer treatment, as well as cancer survivors. The prehabilitation exercise intervention being studied includes a daily walking program, sit-to-stand training, and standing therapeutic exercises before patients undergo surgery. Receiving this prehabilitation exercise intervention prior to surgery may improve mobility and recovery outcomes in patients after surgery for head and neck cancer."
NCT07382297,Effect of Adding Ultrasound Guided IPACK Block to Adductor Canal Block for Postoperative Pain in Knee Tumor Excision,Cancer Pain,"the aim of this study is to determine the analgesic effect of iPACK in combination to ACB after the excision of tumors around the Knee regarding the following:

* Time to the 1st rescue analgesia.
* Postoperative morphine consumption.
* Postoperative visual analogue scale (VAS). This study will include patients, aged 18 to 65 years, belonging to the American Society of Anesthesiologists (ASA) physical status II to IV , undergoing excision of tumors around the knee under spinal anesthesia.

Patients will be randomly allocated Group iPACK plus Adductor canal block (ACB) : patients will receive ACB plus iPACK block.

• Control group : patients will not receive any block but will take morphine 3mg bolus at VAS more than 4 and regular NSAIDS and paracetamol iv.",NA,RECRUITING,"Effect of Adding Ultrasound Guided IPACK Block to Adductor Canal Block for Postoperative Pain in Knee Tumor Excision Cancer Pain the aim of this study is to determine the analgesic effect of iPACK in combination to ACB after the excision of tumors around the Knee regarding the following:

* Time to the 1st rescue analgesia.
* Postoperative morphine consumption.
* Postoperative visual analogue scale (VAS). This study will include patients, aged 18 to 65 years, belonging to the American Society of Anesthesiologists (ASA) physical status II to IV , undergoing excision of tumors around the knee under spinal anesthesia.

Patients will be randomly allocated Group iPACK plus Adductor canal block (ACB) : patients will receive ACB plus iPACK block.

• Control group : patients will not receive any block but will take morphine 3mg bolus at VAS more than 4 and regular NSAIDS and paracetamol iv."
NCT02971397,Cytarabine and Daunorubicin Hydrochloride in Treating Patients With Newly Diagnosed Acute Myeloid Leukemia,Acute Myeloid Leukemia,"This pilot clinical trial studies the side effects of cytarabine and daunorubicin hydrochloride and to see how well they work in treating patients with newly diagnosed acute myeloid leukemia. Drugs used in chemotherapy, such as cytarabine and daunorubicin hydrochloride, work in different ways to stop the growth of cancer cells, either by killing the cells, by stopping them from dividing, or by stopping them from spreading, and may be safer for the heart.",PHASE1,COMPLETED,"Cytarabine and Daunorubicin Hydrochloride in Treating Patients With Newly Diagnosed Acute Myeloid Leukemia Acute Myeloid Leukemia This pilot clinical trial studies the side effects of cytarabine and daunorubicin hydrochloride and to see how well they work in treating patients with newly diagnosed acute myeloid leukemia. Drugs used in chemotherapy, such as cytarabine and daunorubicin hydrochloride, work in different ways to stop the growth of cancer cells, either by killing the cells, by stopping them from dividing, or by stopping them from spreading, and may be safer for the heart."
NCT07113613,Prospective Study on Exemption of Tumor Bed Boost Radiotherapy for pCR Patients After Breast Conserving Surgery With Neoadjuvant Therapy,Breast Cancer,"This study is a multicenter, single-arm, phase II clinical trial, aiming to evaluate the safety and efficacy of tumor bed dose escalation radiotherapy for patients with primary breast lesions achieving pCR (ypT0) after neoadjuvant chemotherapy and breast-conserving surgery.",PHASE2,RECRUITING,"Prospective Study on Exemption of Tumor Bed Boost Radiotherapy for pCR Patients After Breast Conserving Surgery With Neoadjuvant Therapy Breast Cancer This study is a multicenter, single-arm, phase II clinical trial, aiming to evaluate the safety and efficacy of tumor bed dose escalation radiotherapy for patients with primary breast lesions achieving pCR (ypT0) after neoadjuvant chemotherapy and breast-conserving surgery."
NCT07553260,Effectiveness of 0.9% Normal Saline Soaking in Managing Acute Radiation Dermatitis,"Acute Radiation Dermatitis, Head and Neck Cancer (H&N), Sarcomas","The goal of this clinical trial is to learn if normal saline soaks can reduce the severity of acute radiation dermatitis in patients with sarcomas or head and neck cancer receiving radiotherapy. It will also learn if saline soaks can improve wound healing and reduce treatment interruptions caused by skin toxicity. The main questions it aims to answer are:

1. Does the application of normal saline soaks reduce the severity of acute radiation dermatitis according to CTCAE Version 5.0?
2. Does the use of normal saline soaks improve wound healing time and reduce the frequency and duration of radiotherapy interruptions? Researchers will compare standard care plus saline soaks (intervention group) to standard care alone (control group) to see if saline soaks reduce skin reaction severity and improve clinical outcomes.

Participants will:

1. Be randomly assigned to receive either standard care alone or standard care with daily saline soaks
2. Apply saline-soaked gauze to the affected radiation area for 5-10 minutes once daily (intervention group only)
3. Attend weekly clinic visits for skin assessment during radiotherapy
4. Be assessed for skin reaction severity, wound healing, and treatment interruptions at baseline, after 4 weeks, and 2 weeks after completing treatment",NA,NOT_YET_RECRUITING,"Effectiveness of 0.9% Normal Saline Soaking in Managing Acute Radiation Dermatitis Acute Radiation Dermatitis, Head and Neck Cancer (H&N), Sarcomas The goal of this clinical trial is to learn if normal saline soaks can reduce the severity of acute radiation dermatitis in patients with sarcomas or head and neck cancer receiving radiotherapy. It will also learn if saline soaks can improve wound healing and reduce treatment interruptions caused by skin toxicity. The main questions it aims to answer are:

1. Does the application of normal saline soaks reduce the severity of acute radiation dermatitis according to CTCAE Version 5.0?
2. Does the use of normal saline soaks improve wound healing time and reduce the frequency and duration of radiotherapy interruptions? Researchers will compare standard care plus saline soaks (intervention group) to standard care alone (control group) to see if saline soaks reduce skin reaction severity and improve clinical outcomes.

Participants will:

1. Be randomly assigned to receive either standard care alone or standard care with daily saline soaks
2. Apply saline-soaked gauze to the affected radiation area for 5-10 minutes once daily (intervention group only)
3. Attend weekly clinic visits for skin assessment during radiotherapy
4. Be assessed for skin reaction severity, wound healing, and treatment interruptions at baseline, after 4 weeks, and 2 weeks after completing treatment"
NCT07466160,A Phase Ib/II Study of 7MW3711 Combined With JS207 in Advanced Solid Tumors,Solid Tumor,This study was designed to evaluate the efficacy and safety of 7MW3711 in combination with JS207 in subjects with solid tumor.,"PHASE1, PHASE2",RECRUITING,A Phase Ib/II Study of 7MW3711 Combined With JS207 in Advanced Solid Tumors Solid Tumor This study was designed to evaluate the efficacy and safety of 7MW3711 in combination with JS207 in subjects with solid tumor.
NCT00006020,S0010 506U78 in Treating Patients With Recurrent or Refractory Acute Lymphocytic Leukemia,Leukemia,"RATIONALE: Drugs used in chemotherapy use different ways to stop cancer cells from dividing so they stop growing or die.

PURPOSE: Phase II trial to study the effectiveness of 506U78 in treating patients who have recurrent or refractory acute lymphocytic leukemia.",PHASE2,COMPLETED,"S0010 506U78 in Treating Patients With Recurrent or Refractory Acute Lymphocytic Leukemia Leukemia RATIONALE: Drugs used in chemotherapy use different ways to stop cancer cells from dividing so they stop growing or die.

PURPOSE: Phase II trial to study the effectiveness of 506U78 in treating patients who have recurrent or refractory acute lymphocytic leukemia."
NCT02873520,Precision Cell Immunotherapy Combined With Chemotherapy in Advanced Gastric Cancer,"Precision Cell Immunotherapy, Chemotherapy, Advanced Gastric Cancer","To evaluate the safety and effectiveness of cell therapy using Precision Cells to treat Advanced Gastric Cancer.

Eligibility:

Individuals greater than or equal to 18 years of age and less than or equal to 65 years of age who have been diagnosed with Advanced Gastric Cancer.","PHASE1, PHASE2",UNKNOWN,"Precision Cell Immunotherapy Combined With Chemotherapy in Advanced Gastric Cancer Precision Cell Immunotherapy, Chemotherapy, Advanced Gastric Cancer To evaluate the safety and effectiveness of cell therapy using Precision Cells to treat Advanced Gastric Cancer.

Eligibility:

Individuals greater than or equal to 18 years of age and less than or equal to 65 years of age who have been diagnosed with Advanced Gastric Cancer."
NCT01976520,Vaccine Therapy for Treating Patients With Previously Untreated Chronic Lymphocytic Leukemia (CLL),Chronic Lymphocytic Leukemia (CLL),This Phase I trial studies the safety and efficacy of vaccine therapy in treating patients with previously untreated chronic lymphocytic leukemia. Liposome-based vaccines containing an extract of a person's cancer cells and the immunostimulant interleukin-2 may help the body to build an effective immune response to kill cancer cells.,PHASE1,UNKNOWN,Vaccine Therapy for Treating Patients With Previously Untreated Chronic Lymphocytic Leukemia (CLL) Chronic Lymphocytic Leukemia (CLL) This Phase I trial studies the safety and efficacy of vaccine therapy in treating patients with previously untreated chronic lymphocytic leukemia. Liposome-based vaccines containing an extract of a person's cancer cells and the immunostimulant interleukin-2 may help the body to build an effective immune response to kill cancer cells.
NCT04656782,"EORTC-endorsed, Prospective European Multicenter Imaging Survey and Protocol",Metastatic Colorectal Cancer,"A prospective, multicenter imaging Delphi survey among European radiological societies for mCRC imaging standardization.",,UNKNOWN,"EORTC-endorsed, Prospective European Multicenter Imaging Survey and Protocol Metastatic Colorectal Cancer A prospective, multicenter imaging Delphi survey among European radiological societies for mCRC imaging standardization."
NCT07289282,Circulating microRNAs and Response to Neoadjuvant Chemotherapy in Breast Cancer,"Breast Cancer, Neoadjuvant Therapy, Pathological Response, Invasive Breast Carcinoma, MicroRNAs","This prospective observational study aims to investigate subtype-specific circulating microRNAs (miRNAs) and their association with response to neoadjuvant chemotherapy (NAC) in patients with breast cancer. Serum samples will be collected before NAC and prior to surgery, and changes in miRNA expression levels will be evaluated. Pathological complete response (pCR) and Miller-Payne scoring will be used to assess treatment response after NAC. The study also explores whether changes in circulating miRNA profiles can predict treatment response across different breast cancer subtypes. The findings may help identify biomarkers that support treatment planning and personalized therapy strategies.",,RECRUITING,"Circulating microRNAs and Response to Neoadjuvant Chemotherapy in Breast Cancer Breast Cancer, Neoadjuvant Therapy, Pathological Response, Invasive Breast Carcinoma, MicroRNAs This prospective observational study aims to investigate subtype-specific circulating microRNAs (miRNAs) and their association with response to neoadjuvant chemotherapy (NAC) in patients with breast cancer. Serum samples will be collected before NAC and prior to surgery, and changes in miRNA expression levels will be evaluated. Pathological complete response (pCR) and Miller-Payne scoring will be used to assess treatment response after NAC. The study also explores whether changes in circulating miRNA profiles can predict treatment response across different breast cancer subtypes. The findings may help identify biomarkers that support treatment planning and personalized therapy strategies."
NCT00568282,Identification of Circulating Tumor Cells in the Peripheral Blood of Lung Cancer Patients,Lung Cancer,The primary aim of this study is to determine whether we can identify human lung cancer tumor cells in the peripheral blood of lung cancer patients.,,COMPLETED,Identification of Circulating Tumor Cells in the Peripheral Blood of Lung Cancer Patients Lung Cancer The primary aim of this study is to determine whether we can identify human lung cancer tumor cells in the peripheral blood of lung cancer patients.
NCT01953224,STEP AND GO: A Study of Technology-based Exercise Promotion,"Cardiovascular Disease, Obesity, Cancer, Diabetes",The purpose of the study is to test an intervention that uses a mobile game to encourage increased physical activity among adults.,NA,COMPLETED,"STEP AND GO: A Study of Technology-based Exercise Promotion Cardiovascular Disease, Obesity, Cancer, Diabetes The purpose of the study is to test an intervention that uses a mobile game to encourage increased physical activity among adults."
NCT07011823,Immune-checkpoint Blockade After Partial Breast Irradiation by Pembrolizumab in Early TNBC,Triple-Negative Breast Neoplasm,"A single-arm, single-institution study to induce phenotypic changes in the tumor microenvironment by delivering 8Gy partial breast irradiation in immune-cold triple-negative breast cancer confirmed by PD-L1 and TILs. Additional tissue biopsy will be performed following radiation therapy. Subsequently, neoadjuvant chemotherapy including Pembrolizumab will be administered to evaluate whether pathological complete response rates are improved.",PHASE2,NOT_YET_RECRUITING,"Immune-checkpoint Blockade After Partial Breast Irradiation by Pembrolizumab in Early TNBC Triple-Negative Breast Neoplasm A single-arm, single-institution study to induce phenotypic changes in the tumor microenvironment by delivering 8Gy partial breast irradiation in immune-cold triple-negative breast cancer confirmed by PD-L1 and TILs. Additional tissue biopsy will be performed following radiation therapy. Subsequently, neoadjuvant chemotherapy including Pembrolizumab will be administered to evaluate whether pathological complete response rates are improved."
NCT00591123,Study of Erlotinib and Chemotherapy for Unresectable or Metastatic Cancer of the Esophagus and Gastric Cardia,"Unresectable Adenocarcinoma of the Esophagus, Metastatic Adenocarcinoma of the Esophagus, Unresectable Adenocarcinoma of Gastric Cardia, Metastatic Adenocarcinoma of Gastric Cardia","In this study, Erlotinib and 5-Fluorouracil (5-FU), Leucovorin and Oxaliplatin (a regimen known also as FOLFOX-6) will be the chemotherapy study drugs. The main purpose of this study is to test the safety and effectiveness of this combination of chemotherapy drugs and to see how they affect your cancer.

Another purpose of this study is to examine samples from your blood and tumor. This research will be done to better understand how subjects respond to treatment. Specifically, researchers will look at the way your genes and proteins respond to drugs like those used in this study.",PHASE2,COMPLETED,"Study of Erlotinib and Chemotherapy for Unresectable or Metastatic Cancer of the Esophagus and Gastric Cardia Unresectable Adenocarcinoma of the Esophagus, Metastatic Adenocarcinoma of the Esophagus, Unresectable Adenocarcinoma of Gastric Cardia, Metastatic Adenocarcinoma of Gastric Cardia In this study, Erlotinib and 5-Fluorouracil (5-FU), Leucovorin and Oxaliplatin (a regimen known also as FOLFOX-6) will be the chemotherapy study drugs. The main purpose of this study is to test the safety and effectiveness of this combination of chemotherapy drugs and to see how they affect your cancer.

Another purpose of this study is to examine samples from your blood and tumor. This research will be done to better understand how subjects respond to treatment. Specifically, researchers will look at the way your genes and proteins respond to drugs like those used in this study."
NCT00078923,Soy Isoflavones in Treating Patients Who Are Undergoing Radical Prostatectomy for Stage I or Stage II Adenocarcinoma of the Prostate,Prostate Cancer,"RATIONALE: Chemoprevention therapy is the use of certain drugs to try to prevent or delay the development of early cancer. Soy isoflavones may be effective in delaying the development of early prostate cancer.

PURPOSE: This randomized phase II trial is studying different regimens of soy isoflavones to compare how well they work in treating patients who are undergoing radical prostatectomy for stage I or stage II prostate cancer (adenocarcinoma).",PHASE2,COMPLETED,"Soy Isoflavones in Treating Patients Who Are Undergoing Radical Prostatectomy for Stage I or Stage II Adenocarcinoma of the Prostate Prostate Cancer RATIONALE: Chemoprevention therapy is the use of certain drugs to try to prevent or delay the development of early cancer. Soy isoflavones may be effective in delaying the development of early prostate cancer.

PURPOSE: This randomized phase II trial is studying different regimens of soy isoflavones to compare how well they work in treating patients who are undergoing radical prostatectomy for stage I or stage II prostate cancer (adenocarcinoma)."
NCT04781023,Efficacy of an Intravaginal Treatment With Carboxymethyl-β-glucan and Polycarbophil in HR-HPV Clearance,Human Papilloma Virus,"These treatments are beta-glucans, polysaccharides of beta-D-glucose that, can influence the clearance of HPV infection. The objective of this study is to evaluate the efficacy of a gel with Carboxymethyl - β -Glucan and polycarbophil when applied intravaginally regarding the clearance of HPV infection.",NA,UNKNOWN,"Efficacy of an Intravaginal Treatment With Carboxymethyl-β-glucan and Polycarbophil in HR-HPV Clearance Human Papilloma Virus These treatments are beta-glucans, polysaccharides of beta-D-glucose that, can influence the clearance of HPV infection. The objective of this study is to evaluate the efficacy of a gel with Carboxymethyl - β -Glucan and polycarbophil when applied intravaginally regarding the clearance of HPV infection."
NCT01193959,Pemetrexed in Advanced Non-small Cell Lung Cancer,Non-small Cell Lung Cancer (NSCLC),"Present study is aimed at investigating potential molecular predictors of sensitivity or resistance to single-agent pemetrexed in the ≥ second line setting in a large cohort of advanced non-small cell lung cancer (NSCLC) patients. The following biomarkers will be investigated with either immunohistochemistry, fluorescence in situ hybridization or genotyping: thymidylate synthase (TS), dihydrofolate reductase (DHFR), glycinamide ribonucleotide formyl transferase (GARFT), aminoimidazole carboxamide ribonucleotide formyltransferase (ATIC/AICARFT), epidermal growth factor receptor (EGFR), Kirsten rat sarcoma 2 viral oncogene homolog (KRAS), v-myc myelocytomatosis viral oncogene homolog (MYC) and phosphoinositide-3-kinase, catalytic, alpha polypeptide (PIK3CA).",,COMPLETED,"Pemetrexed in Advanced Non-small Cell Lung Cancer Non-small Cell Lung Cancer (NSCLC) Present study is aimed at investigating potential molecular predictors of sensitivity or resistance to single-agent pemetrexed in the ≥ second line setting in a large cohort of advanced non-small cell lung cancer (NSCLC) patients. The following biomarkers will be investigated with either immunohistochemistry, fluorescence in situ hybridization or genotyping: thymidylate synthase (TS), dihydrofolate reductase (DHFR), glycinamide ribonucleotide formyl transferase (GARFT), aminoimidazole carboxamide ribonucleotide formyltransferase (ATIC/AICARFT), epidermal growth factor receptor (EGFR), Kirsten rat sarcoma 2 viral oncogene homolog (KRAS), v-myc myelocytomatosis viral oncogene homolog (MYC) and phosphoinositide-3-kinase, catalytic, alpha polypeptide (PIK3CA)."
NCT07257380,Feasibility of Circulating Tumor DNA Based Minimal Residual Disease-Guided Adjuvant Therapy in Locally Advanced Gastric Cancer With Neoadjuvant Treatment: An Adaptive Trial (MRD-ATLAS),Gastric / Gastroesophageal Junction Adenocarcinoma,"Standard treatment for locally advanced gastric cancer currently involves surgery combined with chemotherapy administered both before and after the operation. However, post-surgery (adjuvant) chemotherapy often causes severe side effects, and it is unclear if all patients truly benefit from it. Recent research, such as the SPACE-FLOT study, suggests that patients who respond well to pre-surgery treatment might not actually benefit from further aggressive treatment after surgery; in these cases, additional therapy may only increase the risk of side effects without improving survival.

To address this, researchers are investigating circulating tumor DNA (ctDNA) testing, which detects microscopic traces of cancer (Molecular Residual Disease, or MRD) in the blood. The utility of ctDNA is supported by extensive research:

In Colorectal Cancer: The GALAXY study demonstrated that ctDNA status accurately predicts patient survival and identifies who benefits from chemotherapy. Furthermore, the DYNAMIC study showed that using ctDNA to guide treatment decisions significantly reduced the use of unnecessary chemotherapy without compromising patient survival.

In Gastric Cancer: Studies such as MENCA-GC, CRITICS, and PLAGAST have confirmed that post-surgery ctDNA is a strong predictor of patient prognosis. Additionally, the MRD-GATE study provided preliminary evidence that ctDNA-guided strategies can reduce unnecessary chemotherapy in the adjuvant setting.

Building on this evidence, this study applies ctDNA testing to the standard perioperative treatment model for gastric cancer. The primary objective is to determine if a ctDNA-guided strategy can identify patients who can safely forgo post-surgery chemotherapy, thereby reducing treatment toxicity and unnecessary usage, without sacrificing long-term survival outcomes.",PHASE2,NOT_YET_RECRUITING,"Feasibility of Circulating Tumor DNA Based Minimal Residual Disease-Guided Adjuvant Therapy in Locally Advanced Gastric Cancer With Neoadjuvant Treatment: An Adaptive Trial (MRD-ATLAS) Gastric / Gastroesophageal Junction Adenocarcinoma Standard treatment for locally advanced gastric cancer currently involves surgery combined with chemotherapy administered both before and after the operation. However, post-surgery (adjuvant) chemotherapy often causes severe side effects, and it is unclear if all patients truly benefit from it. Recent research, such as the SPACE-FLOT study, suggests that patients who respond well to pre-surgery treatment might not actually benefit from further aggressive treatment after surgery; in these cases, additional therapy may only increase the risk of side effects without improving survival.

To address this, researchers are investigating circulating tumor DNA (ctDNA) testing, which detects microscopic traces of cancer (Molecular Residual Disease, or MRD) in the blood. The utility of ctDNA is supported by extensive research:

In Colorectal Cancer: The GALAXY study demonstrated that ctDNA status accurately predicts patient survival and identifies who benefits from chemotherapy. Furthermore, the DYNAMIC study showed that using ctDNA to guide treatment decisions significantly reduced the use of unnecessary chemotherapy without compromising patient survival.

In Gastric Cancer: Studies such as MENCA-GC, CRITICS, and PLAGAST have confirmed that post-surgery ctDNA is a strong predictor of patient prognosis. Additionally, the MRD-GATE study provided preliminary evidence that ctDNA-guided strategies can reduce unnecessary chemotherapy in the adjuvant setting.

Building on this evidence, this study applies ctDNA testing to the standard perioperative treatment model for gastric cancer. The primary objective is to determine if a ctDNA-guided strategy can identify patients who can safely forgo post-surgery chemotherapy, thereby reducing treatment toxicity and unnecessary usage, without sacrificing long-term survival outcomes."
NCT03025880,Trial to Evaluate Efficacy and Safety of Pembrolizumab and Gemcitabine in HER2-negative ABC,Advanced Breast Cancer,"Study Design and Treatment:

This is a multicenter phase II trial, with an initial exploratory run-in-phase, to evaluate the efficacy and safety of pembrolizumab in combination with gemcitabine in patients with HER2-negative ABC that have previously received anthracyclines and taxanes (unless clinically contraindicated). In hormone receptor positive patients, previous treatment with 2 or more lines of hormone therapy will also be required. Patients must have at least one measurable lesion that can be accurately assessed at baseline and is suitable for repeated assessment by CT, MRI or plan X-ray. Approximately 53 patients (up to a maximum of 65 patients depending on the results of the run-in-phase) will be included in this trial.",PHASE2,COMPLETED,"Trial to Evaluate Efficacy and Safety of Pembrolizumab and Gemcitabine in HER2-negative ABC Advanced Breast Cancer Study Design and Treatment:

This is a multicenter phase II trial, with an initial exploratory run-in-phase, to evaluate the efficacy and safety of pembrolizumab in combination with gemcitabine in patients with HER2-negative ABC that have previously received anthracyclines and taxanes (unless clinically contraindicated). In hormone receptor positive patients, previous treatment with 2 or more lines of hormone therapy will also be required. Patients must have at least one measurable lesion that can be accurately assessed at baseline and is suitable for repeated assessment by CT, MRI or plan X-ray. Approximately 53 patients (up to a maximum of 65 patients depending on the results of the run-in-phase) will be included in this trial."
NCT04487080,A Study of Amivantamab and Lazertinib Combination Therapy Versus Osimertinib in Locally Advanced or Metastatic Non-Small Cell Lung Cancer,"Carcinoma, Non-Small-Cell Lung","The purpose of this study is to assess the efficacy of the amivantamab and lazertinib combination, compared with osimertinib, in participants with epidermal growth factor receptor (EGFR) mutation (Exon 19 deletions \[Exon 19del\] or Exon 21 L858R substitution) positive, locally advanced or metastatic non-small cell lung cancer (NSCLC).",PHASE3,ACTIVE_NOT_RECRUITING,"A Study of Amivantamab and Lazertinib Combination Therapy Versus Osimertinib in Locally Advanced or Metastatic Non-Small Cell Lung Cancer Carcinoma, Non-Small-Cell Lung The purpose of this study is to assess the efficacy of the amivantamab and lazertinib combination, compared with osimertinib, in participants with epidermal growth factor receptor (EGFR) mutation (Exon 19 deletions \[Exon 19del\] or Exon 21 L858R substitution) positive, locally advanced or metastatic non-small cell lung cancer (NSCLC)."
NCT06155279,Induction Chemo+Immunotherapy in Resectable Epithelioid and Biphasic Pleural Mesothelioma (CHIMERA Study),Pleural Mesothelioma,"This is a prospective, open-label, multi-site Phase II trial of pembrolizumab in combination with pemetrexed and cisplatin or carboplatin as neo-adjuvant therapy followed by surgery and adjuvant pembrolizumab in patients affected by resectable stage I-IIIa chemonaïve epithelioid/biphasic pleural mesothelioma.",PHASE2,ACTIVE_NOT_RECRUITING,"Induction Chemo+Immunotherapy in Resectable Epithelioid and Biphasic Pleural Mesothelioma (CHIMERA Study) Pleural Mesothelioma This is a prospective, open-label, multi-site Phase II trial of pembrolizumab in combination with pemetrexed and cisplatin or carboplatin as neo-adjuvant therapy followed by surgery and adjuvant pembrolizumab in patients affected by resectable stage I-IIIa chemonaïve epithelioid/biphasic pleural mesothelioma."
NCT03158779,Evaluation of SBRT for Patients With Locally Advanced Unresectable Pancreatic Cancer,Pancreatic Cancer,The aim of this phase II study is to assess the efficacy and safety of sequentially integrated treatment of FOLFIRINOX or Gemcitabine-Abraxane and SBRT in patients with unresectable pancreatic cancer.,PHASE2,COMPLETED,Evaluation of SBRT for Patients With Locally Advanced Unresectable Pancreatic Cancer Pancreatic Cancer The aim of this phase II study is to assess the efficacy and safety of sequentially integrated treatment of FOLFIRINOX or Gemcitabine-Abraxane and SBRT in patients with unresectable pancreatic cancer.
NCT07581496,T1G3R-1 Trial: Detectability and Prognostic Value of ctDNA in T1 G3 Bladder Cancer,Bladder Cancer,"T1G3 bladder cancer is a heterogeneous disease with a high risk of disease persistence after the first TUR-B, understaging, disease progression, bladder removal, and mortality.

Current risk stratification is insufficient and needs improvement. Ct-DNA could identify patients with disease persistence, progression and could monitor and tailor therapy. It might improve patient risk stratification, avoiding under- and overtreatment, reducing morbidity and mortality.

Primary objective is to investigate the detectability of ct-DNA in T1G3 urothelial bladder cancer patients and build a biobank through collection of different sample types (urine, plasma) in T1G3 bladder cancer patients which allows future retrospective testing.",,RECRUITING,"T1G3R-1 Trial: Detectability and Prognostic Value of ctDNA in T1 G3 Bladder Cancer Bladder Cancer T1G3 bladder cancer is a heterogeneous disease with a high risk of disease persistence after the first TUR-B, understaging, disease progression, bladder removal, and mortality.

Current risk stratification is insufficient and needs improvement. Ct-DNA could identify patients with disease persistence, progression and could monitor and tailor therapy. It might improve patient risk stratification, avoiding under- and overtreatment, reducing morbidity and mortality.

Primary objective is to investigate the detectability of ct-DNA in T1G3 urothelial bladder cancer patients and build a biobank through collection of different sample types (urine, plasma) in T1G3 bladder cancer patients which allows future retrospective testing."
NCT05063396,OFA in Thoracic Surgery,Thoracic Cancer,to investigate the efficacy and safety of opioid-free anesthesia for non-small-cell lung cancer resection and its underlying clinical value,NA,UNKNOWN,OFA in Thoracic Surgery Thoracic Cancer to investigate the efficacy and safety of opioid-free anesthesia for non-small-cell lung cancer resection and its underlying clinical value
NCT00085696,VELCADE® (Bortezomib) With Rituximab in Subjects With Relapsed or Refractory Indolent B-Cell Lymphoma,"B-Cell Lymphoma, Follicular Lymphoma, Marginal Lymphoma",The purpose of this study is to evaluate the safety and effectiveness of VELCADE when given in combination with rituximab in patients with Relapsed or Refractory Indolent B-Cell Lymphoma. This study will investigate if treatment with VELCADE and rituximab increases the time it takes your lymphoma to get worse.,PHASE2,COMPLETED,"VELCADE® (Bortezomib) With Rituximab in Subjects With Relapsed or Refractory Indolent B-Cell Lymphoma B-Cell Lymphoma, Follicular Lymphoma, Marginal Lymphoma The purpose of this study is to evaluate the safety and effectiveness of VELCADE when given in combination with rituximab in patients with Relapsed or Refractory Indolent B-Cell Lymphoma. This study will investigate if treatment with VELCADE and rituximab increases the time it takes your lymphoma to get worse."
NCT05818462,Bladder and Bone Effects of Pelvic Radiation Therapy in Childhood Cancer Survivors,"Cancer, Childhood Cancer",The aim of this study is to measure and evaluate the effects of pelvic external beam radiation therapy (EBRT) on lower urinary tract (LUT) function and bone mineralization.,,COMPLETED,"Bladder and Bone Effects of Pelvic Radiation Therapy in Childhood Cancer Survivors Cancer, Childhood Cancer The aim of this study is to measure and evaluate the effects of pelvic external beam radiation therapy (EBRT) on lower urinary tract (LUT) function and bone mineralization."
NCT06434103,Clinical Study of SHR-A1921 Combined With Adebrelimab and SHR-8068 With or Without Carboplatin in the Treatment of Advanced NSCLC,Advanced Non-small Cell Lung Cancer,A trial to evaluate the tolerability and efficacy of SHR-A1921 in combination with adbelizumab and SHR-8068 with or without carboplatin in patients with advanced non-small cell lung cancer,"PHASE1, PHASE2",WITHDRAWN,Clinical Study of SHR-A1921 Combined With Adebrelimab and SHR-8068 With or Without Carboplatin in the Treatment of Advanced NSCLC Advanced Non-small Cell Lung Cancer A trial to evaluate the tolerability and efficacy of SHR-A1921 in combination with adbelizumab and SHR-8068 with or without carboplatin in patients with advanced non-small cell lung cancer
NCT02726503,Phase II Study Assessing the Efficacy and Safety of Lenvatinib for Anaplastic Thyroid Cancer,Anaplastic Thyroid Cancer,"The purpose of this phase Ⅱ study is to assess the efficacy and safety of lenvatinib for anaplastic thyroid cancer patients who are diagnosed as unresectable. The total duration of the study will be 30 months. All patients will start administration of lenvatinib within 1 week of enrollment and receive the study drug 24mg orally once daily at almost the same time. 1 cycle consists of 4 weeks. Treatment term starts on the day 1st of drug administration of cycle 1 and administration will be continued until patients meet withdrawal criteria. Safety and efficacy assesment will be conducted on a regular basis during the trial. Tumor evaluation will be conducted at 4weeks, 8 weeks, 12 weeks, 16 weeks and at every 8 weeks after the 16th week since initial administration. When study drug administration terminated,tests of the drug termination will be conducted within 7 days of withdrawal and final observation will be conducted at 30 days after the last dose. Survival survey will be conducted at follow-up term. After the termination of the study drug, survival follow up survey will be conducted every 12 weeks unless patients withdraw enrollment of this study.",PHASE2,COMPLETED,"Phase II Study Assessing the Efficacy and Safety of Lenvatinib for Anaplastic Thyroid Cancer Anaplastic Thyroid Cancer The purpose of this phase Ⅱ study is to assess the efficacy and safety of lenvatinib for anaplastic thyroid cancer patients who are diagnosed as unresectable. The total duration of the study will be 30 months. All patients will start administration of lenvatinib within 1 week of enrollment and receive the study drug 24mg orally once daily at almost the same time. 1 cycle consists of 4 weeks. Treatment term starts on the day 1st of drug administration of cycle 1 and administration will be continued until patients meet withdrawal criteria. Safety and efficacy assesment will be conducted on a regular basis during the trial. Tumor evaluation will be conducted at 4weeks, 8 weeks, 12 weeks, 16 weeks and at every 8 weeks after the 16th week since initial administration. When study drug administration terminated,tests of the drug termination will be conducted within 7 days of withdrawal and final observation will be conducted at 30 days after the last dose. Survival survey will be conducted at follow-up term. After the termination of the study drug, survival follow up survey will be conducted every 12 weeks unless patients withdraw enrollment of this study."
NCT04667403,Telemedicine in the Management of Pain in Patients With Advanced or Metastatic Pancreatic Cancer,"Adenocarcinoma, Pancreatic Cancer Metastatic, Pain","Adenocarcinoma of the pancreas is a major public health issue because of its disastrous prognosis. The symptomatology of locally advanced or metastatic forms, particularly painful, is often major and difficult to balance, impacting both the quality of life of patients (and those around them) and the course of treatment (chemotherapy).

The objective of this study is to evaluate the interest and feasibility of telemedicine in the management of pain in patients undergoing treatment for advanced or metastatic pancreatic cancer.",NA,UNKNOWN,"Telemedicine in the Management of Pain in Patients With Advanced or Metastatic Pancreatic Cancer Adenocarcinoma, Pancreatic Cancer Metastatic, Pain Adenocarcinoma of the pancreas is a major public health issue because of its disastrous prognosis. The symptomatology of locally advanced or metastatic forms, particularly painful, is often major and difficult to balance, impacting both the quality of life of patients (and those around them) and the course of treatment (chemotherapy).

The objective of this study is to evaluate the interest and feasibility of telemedicine in the management of pain in patients undergoing treatment for advanced or metastatic pancreatic cancer."
NCT03406403,A Comparative Study Between Laryngeal Mask Airway and Magensium Sulphate in Attenuating Systemic Stress Response During Emergence of Patients Undergoing Supratentorial Tumours.,LMA Versus Mgso4 in Attenuating Stress Response During Emergence of Supratentorial Tumours Patients,To evaluate the efficacy of replacement of ETT with LMA and administration of Magnesium sulphate at the end of the surgery in attenuating systemic stress response during emergence of patients undergoing supratentorial tumours,NA,COMPLETED,A Comparative Study Between Laryngeal Mask Airway and Magensium Sulphate in Attenuating Systemic Stress Response During Emergence of Patients Undergoing Supratentorial Tumours. LMA Versus Mgso4 in Attenuating Stress Response During Emergence of Supratentorial Tumours Patients To evaluate the efficacy of replacement of ETT with LMA and administration of Magnesium sulphate at the end of the surgery in attenuating systemic stress response during emergence of patients undergoing supratentorial tumours
NCT00696527,National Survey on Infiltrative Breast Cancer,Infiltrative Breast Cancer,"The purpose of this observational study is to describe radiological, clinical and histological characteristics of women with infiltrative breast cancer.",,COMPLETED,"National Survey on Infiltrative Breast Cancer Infiltrative Breast Cancer The purpose of this observational study is to describe radiological, clinical and histological characteristics of women with infiltrative breast cancer."
NCT05112627,Immunophenotyping in Metastatic Kidney Cancer Patients Receiving Ablative Therapy,"Metastatic Renal Cell Carcinoma, Stage IV Renal Cell Cancer AJCC v8","This early phase I trial evaluates blood samples to see if patients undergoing standard of care treatment with either stereotactic body radiation therapy or percutaneous ablation (using radio waves to create heat to destroy the tumor), have an increase in serum immune markers in kidney cancer. Information gained from this study may help doctors make treatment decisions for patients with kidney cancer.",,COMPLETED,"Immunophenotyping in Metastatic Kidney Cancer Patients Receiving Ablative Therapy Metastatic Renal Cell Carcinoma, Stage IV Renal Cell Cancer AJCC v8 This early phase I trial evaluates blood samples to see if patients undergoing standard of care treatment with either stereotactic body radiation therapy or percutaneous ablation (using radio waves to create heat to destroy the tumor), have an increase in serum immune markers in kidney cancer. Information gained from this study may help doctors make treatment decisions for patients with kidney cancer."
NCT00003627,Radiation Therapy With or Without Combination Chemotherapy in Treating Patients With Advanced Cancer of the Oropharynx or Hypopharynx,Head and Neck Cancer,"RATIONALE: Radiation therapy uses high-energy x-rays to damage tumor cells. Drugs used in chemotherapy use different ways to stop tumor cells from dividing so they stop growing or die. Combining chemotherapy with radiation therapy may kill more tumor cells and allow doctors to preserve the part of the body where the cancer started. It is not yet known whether radiation therapy with combination chemotherapy is more effective than radiation therapy alone in treating cancer of the oropharynx or hypopharynx that cannot be surgically removed.

PURPOSE: Randomized phase III trial to compare the effectiveness of radiation therapy plus cisplatin and fluorouracil with radiation therapy alone in treating patients who have advanced cancer of the oropharynx or hypopharynx that cannot be surgically removed.",PHASE3,COMPLETED,"Radiation Therapy With or Without Combination Chemotherapy in Treating Patients With Advanced Cancer of the Oropharynx or Hypopharynx Head and Neck Cancer RATIONALE: Radiation therapy uses high-energy x-rays to damage tumor cells. Drugs used in chemotherapy use different ways to stop tumor cells from dividing so they stop growing or die. Combining chemotherapy with radiation therapy may kill more tumor cells and allow doctors to preserve the part of the body where the cancer started. It is not yet known whether radiation therapy with combination chemotherapy is more effective than radiation therapy alone in treating cancer of the oropharynx or hypopharynx that cannot be surgically removed.

PURPOSE: Randomized phase III trial to compare the effectiveness of radiation therapy plus cisplatin and fluorouracil with radiation therapy alone in treating patients who have advanced cancer of the oropharynx or hypopharynx that cannot be surgically removed."
NCT04738227,"Effect of Low-level Laser Therapy on Salivary Flow, pH and Quality of Life in Irradiated Oropharyngeal Cancer Patients",Xerostomia,"There are multiple treatment modalities for head and neck cancer. They include radiation therapy, chemotherapy and surgery. Radiation therapy aims to control the tumor with minimum damage to adjacent tissues. Surgery is the preferred treatment for accessible cancers. Radiation and/or chemotherapy is used as an adjunct to surgery, in inaccessible tumors, post surgery sterilization and palliation.

A major complication of RT is that adjacent normal tissues are variably affected.

For Oropharyngeal cancer, major and minor salivary glands are damaged by RT since they fall in the radiation pathway. Atrophy and acinar degeneration are features most commonly found histologically.

Xerostomia is defined as dry mouth resulting from reduced or absent saliva flow.

Xerostomia is not a disease, but may be a symptom of various medical conditions, a side effect of a wide variety of medications and a side effect of a radiation to the head and neck.The flow rate of normal unstimulated saliva is 0.3-0.5 ml/min. If it decreases to less than 0.1-0.2 ml/min, one would experience xerostomia.

According to researchers, the decrease in saliva and xerostomia that results from radiotherapy plays an important role in worsening Quality of Life(QoL) among patients who undergo radiotherapy for head and neck cancers.

Low level laser Therapy(LLLT) uses light energy in the form of photons to produce cellular responses in the cell. Light photons are absorbed by cytochromes and porphyrins in the mitochondria of the cell.

This study aims to prove that Low level laser therapy will improve salivary flow rate, pH and the quality of life in patients who have undergone Radiation therapy for oropharyngeal cancers.",NA,COMPLETED,"Effect of Low-level Laser Therapy on Salivary Flow, pH and Quality of Life in Irradiated Oropharyngeal Cancer Patients Xerostomia There are multiple treatment modalities for head and neck cancer. They include radiation therapy, chemotherapy and surgery. Radiation therapy aims to control the tumor with minimum damage to adjacent tissues. Surgery is the preferred treatment for accessible cancers. Radiation and/or chemotherapy is used as an adjunct to surgery, in inaccessible tumors, post surgery sterilization and palliation.

A major complication of RT is that adjacent normal tissues are variably affected.

For Oropharyngeal cancer, major and minor salivary glands are damaged by RT since they fall in the radiation pathway. Atrophy and acinar degeneration are features most commonly found histologically.

Xerostomia is defined as dry mouth resulting from reduced or absent saliva flow.

Xerostomia is not a disease, but may be a symptom of various medical conditions, a side effect of a wide variety of medications and a side effect of a radiation to the head and neck.The flow rate of normal unstimulated saliva is 0.3-0.5 ml/min. If it decreases to less than 0.1-0.2 ml/min, one would experience xerostomia.

According to researchers, the decrease in saliva and xerostomia that results from radiotherapy plays an important role in worsening Quality of Life(QoL) among patients who undergo radiotherapy for head and neck cancers.

Low level laser Therapy(LLLT) uses light energy in the form of photons to produce cellular responses in the cell. Light photons are absorbed by cytochromes and porphyrins in the mitochondria of the cell.

This study aims to prove that Low level laser therapy will improve salivary flow rate, pH and the quality of life in patients who have undergone Radiation therapy for oropharyngeal cancers."
NCT04760327,Electrochemotherapy of Gynecological Cancers,Gynecological Cancers,"To determine the effectiveness, feasibility and safety of electrochemotherapy in treatment of local and/or regional recurrences of gynecological cancers with electrochemotherapy in which standard treatment options have been exhausted.",PHASE2,RECRUITING,"Electrochemotherapy of Gynecological Cancers Gynecological Cancers To determine the effectiveness, feasibility and safety of electrochemotherapy in treatment of local and/or regional recurrences of gynecological cancers with electrochemotherapy in which standard treatment options have been exhausted."
NCT01112527,PF-00299804 in Adult Patients With Relapsed/Recurrent Glioblastoma,"Glioblastoma, GBM, Glioblastoma Multiforme","There are three arms to this study (A, B and C) The purpose of this research study during Arm A is to see how much of PF-00299804 gets into the brain tumor. For many brain tumors, one reason that chemotherapy drugs might not be effective is that the drug may not be able to get into the brain tumor and kill the cancer cells. We will determine how much PF-00299804 gets into the brain tumor by obtaining a sample of the tumor from the surgery that the participant already has scheduled. The purpose of this research study during Arm B and C, is to determine how well PF-00299804 works in killing cancer cells. PF-00299804 works by binding to specific proteins found on the surface of some cancer cells that promote a growth signal. Blocking this signal from reaching its target on the cancer cells may slow or stop the cancer from growing.",PHASE2,COMPLETED,"PF-00299804 in Adult Patients With Relapsed/Recurrent Glioblastoma Glioblastoma, GBM, Glioblastoma Multiforme There are three arms to this study (A, B and C) The purpose of this research study during Arm A is to see how much of PF-00299804 gets into the brain tumor. For many brain tumors, one reason that chemotherapy drugs might not be effective is that the drug may not be able to get into the brain tumor and kill the cancer cells. We will determine how much PF-00299804 gets into the brain tumor by obtaining a sample of the tumor from the surgery that the participant already has scheduled. The purpose of this research study during Arm B and C, is to determine how well PF-00299804 works in killing cancer cells. PF-00299804 works by binding to specific proteins found on the surface of some cancer cells that promote a growth signal. Blocking this signal from reaching its target on the cancer cells may slow or stop the cancer from growing."
NCT01281761,Simvastatin + Cetuximab/Irinotecan in K-ras Mutant Colorectal Cancer (CRC),Metastatic Colorectal Cancer,"Based on the results from preclinical study, the investigators suggest that the addition of simvastatin at a dose of cardiovascular use (40 \~ 80 mg qd daily) may overcome cetuximab resistance in KRAS mutant colorectal cancer via B-Raf protein degradation and inducing Bim and Bad. Given the result of a phase II FOLFIRI plus cardiovascular dose of simvastatin (80mg qd daily) and this study, phase II study of conventional cetuximab treatment with 40 mg simvastatin is planned in metastatic colorectal cancer patients with KRAS mutation.",PHASE2,COMPLETED,"Simvastatin + Cetuximab/Irinotecan in K-ras Mutant Colorectal Cancer (CRC) Metastatic Colorectal Cancer Based on the results from preclinical study, the investigators suggest that the addition of simvastatin at a dose of cardiovascular use (40 \~ 80 mg qd daily) may overcome cetuximab resistance in KRAS mutant colorectal cancer via B-Raf protein degradation and inducing Bim and Bad. Given the result of a phase II FOLFIRI plus cardiovascular dose of simvastatin (80mg qd daily) and this study, phase II study of conventional cetuximab treatment with 40 mg simvastatin is planned in metastatic colorectal cancer patients with KRAS mutation."
NCT03104842,"Evaluation iNduction, Consolidation and Maintenance Treatment With Isatuximab , Carfilzomib, LEnalidomide and Dexamethasone",Multiple Myeloma,"A Clinical Phase II, multicenter, Open-label study evaluating iNduction, consolidation and maintenance treatment with Isatuximab (SAR650984), Carfilzomib, LEnalidomide and Dexamethasone (I-KRd) in Primary diagnosed high-risk multiple myeloma paTients",PHASE2,ACTIVE_NOT_RECRUITING,"Evaluation iNduction, Consolidation and Maintenance Treatment With Isatuximab , Carfilzomib, LEnalidomide and Dexamethasone Multiple Myeloma A Clinical Phase II, multicenter, Open-label study evaluating iNduction, consolidation and maintenance treatment with Isatuximab (SAR650984), Carfilzomib, LEnalidomide and Dexamethasone (I-KRd) in Primary diagnosed high-risk multiple myeloma paTients"
NCT07316361,GYNORYLAQ™-VLINIVAL™: Ψ-Guided Personalized Neoantigen Peptide Vaccine for High-Risk Endometrial Cancer,"Endometrial Carcinoma, Endometrial Carcinoma Stage III","GYNORYLAQ-VLINIVAL is an Early Phase I, non-randomized, single-arm, open-label clinical trial enrolling 40 patients with high-risk or recurrent endometrial carcinoma. All participants receive GYNORYLAQ-TM, a personalized neoantigenic peptide vaccine generated by the GYNORYLAQ-EC™ quantum-classical engine, in combination with systemic and supportive drug regimens that are individually selected and prescribed by the treating medical oncologist, Dr Emmanouelides Christos, according to contemporary standards of care and the clinical status of each patient. Only the GYNORYLAQ-TM vaccine is considered investigational within this protocol; all concomitant drugs (including antineoplastic agents and supportive care medications) are non-investigational, chosen and adjusted at the discretion of Dr Emmanouelides Christos. The primary objectives are to evaluate the safety/tolerability of GYNORYLAQ-TM in this real-world therapeutic context and the feasibility of quantum-guided, GMP-grade personalized vaccine manufacture. Secondary and exploratory objectives characterize vaccine-induced T-cell immunity and explore correlations between quantum/physics-based scores and clinical/immunologic outcomes.",EARLY_PHASE1,ENROLLING_BY_INVITATION,"GYNORYLAQ™-VLINIVAL™: Ψ-Guided Personalized Neoantigen Peptide Vaccine for High-Risk Endometrial Cancer Endometrial Carcinoma, Endometrial Carcinoma Stage III GYNORYLAQ-VLINIVAL is an Early Phase I, non-randomized, single-arm, open-label clinical trial enrolling 40 patients with high-risk or recurrent endometrial carcinoma. All participants receive GYNORYLAQ-TM, a personalized neoantigenic peptide vaccine generated by the GYNORYLAQ-EC™ quantum-classical engine, in combination with systemic and supportive drug regimens that are individually selected and prescribed by the treating medical oncologist, Dr Emmanouelides Christos, according to contemporary standards of care and the clinical status of each patient. Only the GYNORYLAQ-TM vaccine is considered investigational within this protocol; all concomitant drugs (including antineoplastic agents and supportive care medications) are non-investigational, chosen and adjusted at the discretion of Dr Emmanouelides Christos. The primary objectives are to evaluate the safety/tolerability of GYNORYLAQ-TM in this real-world therapeutic context and the feasibility of quantum-guided, GMP-grade personalized vaccine manufacture. Secondary and exploratory objectives characterize vaccine-induced T-cell immunity and explore correlations between quantum/physics-based scores and clinical/immunologic outcomes."
NCT06605261,Effect of Yoga Program on Quality of Life in Women With Breast Cancer Receiving Endocrine Therapy,"Breast Cancer, Yoga, Quality of Life, Nursing, Endocrine Therapy","The goal of this randomized controlled trial is to evaluate the effect of a yoga program on improving the quality of life, reducing joint pain, and alleviating vasomotor symptoms (night sweats, hot flashes) in women with breast cancer undergoing endocrine therapy.

The main questions it aims to answer are:

Does the yoga program significantly improve the quality of life in women with breast cancer undergoing endocrine therapy? Is the yoga program effective in reducing joint pain in women with breast cancer? Does the yoga program reduce the severity of night sweats and hot flashes in women with breast cancer? Researchers will compare the intervention group, which will receive the yoga program, to the control group, which will continue with their physician-recommended routine exercise, to see if there is a difference in these outcomes.

Participants will: Participants will consist of women with breast cancer undergoing endocrine therapy, with 64 in the yoga (intervention) group and 64 in the control group.

Complete the;Patient Assessment Form; and the Functional Assessment of Cancer Therapy - Endocrine Symptoms (FACT-ES) scale.

The intervention group will participate in a 60-minute yoga program, delivered online via a digital platform, four days a week for four weeks, led by an instructor.

The control group will not receive any intervention and will continue with their physician-recommended routine exercise.",NA,NOT_YET_RECRUITING,"Effect of Yoga Program on Quality of Life in Women With Breast Cancer Receiving Endocrine Therapy Breast Cancer, Yoga, Quality of Life, Nursing, Endocrine Therapy The goal of this randomized controlled trial is to evaluate the effect of a yoga program on improving the quality of life, reducing joint pain, and alleviating vasomotor symptoms (night sweats, hot flashes) in women with breast cancer undergoing endocrine therapy.

The main questions it aims to answer are:

Does the yoga program significantly improve the quality of life in women with breast cancer undergoing endocrine therapy? Is the yoga program effective in reducing joint pain in women with breast cancer? Does the yoga program reduce the severity of night sweats and hot flashes in women with breast cancer? Researchers will compare the intervention group, which will receive the yoga program, to the control group, which will continue with their physician-recommended routine exercise, to see if there is a difference in these outcomes.

Participants will: Participants will consist of women with breast cancer undergoing endocrine therapy, with 64 in the yoga (intervention) group and 64 in the control group.

Complete the;Patient Assessment Form; and the Functional Assessment of Cancer Therapy - Endocrine Symptoms (FACT-ES) scale.

The intervention group will participate in a 60-minute yoga program, delivered online via a digital platform, four days a week for four weeks, led by an instructor.

The control group will not receive any intervention and will continue with their physician-recommended routine exercise."
NCT00187486,"Safety and Efficacy Study of Tarceva, Temodar, and Radiation Therapy in Patients With Newly Diagnosed Brain Tumors","Glioblastoma Multiforme, Gliosarcoma","The patients eligible for this study are those diagnosed with glioblastoma or gliosarcoma who have recently undergone surgery and who have not been treated with radiation therapy or chemotherapy. This is called a phase II study. The purpose of the phase II study is to determine how effective Tarceva plus Temodar plus radiation is in controlling the growth of glioblastoma and gliosarcoma. All patients will receive radiation and Temodar plus Tarceva. There is no ""placebo"" drug.",PHASE2,COMPLETED,"Safety and Efficacy Study of Tarceva, Temodar, and Radiation Therapy in Patients With Newly Diagnosed Brain Tumors Glioblastoma Multiforme, Gliosarcoma The patients eligible for this study are those diagnosed with glioblastoma or gliosarcoma who have recently undergone surgery and who have not been treated with radiation therapy or chemotherapy. This is called a phase II study. The purpose of the phase II study is to determine how effective Tarceva plus Temodar plus radiation is in controlling the growth of glioblastoma and gliosarcoma. All patients will receive radiation and Temodar plus Tarceva. There is no ""placebo"" drug."
NCT03472586,Ipilimumab and Nivolumab With Immunoembolization in Treating Participants With Metastatic Uveal Melanoma in the Liver,"Metastatic Malignant Neoplasm in the Liver, Metastatic Uveal Melanoma, Stage IV Uveal Melanoma AJCC v7","This phase II trial studies ipilimumab and nivolumab with immunoembolization in treating patients with uveal melanoma that has spread to the liver. Immunotherapy with monoclonal antibodies, such as ipilimumab and nivolumab, may help the body's immune system attack the cancer, and may interfere with the ability of tumor cells to grow and spread. Immunoembolization may kill tumor cells due to loss of blood supply and develop an immune response against tumor cells. Giving ipilimumab and nivolumab with immunoembolization may work better in treating patients with uveal melanoma.",PHASE2,COMPLETED,"Ipilimumab and Nivolumab With Immunoembolization in Treating Participants With Metastatic Uveal Melanoma in the Liver Metastatic Malignant Neoplasm in the Liver, Metastatic Uveal Melanoma, Stage IV Uveal Melanoma AJCC v7 This phase II trial studies ipilimumab and nivolumab with immunoembolization in treating patients with uveal melanoma that has spread to the liver. Immunotherapy with monoclonal antibodies, such as ipilimumab and nivolumab, may help the body's immune system attack the cancer, and may interfere with the ability of tumor cells to grow and spread. Immunoembolization may kill tumor cells due to loss of blood supply and develop an immune response against tumor cells. Giving ipilimumab and nivolumab with immunoembolization may work better in treating patients with uveal melanoma."
NCT00216086,Capecitabine + Irinotecan Followed by Combined Modality Capecitabine and Radiation in Locally Advanced Rectal Cancer,Rectal Cancer,"Preoperative induction chemotherapy has been successfully used in a variety of malignancies and provides several advantages over postoperative therapy. Combination of 5-FU/Leucovorin/CPT-11 has demonstrated significantly better response rate than 5-FU/Leucovorin alone. Replacing 5-FU with oral capecitabine in combination with CPT-11 has emerged as a potentially more effective, safe and convenient treatment option for metastatic colorectal cancer. Capecitabine is also well tolerated in concurrent treatment with radiation. Recent data has shown that preoperative radiation appears to be significantly more effective in increasing resectability rates.

This trial will investigate the activity of capecitabine and CPT-11 combination in the preoperative setting followed by chemoradiation with capecitabine in locally advanced rectal cancer to improve response and decrease local recurrence. We will also study whether TS, TP, DPD and carboxyesterase expressions correlate with the objective response rate with this chemotherapy and chemoradiation regimen.",PHASE2,TERMINATED,"Capecitabine + Irinotecan Followed by Combined Modality Capecitabine and Radiation in Locally Advanced Rectal Cancer Rectal Cancer Preoperative induction chemotherapy has been successfully used in a variety of malignancies and provides several advantages over postoperative therapy. Combination of 5-FU/Leucovorin/CPT-11 has demonstrated significantly better response rate than 5-FU/Leucovorin alone. Replacing 5-FU with oral capecitabine in combination with CPT-11 has emerged as a potentially more effective, safe and convenient treatment option for metastatic colorectal cancer. Capecitabine is also well tolerated in concurrent treatment with radiation. Recent data has shown that preoperative radiation appears to be significantly more effective in increasing resectability rates.

This trial will investigate the activity of capecitabine and CPT-11 combination in the preoperative setting followed by chemoradiation with capecitabine in locally advanced rectal cancer to improve response and decrease local recurrence. We will also study whether TS, TP, DPD and carboxyesterase expressions correlate with the objective response rate with this chemotherapy and chemoradiation regimen."
NCT01556386,Pharmacogenetic Analysis of Korean Pediatric Patients With Acute Lymphoblastic Leukemia,Acute Lymphoblastic Leukemia,This study is to find out distribution of genetic polymorphisms and genes related to the chemotherapeutic drugs of ALL.,,COMPLETED,Pharmacogenetic Analysis of Korean Pediatric Patients With Acute Lymphoblastic Leukemia Acute Lymphoblastic Leukemia This study is to find out distribution of genetic polymorphisms and genes related to the chemotherapeutic drugs of ALL.
NCT06493370,Intravenous Ascorbate Plus Gemcitabine/Carboplatin: A Novel and Cost-Effective Alternative With Evident Efficacy in Patients With Muscle Invasive Bladder Cancer,Bladder Cancer,"This is a phase II, single arm, Simon two-stage design, trial, enrolling patients with cisplatin ineligible MIBC and/or those patients who decline cisplatin based NAC.

Assess rates of pathologic downstaging and quality of life in MIBC cisplatin-ineligible/declined patients when IVC is added to gemcitabine-carboplatin NAC.",PHASE2,RECRUITING,"Intravenous Ascorbate Plus Gemcitabine/Carboplatin: A Novel and Cost-Effective Alternative With Evident Efficacy in Patients With Muscle Invasive Bladder Cancer Bladder Cancer This is a phase II, single arm, Simon two-stage design, trial, enrolling patients with cisplatin ineligible MIBC and/or those patients who decline cisplatin based NAC.

Assess rates of pathologic downstaging and quality of life in MIBC cisplatin-ineligible/declined patients when IVC is added to gemcitabine-carboplatin NAC."
NCT06700070,A Phase 0 Multicenter Study of the Pharmacodynamic Effects of Intratumoral Microdose Administration of PBA-0111 in Patients With Solid Tumors,"Head and Neck Squamous Cell Carcinoma, Soft Tissue Sarcoma Adult, Triple Negative Breast Cancer","This is a multi-center, single arm, open-label, localized pharmacodynamic biomarker Phase 0 trial designed to study the biological effects within the tumor microenvironment of PBA-0111 when administered intratumorally in microdose quantities via the CIVO device.",EARLY_PHASE1,RECRUITING,"A Phase 0 Multicenter Study of the Pharmacodynamic Effects of Intratumoral Microdose Administration of PBA-0111 in Patients With Solid Tumors Head and Neck Squamous Cell Carcinoma, Soft Tissue Sarcoma Adult, Triple Negative Breast Cancer This is a multi-center, single arm, open-label, localized pharmacodynamic biomarker Phase 0 trial designed to study the biological effects within the tumor microenvironment of PBA-0111 when administered intratumorally in microdose quantities via the CIVO device."
NCT05757973,Pre-Approval Access Program for Talquetamab in Relapsed or Refractory Multiple Myeloma,Relapsed or Refractory Multiple Myeloma,The purpose of this pre-approval access program is to give talquetamab monotherapy (treatment with single drug) to participants with relapsed or refractory multiple myeloma (a type of cancer that begins in plasma cells \[white blood cells that produce antibodies\] which has returned or difficult to treat) who have relapsed on or are refractory to all locally available and clinically appropriate treatment and who are not eligible for a clinical trial.,,APPROVED_FOR_MARKETING,Pre-Approval Access Program for Talquetamab in Relapsed or Refractory Multiple Myeloma Relapsed or Refractory Multiple Myeloma The purpose of this pre-approval access program is to give talquetamab monotherapy (treatment with single drug) to participants with relapsed or refractory multiple myeloma (a type of cancer that begins in plasma cells \[white blood cells that produce antibodies\] which has returned or difficult to treat) who have relapsed on or are refractory to all locally available and clinically appropriate treatment and who are not eligible for a clinical trial.
NCT01132573,"Entinostat and Clofarabine in Treating Patients With Newly Diagnosed, Relapsed, or Refractory Poor-Risk Acute Lymphoblastic Leukemia or Bilineage/Biphenotypic Leukemia","Acute Leukemias of Ambiguous Lineage, Philadelphia Chromosome Negative Adult Precursor Acute Lymphoblastic Leukemia, Recurrent Adult Acute Lymphoblastic Leukemia, Untreated Adult Acute Lymphoblastic Leukemia","This phase I trial studies the side effects and best dose of entinostat when given together with clofarabine in treating patients with newly diagnosed, relapsed, or refractory poor-risk acute lymphoblastic leukemia or bilineage/biphenotypic leukemia. Entinostat may stop the growth of cancer cells by blocking some of the enzymes needed for cell growth. Drugs used in chemotherapy, such as clofarabine, work in different ways to stop the growth of cancer cells, either by killing the cells or by stopping them from dividing. Giving entinostat with clofarabine may kill more cancer cells.",PHASE1,COMPLETED,"Entinostat and Clofarabine in Treating Patients With Newly Diagnosed, Relapsed, or Refractory Poor-Risk Acute Lymphoblastic Leukemia or Bilineage/Biphenotypic Leukemia Acute Leukemias of Ambiguous Lineage, Philadelphia Chromosome Negative Adult Precursor Acute Lymphoblastic Leukemia, Recurrent Adult Acute Lymphoblastic Leukemia, Untreated Adult Acute Lymphoblastic Leukemia This phase I trial studies the side effects and best dose of entinostat when given together with clofarabine in treating patients with newly diagnosed, relapsed, or refractory poor-risk acute lymphoblastic leukemia or bilineage/biphenotypic leukemia. Entinostat may stop the growth of cancer cells by blocking some of the enzymes needed for cell growth. Drugs used in chemotherapy, such as clofarabine, work in different ways to stop the growth of cancer cells, either by killing the cells or by stopping them from dividing. Giving entinostat with clofarabine may kill more cancer cells."
NCT00166569,The Genetics of Polycystic Ovarian Syndrome,Polycystic Ovary Syndrome,"The goal of this study is to determine the genetic basis of polycystic ovary syndrome (PCOS). We will first look for genes in the Icelandic population, where large family trees are known and it is easier to search for genes. We will then determine whether these same genes are important in U.S. PCOS patients.",,UNKNOWN,"The Genetics of Polycystic Ovarian Syndrome Polycystic Ovary Syndrome The goal of this study is to determine the genetic basis of polycystic ovary syndrome (PCOS). We will first look for genes in the Icelandic population, where large family trees are known and it is easier to search for genes. We will then determine whether these same genes are important in U.S. PCOS patients."
NCT00780169,Phase I Trial of Sorafenib + FOLFIRI In Metastatic Colorectal Cancer,Metastatic Colorectal Cancer,"The purpose of this study is to assess the safety, the maximum tolerated dose and the recommended dose for phase II studies of a chemotherapy-combination of sorafenib, irinotecan, and 5-fluorouracil (5-FU)/folinic acid (FA) (FOLFIRI) as first-line treatment for metastatic colorectal cancer.",PHASE1,COMPLETED,"Phase I Trial of Sorafenib + FOLFIRI In Metastatic Colorectal Cancer Metastatic Colorectal Cancer The purpose of this study is to assess the safety, the maximum tolerated dose and the recommended dose for phase II studies of a chemotherapy-combination of sorafenib, irinotecan, and 5-fluorouracil (5-FU)/folinic acid (FA) (FOLFIRI) as first-line treatment for metastatic colorectal cancer."
NCT01983969,Aza-SAHA-GBM With AutoSCT for Refractory Lymphoma,"Advanced Cancers, Lymphoma","The goal of this clinical research study is to find the highest tolerable dose of azacitidine that can be given with vorinostat, gemcitabine, busulfan, and melphalan, with a stem cell transplant, and with or without rituximab. Researchers also want to learn about the safety and level of effectiveness of this combination.","PHASE1, PHASE2",COMPLETED,"Aza-SAHA-GBM With AutoSCT for Refractory Lymphoma Advanced Cancers, Lymphoma The goal of this clinical research study is to find the highest tolerable dose of azacitidine that can be given with vorinostat, gemcitabine, busulfan, and melphalan, with a stem cell transplant, and with or without rituximab. Researchers also want to learn about the safety and level of effectiveness of this combination."
NCT02927769,"A Study of Nivolumab Plus Brentuximab Vedotin in Patients Between 5 and 30 Years Old, With Hodgkin's Lymphoma (cHL), Relapsed or Refractory From First Line Treatment",Hodgkin Disease,"The purpose of this study is to determine whether nivolumab plus brentuximab vedotin (followed by brentuximab vedotin plus bendamustine in patient with suboptimal response) is safe and effective in treating patients with Hodgkin's lymphoma (cHL). Eligible patients are children, adolescents, and young adults relapsed or refractory to first line.",PHASE2,COMPLETED,"A Study of Nivolumab Plus Brentuximab Vedotin in Patients Between 5 and 30 Years Old, With Hodgkin's Lymphoma (cHL), Relapsed or Refractory From First Line Treatment Hodgkin Disease The purpose of this study is to determine whether nivolumab plus brentuximab vedotin (followed by brentuximab vedotin plus bendamustine in patient with suboptimal response) is safe and effective in treating patients with Hodgkin's lymphoma (cHL). Eligible patients are children, adolescents, and young adults relapsed or refractory to first line."
NCT00108069,Tamoxifen and Bortezomib to Treat Recurrent Brain Tumors,Glioma,"This study will determine whether the drugs tamoxifen and bortezomib can delay tumor growth in patients with recurrent glioma (malignant brain tumor). Tamoxifen may work by interfering with the internal signaling needed for the cancer to grow. Bortezomib may also interfere with tumor growth processes. Laboratory studies show that low doses of bortezomib significantly enhance glioma cell death when used with tamoxifen.

Patients 18 years of age and older with glioma whose tumor does not respond to standard medical treatment and who are not taking enzyme-inducing anti-seizure medications such as Dilantin, phenobarbitol, or Tegretol, may be eligible for this study. Candidates are screened with a physical examination, blood tests, and magnetic resonance imaging (MRI) or computed tomography (CT). MRI and CT scans produce images of the brain that can show if the brain tumor is growing (see below).

Participants receive treatment in 6-week cycles for up to 1 year. (The treatment duration may be extended in some patients who continue to tolerate the drug and show no signs of tumor growth after 1 year.) During each cycle, patients take six tamoxifen tablets twice a day every day and receive bortezomib by infusion into a vein on days 3, 6, 10, 13, 24, 27, 31 and 34. Treatment may continue as long as the tumor does not grow and the patient does not develop unacceptable side effects. In addition to drug treatment, patients undergo the following tests and procedures:

* Periodic routine blood tests.
* MRI or CT scan of the head before starting each new cycle. MRI uses a magnetic field and radio waves to produce images of body tissues and organs. CT uses x-rays to provide 3-dimensional views of the part of the body being studied. For both procedures, the patient lies on a table that slides into the cylindrical scanner.
* Blood test to measure levels of bortezomib. Blood is drawn before the bortezomib infusion on days 3 and 24, and 4 hours after the infusion on day 24 of the first treatment cycle only.
* Dynamic MRI with spectroscopy or positron emission tomography (PET). Patients may be asked to undergo one of these tests, which help distinguish live tumor from dying tumor. The experience of dynamic MRI with spectroscopy is the same as standard MRI and is done at the same time as the standard procedure (see above). PET uses a radioactive substance to show cellular activity in specific tissues of the body. The patient is given an injection of a sugar solution in which a radioactive isotope has been attached to the sugar molecule. A special camera detects the radiation emitted by the radioisotope, and the resulting images show how much glucose is being used in various parts of the body. Because rapidly growing cells, such as tumors, take up and use more glucose than normal cells do, this test can be used to show active tumors.
* Drug diary. Patients maintain a calendar to record when they take their study drugs and what side effects they develop.",PHASE2,COMPLETED,"Tamoxifen and Bortezomib to Treat Recurrent Brain Tumors Glioma This study will determine whether the drugs tamoxifen and bortezomib can delay tumor growth in patients with recurrent glioma (malignant brain tumor). Tamoxifen may work by interfering with the internal signaling needed for the cancer to grow. Bortezomib may also interfere with tumor growth processes. Laboratory studies show that low doses of bortezomib significantly enhance glioma cell death when used with tamoxifen.

Patients 18 years of age and older with glioma whose tumor does not respond to standard medical treatment and who are not taking enzyme-inducing anti-seizure medications such as Dilantin, phenobarbitol, or Tegretol, may be eligible for this study. Candidates are screened with a physical examination, blood tests, and magnetic resonance imaging (MRI) or computed tomography (CT). MRI and CT scans produce images of the brain that can show if the brain tumor is growing (see below).

Participants receive treatment in 6-week cycles for up to 1 year. (The treatment duration may be extended in some patients who continue to tolerate the drug and show no signs of tumor growth after 1 year.) During each cycle, patients take six tamoxifen tablets twice a day every day and receive bortezomib by infusion into a vein on days 3, 6, 10, 13, 24, 27, 31 and 34. Treatment may continue as long as the tumor does not grow and the patient does not develop unacceptable side effects. In addition to drug treatment, patients undergo the following tests and procedures:

* Periodic routine blood tests.
* MRI or CT scan of the head before starting each new cycle. MRI uses a magnetic field and radio waves to produce images of body tissues and organs. CT uses x-rays to provide 3-dimensional views of the part of the body being studied. For both procedures, the patient lies on a table that slides into the cylindrical scanner.
* Blood test to measure levels of bortezomib. Blood is drawn before the bortezomib infusion on days 3 and 24, and 4 hours after the infusion on day 24 of the first treatment cycle only.
* Dynamic MRI with spectroscopy or positron emission tomography (PET). Patients may be asked to undergo one of these tests, which help distinguish live tumor from dying tumor. The experience of dynamic MRI with spectroscopy is the same as standard MRI and is done at the same time as the standard procedure (see above). PET uses a radioactive substance to show cellular activity in specific tissues of the body. The patient is given an injection of a sugar solution in which a radioactive isotope has been attached to the sugar molecule. A special camera detects the radiation emitted by the radioisotope, and the resulting images show how much glucose is being used in various parts of the body. Because rapidly growing cells, such as tumors, take up and use more glucose than normal cells do, this test can be used to show active tumors.
* Drug diary. Patients maintain a calendar to record when they take their study drugs and what side effects they develop."
NCT02947373,Pilot Study of Safety and Toxicity of Acquiring Hyperpolarized Carbon-13 Imaging in Children With Brain Tumors,Pediatric Brain Tumors,"This is a single arm pilot trial within the Pacific Pediatric Neuro-Oncology Consortium (PNOC).

The pilot study will look at the safety and toxicity of acquiring hyperpolarized carbon-13 imaging in children with brain tumors.",PHASE1,COMPLETED,"Pilot Study of Safety and Toxicity of Acquiring Hyperpolarized Carbon-13 Imaging in Children With Brain Tumors Pediatric Brain Tumors This is a single arm pilot trial within the Pacific Pediatric Neuro-Oncology Consortium (PNOC).

The pilot study will look at the safety and toxicity of acquiring hyperpolarized carbon-13 imaging in children with brain tumors."
NCT06973473,Combination Therapy of Imiquimod 5%Cream and Cryotherapy vs Monotherapy for Common Warts:Randomized Comparative Trial.,Warts,To assess the clinical efficacy and safety of topical imiquimod 5% cream combined with cryotherapy versus either of theme alone for the treatment of common warts by clinical and dermoscopic assessments.,,NOT_YET_RECRUITING,Combination Therapy of Imiquimod 5%Cream and Cryotherapy vs Monotherapy for Common Warts:Randomized Comparative Trial. Warts To assess the clinical efficacy and safety of topical imiquimod 5% cream combined with cryotherapy versus either of theme alone for the treatment of common warts by clinical and dermoscopic assessments.
NCT03501173,A Study of Participants With Advanced Prostate Cancer in Canada,Prostatic Neoplasms,"The purpose of this study is to document the course of advanced prostate cancer in Canada in terms of disease progression, real-world treatment, and patient management.",,COMPLETED,"A Study of Participants With Advanced Prostate Cancer in Canada Prostatic Neoplasms The purpose of this study is to document the course of advanced prostate cancer in Canada in terms of disease progression, real-world treatment, and patient management."
NCT06528769,Study of All-Trans Retinoic Acid (ATRA) and Cemiplimab in Patients With Advanced Leiomyosarcoma,"Leiomyosarcoma, Sarcoma","A phase 2 study assessing the efficacy of all-trans retinoic acid (ATRA) and Cemiplimab in patients with metastatic/locally advanced - unresectable leiomyosarcoma (LMS) who have progressed standard-of-care therapy. Patients will be enrolled in cohorts according to a Bayesian Optimal Phase II design (BOP2).

Study treatment will consist of ATRA at a starting dose of 150 mg/m2/day for 3 days orally prior to each cycle of Cemiplimab 350 mg IV q3 weeks for three cycles and then Cemiplimab monotherapy until the progress of disease or unacceptable toxicities develops.",PHASE2,RECRUITING,"Study of All-Trans Retinoic Acid (ATRA) and Cemiplimab in Patients With Advanced Leiomyosarcoma Leiomyosarcoma, Sarcoma A phase 2 study assessing the efficacy of all-trans retinoic acid (ATRA) and Cemiplimab in patients with metastatic/locally advanced - unresectable leiomyosarcoma (LMS) who have progressed standard-of-care therapy. Patients will be enrolled in cohorts according to a Bayesian Optimal Phase II design (BOP2).

Study treatment will consist of ATRA at a starting dose of 150 mg/m2/day for 3 days orally prior to each cycle of Cemiplimab 350 mg IV q3 weeks for three cycles and then Cemiplimab monotherapy until the progress of disease or unacceptable toxicities develops."
NCT00726583,Phase I Trial of Oral PX-866,Advanced Solid Tumors,This study is being conducted to determine the safety and maximally tolerated dose of PX-866 when given orally on two different schedules: daily on days 1-5 and 8-12 of a 28 day cycle and daily on days 1-28 of a 28 day cycle.,PHASE1,COMPLETED,Phase I Trial of Oral PX-866 Advanced Solid Tumors This study is being conducted to determine the safety and maximally tolerated dose of PX-866 when given orally on two different schedules: daily on days 1-5 and 8-12 of a 28 day cycle and daily on days 1-28 of a 28 day cycle.
NCT03414983,An Investigational Immunotherapy Study of Nivolumab With Standard of Care Therapy vs Standard of Care Therapy for First-Line Treatment of Colorectal Cancer That Has Spread,Colorectal Cancer,This purpose of this study is to evaluate nivolumab (BMS-936558) in combination with standard of care (SOC) chemotherapy with bevacizumab for the treatment of first-line metastatic colorectal cancer (mCRC).,"PHASE2, PHASE3",COMPLETED,An Investigational Immunotherapy Study of Nivolumab With Standard of Care Therapy vs Standard of Care Therapy for First-Line Treatment of Colorectal Cancer That Has Spread Colorectal Cancer This purpose of this study is to evaluate nivolumab (BMS-936558) in combination with standard of care (SOC) chemotherapy with bevacizumab for the treatment of first-line metastatic colorectal cancer (mCRC).
NCT01364454,General Practitioners (GP) Involvement in Colorectal Cancer (CRC) Screening,Colorectal Cancer,"Screening for ColoRectal Cancer (CRC) is widely recommended because of compelling evidence that it reduces mortality from CRC and that it's cost-effective. In France, there is a national CRC screening programme inviting people aged 50-74 years by mail to consult their General Practitioner (GP) for a free on charge Faecal Occult Blood test deliverance every two years. Participation is a key factor for the screening programs success. High levels of screening uptake and the continued participation to regular screening must be achieved and maintained in the targeted population if the enormous potential of CRC screening is to be realised. Screening rates of various international programs vary widely (20-52%) and the participation is insufficient in the most settings. Therefore, a better understanding of facilitating and hindering factors of patient participation can guide interventions to improve CRC screening rates. They include patients and physicians' factors. One issue is about GPs practice. GP involvement has been shown to improve the participation in the CRC screening. This study aims to assess the effectiveness of an intervention targeting GPs to increase patient participation in the CRC screening. Volunteer GPs will be randomly assigned to either the intervention group or to usual care (control group) and they will be followed one year. The intervention consists in providing every four months to the experimental group a list of their patients who are eligible but did not proceed yet to the screening. In both groups, patient participation in the screening will be measured at the end of the study.",EARLY_PHASE1,COMPLETED,"General Practitioners (GP) Involvement in Colorectal Cancer (CRC) Screening Colorectal Cancer Screening for ColoRectal Cancer (CRC) is widely recommended because of compelling evidence that it reduces mortality from CRC and that it's cost-effective. In France, there is a national CRC screening programme inviting people aged 50-74 years by mail to consult their General Practitioner (GP) for a free on charge Faecal Occult Blood test deliverance every two years. Participation is a key factor for the screening programs success. High levels of screening uptake and the continued participation to regular screening must be achieved and maintained in the targeted population if the enormous potential of CRC screening is to be realised. Screening rates of various international programs vary widely (20-52%) and the participation is insufficient in the most settings. Therefore, a better understanding of facilitating and hindering factors of patient participation can guide interventions to improve CRC screening rates. They include patients and physicians' factors. One issue is about GPs practice. GP involvement has been shown to improve the participation in the CRC screening. This study aims to assess the effectiveness of an intervention targeting GPs to increase patient participation in the CRC screening. Volunteer GPs will be randomly assigned to either the intervention group or to usual care (control group) and they will be followed one year. The intervention consists in providing every four months to the experimental group a list of their patients who are eligible but did not proceed yet to the screening. In both groups, patient participation in the screening will be measured at the end of the study."
NCT00004254,Raltitrexed in Treating Patients With Malignant Mesothelioma That Cannot Be Surgically Removed,Malignant Mesothelioma,"RATIONALE: Drugs used in chemotherapy use different ways to stop tumor cells from dividing so they stop growing or die.

PURPOSE: Phase II trial to study the effectiveness of raltitrexed in treating patients who have malignant mesothelioma that cannot be surgically removed.",PHASE2,COMPLETED,"Raltitrexed in Treating Patients With Malignant Mesothelioma That Cannot Be Surgically Removed Malignant Mesothelioma RATIONALE: Drugs used in chemotherapy use different ways to stop tumor cells from dividing so they stop growing or die.

PURPOSE: Phase II trial to study the effectiveness of raltitrexed in treating patients who have malignant mesothelioma that cannot be surgically removed."
NCT00203905,A Study of Chemoradiotherapy for Intermediate Stage/Selected Stage IV Cancers of the Head and Neck,Head and Neck Cancer,"The primary objective of the study is to evaluate time to progression in eligible patients with cancer of the oral cavity, pharynx, larynx, paranasal sinuses, and cervical esophagus when treated with the concomitant chemoradiotherapy regimen of bevacizumab/5-fluorouracil (5-FU)/hydroxyurea/radiation therapy (B-FHX) in comparison to 5-fluorouracil hydroxyurea (FHX) alone.",PHASE2,COMPLETED,"A Study of Chemoradiotherapy for Intermediate Stage/Selected Stage IV Cancers of the Head and Neck Head and Neck Cancer The primary objective of the study is to evaluate time to progression in eligible patients with cancer of the oral cavity, pharynx, larynx, paranasal sinuses, and cervical esophagus when treated with the concomitant chemoradiotherapy regimen of bevacizumab/5-fluorouracil (5-FU)/hydroxyurea/radiation therapy (B-FHX) in comparison to 5-fluorouracil hydroxyurea (FHX) alone."
NCT02559154,Modified Bortezomib-based Combination Therapy for Multiple Myeloma,Multiple Myeloma,To investigate the efficacy of a modified bortezomib based combination therapy for patients with multiple myeloma.,PHASE4,UNKNOWN,Modified Bortezomib-based Combination Therapy for Multiple Myeloma Multiple Myeloma To investigate the efficacy of a modified bortezomib based combination therapy for patients with multiple myeloma.
NCT02061605,First-in-Human Safety Study Of Laser Tissue Welding For Surtureless Laparoscopic Partial Nephrectomy,"Benign Renal Tumors, Malignant Renal Tumors",The objective of this pilot study will be to obtain a clinical safety and efficacy endpoint profile of laser tissue welding therapy for sealing the resected kidney surface after laparoscopic partial nephrectomy required for removal of resectable benign or malignant renal tumors in 10 patients.,NA,WITHDRAWN,"First-in-Human Safety Study Of Laser Tissue Welding For Surtureless Laparoscopic Partial Nephrectomy Benign Renal Tumors, Malignant Renal Tumors The objective of this pilot study will be to obtain a clinical safety and efficacy endpoint profile of laser tissue welding therapy for sealing the resected kidney surface after laparoscopic partial nephrectomy required for removal of resectable benign or malignant renal tumors in 10 patients."
NCT01505205,Study on the Evolution of Genes Mutation Related With Gastrointestinal Stromal Tumors,"Full Gene Sequences of c-KIT、PDGFRA and DOG1 Are Analyzed With the Screening-sequencing Approach, Investigate the Characteristics and Variations Associated With the Different Gene Mutations of c-KIT、PDGFRA and DOG1 in GIST Patients","Mutations of tumor-related genes are dynamic. Gastrointestinal stromal tumor cells often are obviously more invasive in case of recurrence. The great majority of relapses may be associated with secondary mutation in the GIST related genes. Full gene sequences of c-KIT、PDGFRA and DOG1, which is extracted from the specimen cells of repeated surgical resection or biopsy tissue in GIST patients with postoperative recurrence, are analyzed with the screening-sequencing approach, in order to investigate the characteristics and variations associated with the different gene mutations of c-KIT、PDGFRA and DOG1 in GIST patients and be likely to find out the evolutionary pattern, try to learn the facts about the effect of tyrosine kinase inhibitors on the GIST related genes, make a survey of any association of c-KIT、PDGFRA and DOG1 gene mutations and provide the basis for seeking molecular marker of GIST for monitoring course of disease, and offer a theoretical basis and new therapeutic strategies for application of clinical treatment.",,COMPLETED,"Study on the Evolution of Genes Mutation Related With Gastrointestinal Stromal Tumors Full Gene Sequences of c-KIT、PDGFRA and DOG1 Are Analyzed With the Screening-sequencing Approach, Investigate the Characteristics and Variations Associated With the Different Gene Mutations of c-KIT、PDGFRA and DOG1 in GIST Patients Mutations of tumor-related genes are dynamic. Gastrointestinal stromal tumor cells often are obviously more invasive in case of recurrence. The great majority of relapses may be associated with secondary mutation in the GIST related genes. Full gene sequences of c-KIT、PDGFRA and DOG1, which is extracted from the specimen cells of repeated surgical resection or biopsy tissue in GIST patients with postoperative recurrence, are analyzed with the screening-sequencing approach, in order to investigate the characteristics and variations associated with the different gene mutations of c-KIT、PDGFRA and DOG1 in GIST patients and be likely to find out the evolutionary pattern, try to learn the facts about the effect of tyrosine kinase inhibitors on the GIST related genes, make a survey of any association of c-KIT、PDGFRA and DOG1 gene mutations and provide the basis for seeking molecular marker of GIST for monitoring course of disease, and offer a theoretical basis and new therapeutic strategies for application of clinical treatment."
NCT05173805,Phase I Clinical Study of YL-15293 in Patients With Advanced Solid Tumor With KRAS Mutation,Advanced Solid Tumor,"This is a phase 1 / 2 open label multicenter study to evaluate the maximum tolerance, safety, tolerance and PK of oral YL-15293 in patients with advanced solid tumors with KRAS mutation, so as to confirm the recommended phase 2 dose of YL-15293 and obtain the preliminary efficacy information of patients with advanced solid tumors with KRAS mutation.","PHASE1, PHASE2",UNKNOWN,"Phase I Clinical Study of YL-15293 in Patients With Advanced Solid Tumor With KRAS Mutation Advanced Solid Tumor This is a phase 1 / 2 open label multicenter study to evaluate the maximum tolerance, safety, tolerance and PK of oral YL-15293 in patients with advanced solid tumors with KRAS mutation, so as to confirm the recommended phase 2 dose of YL-15293 and obtain the preliminary efficacy information of patients with advanced solid tumors with KRAS mutation."
NCT04029805,Evaluation of a Combination of a Plant Extract and a Probiotic on Glucidic Metabolism in Women With PCOS and High Insulin Levels,"Polycystic Ovarian Syndrome, Insulin Resistance","The aim of the present study is to evaluate the effect of the combination of a plant extract (BSL\_EP044) and Lactobacillus BSL\_PS6 on parameters of the glucidic metabolism, anthropometric parameters, hormonal levels and the menstrual cycle in women with polycystic ovary syndrome and high insulin levels.","PHASE1, PHASE2",UNKNOWN,"Evaluation of a Combination of a Plant Extract and a Probiotic on Glucidic Metabolism in Women With PCOS and High Insulin Levels Polycystic Ovarian Syndrome, Insulin Resistance The aim of the present study is to evaluate the effect of the combination of a plant extract (BSL\_EP044) and Lactobacillus BSL\_PS6 on parameters of the glucidic metabolism, anthropometric parameters, hormonal levels and the menstrual cycle in women with polycystic ovary syndrome and high insulin levels."
NCT00687505,Safety Study of FP-1039 To Treat Cancer,Advanced Cancer,"The primary purpose of this study is to evaluate the safety and tolerability of FP-1039, a new biologic treatment for cancer.",PHASE1,COMPLETED,"Safety Study of FP-1039 To Treat Cancer Advanced Cancer The primary purpose of this study is to evaluate the safety and tolerability of FP-1039, a new biologic treatment for cancer."
NCT01364805,New Treatment Option for Pancreatic Cancer,Pancreatic Cancer,"In the United States, approximately 30,000 new cases of pancreatic cancer are diagnosed each year and an almost equal number of deaths are related to this cancer. Different types of chemotherapeutic treatments are used that target different parts of the cancer cell with some success, but there is room for other treatment options.

It is known that people with cancer are using high doses of intravenous vitamin C also known as ascorbate, as a cancer treatment and this is occurring frequently. When Vitamin C is given in this manner, it is not taken by mouth; instead, it enters your body through an IV (intravenous) site, or tube that is inserted through a needle into your vein. If you have a port-a-cath in place, the IV will be given using your port. When Vitamin C enters your body through an IV site, it is known that it acts like a drug and not a vitamin. It produces a substance around the cancer cells called hydrogen peroxide. It has been seen in animal research studies that hydrogen peroxide kills the cancer cells while leaving the normal cells unharmed.

Currently the FDA does not approve the use of high-dose intravenous Vitamin C as a cancer treatment. The use of intravenous Vitamin C in this study is experimental. Furthermore, it is important to know that we do not expect the intravenous Vitamin C given in this study to be healing for the treatment of your cancer.",PHASE1,COMPLETED,"New Treatment Option for Pancreatic Cancer Pancreatic Cancer In the United States, approximately 30,000 new cases of pancreatic cancer are diagnosed each year and an almost equal number of deaths are related to this cancer. Different types of chemotherapeutic treatments are used that target different parts of the cancer cell with some success, but there is room for other treatment options.

It is known that people with cancer are using high doses of intravenous vitamin C also known as ascorbate, as a cancer treatment and this is occurring frequently. When Vitamin C is given in this manner, it is not taken by mouth; instead, it enters your body through an IV (intravenous) site, or tube that is inserted through a needle into your vein. If you have a port-a-cath in place, the IV will be given using your port. When Vitamin C enters your body through an IV site, it is known that it acts like a drug and not a vitamin. It produces a substance around the cancer cells called hydrogen peroxide. It has been seen in animal research studies that hydrogen peroxide kills the cancer cells while leaving the normal cells unharmed.

Currently the FDA does not approve the use of high-dose intravenous Vitamin C as a cancer treatment. The use of intravenous Vitamin C in this study is experimental. Furthermore, it is important to know that we do not expect the intravenous Vitamin C given in this study to be healing for the treatment of your cancer."
NCT00452205,Bone Marrow-derived Cells' Contribution to Tumor Formation and Inflammation,Gastrointestinal Neoplasms,"The purpose of this study is to clarify the relationship bone marrow-derived cells and the formation of the tumors, and the role of these cells in regeneration of epithelial cells in the gastrointestinal tract.",,UNKNOWN,"Bone Marrow-derived Cells' Contribution to Tumor Formation and Inflammation Gastrointestinal Neoplasms The purpose of this study is to clarify the relationship bone marrow-derived cells and the formation of the tumors, and the role of these cells in regeneration of epithelial cells in the gastrointestinal tract."
NCT05103605,Prospective Cohort of Locally Advanced and Metastatic Non-Small Cell Lung Cancer Patients With Activating EGFR Mutations,Non Small Cell Lung Cancer,"This is an observational multicenter study. A cross-sectional descriptive study of patients with locally advanced or metastatic Non Small Cell Lung Cancer with activating EGFR mutation treated by any first line therapy will be used to identify cohort with a prospective follow-up of patients initiating a treatment by osimertinib in first line

* A cross-sectional descriptive study of all patients with locally advanced or metastatic NSCLC with activating EGFR mutation treated by any first line therapy will be collected at the study participating sites. The study which is transversal will allow to characterize the population of patients with locally advanced or metastatic NSCLC with activating EGFR mutation treated in first line, the day of first line initiation.
* Additionally, a prospective study targeting a cohort of patients focusing on patients with locally advanced or metastatic NSCLC with activating EGFR mutation initiating a treatment by osimertinib in first line will be conducted to address describe in real life conditions the 36-months overall survival, patients baseline characteristics, disease evolution, sequencing and treatment patterns, and quality of life",,ACTIVE_NOT_RECRUITING,"Prospective Cohort of Locally Advanced and Metastatic Non-Small Cell Lung Cancer Patients With Activating EGFR Mutations Non Small Cell Lung Cancer This is an observational multicenter study. A cross-sectional descriptive study of patients with locally advanced or metastatic Non Small Cell Lung Cancer with activating EGFR mutation treated by any first line therapy will be used to identify cohort with a prospective follow-up of patients initiating a treatment by osimertinib in first line

* A cross-sectional descriptive study of all patients with locally advanced or metastatic NSCLC with activating EGFR mutation treated by any first line therapy will be collected at the study participating sites. The study which is transversal will allow to characterize the population of patients with locally advanced or metastatic NSCLC with activating EGFR mutation treated in first line, the day of first line initiation.
* Additionally, a prospective study targeting a cohort of patients focusing on patients with locally advanced or metastatic NSCLC with activating EGFR mutation initiating a treatment by osimertinib in first line will be conducted to address describe in real life conditions the 36-months overall survival, patients baseline characteristics, disease evolution, sequencing and treatment patterns, and quality of life"
NCT05678205,A Clinical Trial of the Safety and Anti-Tumor Activity of AB-201 in Subjects With Advanced HER2+ Solid Tumors,"Breast Cancer, Gastric Cancer, Gastroesophageal Junction Adenocarcinoma","This clinical trial will enroll subjects with HER2+ solid tumors and is conducted in two phases. The primary objective of Phase 1 is to determine the safety and tolerability of AB-201 in subjects with advanced HER2+ solid tumors. The primary objective of Phase 2 is to evaluate the efficacy of AB-201.

Subjects will receive up to 3 doses of AB-201, followed by scheduled assessments of overall health and tumor response.","PHASE1, PHASE2",WITHDRAWN,"A Clinical Trial of the Safety and Anti-Tumor Activity of AB-201 in Subjects With Advanced HER2+ Solid Tumors Breast Cancer, Gastric Cancer, Gastroesophageal Junction Adenocarcinoma This clinical trial will enroll subjects with HER2+ solid tumors and is conducted in two phases. The primary objective of Phase 1 is to determine the safety and tolerability of AB-201 in subjects with advanced HER2+ solid tumors. The primary objective of Phase 2 is to evaluate the efficacy of AB-201.

Subjects will receive up to 3 doses of AB-201, followed by scheduled assessments of overall health and tumor response."
NCT03052205,A Study of Intratumoral IMO-2125 in Patients With Refractory Solid Tumors,"Refractory Solid Tumors, Melanoma",This is a Phase 1b study that incorporates dose expansion cohorts to further evaluate promising clinical or biological activity.,PHASE1,COMPLETED,"A Study of Intratumoral IMO-2125 in Patients With Refractory Solid Tumors Refractory Solid Tumors, Melanoma This is a Phase 1b study that incorporates dose expansion cohorts to further evaluate promising clinical or biological activity."
NCT02221505,Phase 1 Study of LOP628 in Adult Patients With cKit-positive Solid Tumors and Acute Myeloid Leukemia,"cKIT-positive Solid Tumors, AML","LOP628 is an antibody-drug conjugate (ADC) consisting of an anti-cKit humanized IgG1/κ antibody conjugated to a maytansine payload via a non-cleavable linker.

LOP628 provides an opportunity to target cKit overexpressing tumors.",PHASE1,TERMINATED,"Phase 1 Study of LOP628 in Adult Patients With cKit-positive Solid Tumors and Acute Myeloid Leukemia cKIT-positive Solid Tumors, AML LOP628 is an antibody-drug conjugate (ADC) consisting of an anti-cKit humanized IgG1/κ antibody conjugated to a maytansine payload via a non-cleavable linker.

LOP628 provides an opportunity to target cKit overexpressing tumors."
NCT01344018,Surgery With or Without Radiation Therapy in Untreated Nonmetastatic Retroperitoneal Sarcoma,Sarcoma,"RATIONALE: Radiation therapy uses high-energy x-rays to kill tumor cells. Giving radiation therapy before surgery may make the tumor smaller and reduce the amount of normal tissue that needs to be removed. It is not yet known whether surgery is more effective with or without radiation therapy in treating nonmetastatic retroperitoneal soft tissue sarcoma.

PURPOSE: This randomized phase III trial is studying radiation therapy followed by surgery to see how well it works compared with surgery alone in treating patients with previously untreated nonmetastatic retroperitoneal soft tissue sarcoma.",NA,COMPLETED,"Surgery With or Without Radiation Therapy in Untreated Nonmetastatic Retroperitoneal Sarcoma Sarcoma RATIONALE: Radiation therapy uses high-energy x-rays to kill tumor cells. Giving radiation therapy before surgery may make the tumor smaller and reduce the amount of normal tissue that needs to be removed. It is not yet known whether surgery is more effective with or without radiation therapy in treating nonmetastatic retroperitoneal soft tissue sarcoma.

PURPOSE: This randomized phase III trial is studying radiation therapy followed by surgery to see how well it works compared with surgery alone in treating patients with previously untreated nonmetastatic retroperitoneal soft tissue sarcoma."
NCT04283890,PHP and Immunotherapy in Metastasized UM,"Uveal Melanoma, Metastatic","Melanoma of the eye (ocular/uveal melanoma) is an uncommon type of cancer that is associated with a high mortality. It usually disseminates rapidly throughout the body, most commonly to the liver and lungs. In this study a combination therapy with immunotherapy (ipilimumab with nivolumab) and chemotherapy (melphalan) will be assessed for the treatment of disseminated uveal melanoma. Melphalan will be administered selectively to the liver via percutaneous hepatic perfusion, limiting the systemic effect of chemotherapy. With this treatment combination we aim to find a treatment for disseminated uveal melanoma, both in the liver as in the other organs.","PHASE1, PHASE2",ACTIVE_NOT_RECRUITING,"PHP and Immunotherapy in Metastasized UM Uveal Melanoma, Metastatic Melanoma of the eye (ocular/uveal melanoma) is an uncommon type of cancer that is associated with a high mortality. It usually disseminates rapidly throughout the body, most commonly to the liver and lungs. In this study a combination therapy with immunotherapy (ipilimumab with nivolumab) and chemotherapy (melphalan) will be assessed for the treatment of disseminated uveal melanoma. Melphalan will be administered selectively to the liver via percutaneous hepatic perfusion, limiting the systemic effect of chemotherapy. With this treatment combination we aim to find a treatment for disseminated uveal melanoma, both in the liver as in the other organs."
NCT04968990,Treatment of Newly Diagnosed Patient's With Wilm's Tumor Requiring Abdominal Radiation Delivered With Proton Beam Irradiation,Wilms Tumor,"Participants are being asked to take part in this clinical trial, a type of research study, because the participants have a Wilms Tumor cancer.

Primary Objectives

To determine whether delivery of proton beam radiation to a conformal reduced target volume in the flank allows normal flank growth compared to the contralateral untreated side and non-irradiated patients.

Secondary Objectives

To deliver proton beam radiation to a conformal reduced target volume (partial kidney proton beam radiation therapy) in the affected kidney(s) for patients with Stage V (bilateral Wilms tumor) and specific involved surgical margins yielding no reduction in the high control rates seen with more traditional flank / whole kidney fields.

Exploratory Objectives

* Study the feasibility of sparing the residual kidney, spine and liver in patients requiring whole abdomen radiation therapy using either a proton beam treatment technique or intensity-modulated radiation therapy ( IMRT) photon based technique.
* Study the feasibility of delivering whole lung radiation therapy with proton beams with the goals of sparing the developing breast tissue, heart structures, thyroid and liver.
* Develop simultaneous xenografts and organoid models from the same starting material to study Wilms tumor biology and compare responses to chemotherapeutic agents.
* Define the evolution of organ specific (kidney, liver, pancreas, etc.) abnormalities (laboratory studies) as an early marker of possible late end organ damage and their relationship to radiation.
* Study and evaluate impact of proton therapy on the musculoskeletal system and physical performance and compare with photon therapy cases treated with classical treatment fields.
* Assess CTC-AE and Pediatric Patient Reported Outcomes during radiation and in follow-up, correlating with disease, treatment and patient variables.
* Correlate quantitative MRI values, including apparent diffusion coefficient (ADC) values, with histopathology findings post-surgery in children with (bilateral) Wilms.
* Assess daily variations in proton range along each treatment beam using standard pre-treatment cone beam CT or on-treatment MR.",PHASE2,RECRUITING,"Treatment of Newly Diagnosed Patient's With Wilm's Tumor Requiring Abdominal Radiation Delivered With Proton Beam Irradiation Wilms Tumor Participants are being asked to take part in this clinical trial, a type of research study, because the participants have a Wilms Tumor cancer.

Primary Objectives

To determine whether delivery of proton beam radiation to a conformal reduced target volume in the flank allows normal flank growth compared to the contralateral untreated side and non-irradiated patients.

Secondary Objectives

To deliver proton beam radiation to a conformal reduced target volume (partial kidney proton beam radiation therapy) in the affected kidney(s) for patients with Stage V (bilateral Wilms tumor) and specific involved surgical margins yielding no reduction in the high control rates seen with more traditional flank / whole kidney fields.

Exploratory Objectives

* Study the feasibility of sparing the residual kidney, spine and liver in patients requiring whole abdomen radiation therapy using either a proton beam treatment technique or intensity-modulated radiation therapy ( IMRT) photon based technique.
* Study the feasibility of delivering whole lung radiation therapy with proton beams with the goals of sparing the developing breast tissue, heart structures, thyroid and liver.
* Develop simultaneous xenografts and organoid models from the same starting material to study Wilms tumor biology and compare responses to chemotherapeutic agents.
* Define the evolution of organ specific (kidney, liver, pancreas, etc.) abnormalities (laboratory studies) as an early marker of possible late end organ damage and their relationship to radiation.
* Study and evaluate impact of proton therapy on the musculoskeletal system and physical performance and compare with photon therapy cases treated with classical treatment fields.
* Assess CTC-AE and Pediatric Patient Reported Outcomes during radiation and in follow-up, correlating with disease, treatment and patient variables.
* Correlate quantitative MRI values, including apparent diffusion coefficient (ADC) values, with histopathology findings post-surgery in children with (bilateral) Wilms.
* Assess daily variations in proton range along each treatment beam using standard pre-treatment cone beam CT or on-treatment MR."
NCT06417190,Bladder Preservation for Patients With Muscle Invasive Bladder Cancer (MIBC) With Variant Histology,"Muscle-Invasive Bladder Carcinoma, Tumor","This is a Phase II, single cohort study designed to evaluate outcomes in patients with muscle invasive bladder cancer (MIBC) with variant histology who receive neoadjuvant chemotherapy (NAC) with or without immunotherapy (IO) followed by trimodal therapy (TMT). Enrolled patients will undergo at least 3 cycles of NAC +/- IO (oncologist's choice) followed by a four- or six-week course of concurrent standard of care chemotherapy and radiation therapy. These patients will be compared with historical controls of patients with a diagnosis of pure urothelial carcinoma who have undergone TMT. This study has been designed to test the hypothesis that variant histology TMT can be delivered within 45 days of NAC +/- IO and is therefore a viable option in patients who are risk of systemic disease spread.",PHASE2,RECRUITING,"Bladder Preservation for Patients With Muscle Invasive Bladder Cancer (MIBC) With Variant Histology Muscle-Invasive Bladder Carcinoma, Tumor This is a Phase II, single cohort study designed to evaluate outcomes in patients with muscle invasive bladder cancer (MIBC) with variant histology who receive neoadjuvant chemotherapy (NAC) with or without immunotherapy (IO) followed by trimodal therapy (TMT). Enrolled patients will undergo at least 3 cycles of NAC +/- IO (oncologist's choice) followed by a four- or six-week course of concurrent standard of care chemotherapy and radiation therapy. These patients will be compared with historical controls of patients with a diagnosis of pure urothelial carcinoma who have undergone TMT. This study has been designed to test the hypothesis that variant histology TMT can be delivered within 45 days of NAC +/- IO and is therefore a viable option in patients who are risk of systemic disease spread."
NCT04198090,Sexual & Gender Minority Competency in Oncology,Neoplasms,"This study is a single-arm, open-label trial of a sexual and gender minority (SGM) competence training program at Wilmot Cancer Institute (Wilmot) and its regional care locations (e.g., Wilmot Medical Oncology, Wilmot Radiation Oncology, Gynecological Oncology, Highland Hospital, Pluta Cancer Center). Results will be descriptive in nature and will be used to inform a R01 grant application.

The investigators will train Wilmot personnel (physicians, nurses, other providers, staff, and administrators) at each care location using a validated, two-hour long SGM curriculum created by the Fenway Institute and tailored for oncology. The investigators will collect data from all personnel on knowledge and attitudes about SGM patients before and after the training. After the training is complete, the investigators will recruit 5 SGM patients and 5 heterosexual/cisgender (H/C) patients from each care location to provide data on their satisfaction with care, outcomes, and experiences.",NA,COMPLETED,"Sexual & Gender Minority Competency in Oncology Neoplasms This study is a single-arm, open-label trial of a sexual and gender minority (SGM) competence training program at Wilmot Cancer Institute (Wilmot) and its regional care locations (e.g., Wilmot Medical Oncology, Wilmot Radiation Oncology, Gynecological Oncology, Highland Hospital, Pluta Cancer Center). Results will be descriptive in nature and will be used to inform a R01 grant application.

The investigators will train Wilmot personnel (physicians, nurses, other providers, staff, and administrators) at each care location using a validated, two-hour long SGM curriculum created by the Fenway Institute and tailored for oncology. The investigators will collect data from all personnel on knowledge and attitudes about SGM patients before and after the training. After the training is complete, the investigators will recruit 5 SGM patients and 5 heterosexual/cisgender (H/C) patients from each care location to provide data on their satisfaction with care, outcomes, and experiences."
NCT00838890,A Study of BMS-863233 in Patients With Hematologic Cancer,Refractory Hematologic Cancer,"To determine safety, tolerability and maximum tolerated dose of BMS-63233/XL413 in subjects with Refractory Hematologic Cancer","PHASE1, PHASE2",TERMINATED,"A Study of BMS-863233 in Patients With Hematologic Cancer Refractory Hematologic Cancer To determine safety, tolerability and maximum tolerated dose of BMS-63233/XL413 in subjects with Refractory Hematologic Cancer"
NCT04796090,Genital Wart and Sexuality in Adolescence,"Adolescent Development, Genital Wart, Sexual Dysfunction, Sexual Disorder, Physiological",The adolescence is a landmark in perceiving the sexuality and awareness about the sexual experiences. Genitals warts were shown to be a potential risk to impair the sexual functions in women. Adolescence is a vulnerable period in which the individuals may be prone to the negative effects of the disorders affecting sexual functions such as genital warts. The current study aimed to investigate the impact of genital warts on sexual functions in female adolescents.,,COMPLETED,"Genital Wart and Sexuality in Adolescence Adolescent Development, Genital Wart, Sexual Dysfunction, Sexual Disorder, Physiological The adolescence is a landmark in perceiving the sexuality and awareness about the sexual experiences. Genitals warts were shown to be a potential risk to impair the sexual functions in women. Adolescence is a vulnerable period in which the individuals may be prone to the negative effects of the disorders affecting sexual functions such as genital warts. The current study aimed to investigate the impact of genital warts on sexual functions in female adolescents."
NCT05833997,Safety Analysis and Oncological Outcomes in HoLERT vs TURBT,"Bladder Urothelial Carcinoma, Bladder Cancer","Bladder urothelial cancer is the second most common urologic tumor and represents a worldwide public health problem. Most cases are diagnosed as non-muscle invasive tumors, and can be treated with transurethral resection of bladder tumor (TURBT). However, the electrical energy-based TURBT fragments the tumor, burning it to its own muscular layer leading to artifacts that may spoil the histopathological analysis, resulting in understaging after the first TURBT ranging from 30-64%, depending on the presence of detrusor muscle. Modern laser technologies have been emerging as an alternative to classical TURB using en bloc tumor resection technique (ERBT). Therefore, the laser is applied on tumor's pedicle to resect the whole and intact tumor without fragmentation or fulguration as occurs in TURBT. The purpose of using laser if to improve the resection quality, decrease intra and perioperative complications, avoid re-TURBT and reduce recurrence rates at the resection site and in distant sites. Thus, the purpose of this study is to evaluate Laser Holmium use for large tumors resection (\>3cm), reducing complications, costs, and the need for new approaches, and improving the muscle layers samples.",NA,UNKNOWN,"Safety Analysis and Oncological Outcomes in HoLERT vs TURBT Bladder Urothelial Carcinoma, Bladder Cancer Bladder urothelial cancer is the second most common urologic tumor and represents a worldwide public health problem. Most cases are diagnosed as non-muscle invasive tumors, and can be treated with transurethral resection of bladder tumor (TURBT). However, the electrical energy-based TURBT fragments the tumor, burning it to its own muscular layer leading to artifacts that may spoil the histopathological analysis, resulting in understaging after the first TURBT ranging from 30-64%, depending on the presence of detrusor muscle. Modern laser technologies have been emerging as an alternative to classical TURB using en bloc tumor resection technique (ERBT). Therefore, the laser is applied on tumor's pedicle to resect the whole and intact tumor without fragmentation or fulguration as occurs in TURBT. The purpose of using laser if to improve the resection quality, decrease intra and perioperative complications, avoid re-TURBT and reduce recurrence rates at the resection site and in distant sites. Thus, the purpose of this study is to evaluate Laser Holmium use for large tumors resection (\>3cm), reducing complications, costs, and the need for new approaches, and improving the muscle layers samples."
NCT04336397,Stool DNA to Improve Colorectal Cancer Screening Among Alaska Native People,Colorectal Cancer,"Only 59% of Alaska Native people have been adequately screened for colorectal cancer (CRC) despite having the highest reported incidence of CRC in the world. A new at-home multi-target stool DNA screening test (MT-sDNA; Cologuard®) with high sensitivity for pre-cancerous polyps and CRC is now available. MT-sDNA has not been tested for feasibility or acceptability within the Alaska tribal health care delivery system, and it is unknown whether use of this new test will increase Alaska Native CRC screening rates. The long-term study goal is to improve screening and reduce CRC-attributable mortality. The objective of this application is to test the effectiveness of MT-sDNA for increasing CRC screening in Alaska Native communities using a mixed methods, community-based participatory research (CBPR) approach. The study will be conducted in collaboration with regional Tribal health organizations responsible for providing health care to geographically remote Alaska Native communities. Although the proposed implementation strategy is evidence-informed and promising, it is novel in that MT-sDNA has not been evaluated in the tribal health setting or among rural/remote populations. Using the RE-AIM Model, the research will be multi-level, examining influence on patients, providers, and tribal health organizations (THOs). This research study will pursue two specific aims: (1) Identify patient-, provider-, and system-level factors associated with CRC screening preferences, uptake, and follow-up; and (2) test the effectiveness of graded intensity MT-sDNA intervention in the Alaska Native community setting. For the first aim, focus groups with Alaska Native people who are not adherent to CRC screening guidelines and interviews with healthcare providers will be used to identify factors for future intervention. For the second aim, a three-arm cluster randomized controlled trial (high intensity with patient navigation, medium intensity with mailed reminders, usual care) will provide evidence on the MT-sDNA usefulness (MT-sDNA sample quality and neoplastic yield) as well as the first data on MT-sDNA follow up adherence rates in the Alaska Native population, which will inform plans to scale-up the intervention model. This research has the potential to sustainably improve public health by increasing CRC screening rates among a rural/remote tribal population as well as provide a model for other integrated health systems that provide care to high-risk or underserved populations in the U.S. and worldwide.",NA,COMPLETED,"Stool DNA to Improve Colorectal Cancer Screening Among Alaska Native People Colorectal Cancer Only 59% of Alaska Native people have been adequately screened for colorectal cancer (CRC) despite having the highest reported incidence of CRC in the world. A new at-home multi-target stool DNA screening test (MT-sDNA; Cologuard®) with high sensitivity for pre-cancerous polyps and CRC is now available. MT-sDNA has not been tested for feasibility or acceptability within the Alaska tribal health care delivery system, and it is unknown whether use of this new test will increase Alaska Native CRC screening rates. The long-term study goal is to improve screening and reduce CRC-attributable mortality. The objective of this application is to test the effectiveness of MT-sDNA for increasing CRC screening in Alaska Native communities using a mixed methods, community-based participatory research (CBPR) approach. The study will be conducted in collaboration with regional Tribal health organizations responsible for providing health care to geographically remote Alaska Native communities. Although the proposed implementation strategy is evidence-informed and promising, it is novel in that MT-sDNA has not been evaluated in the tribal health setting or among rural/remote populations. Using the RE-AIM Model, the research will be multi-level, examining influence on patients, providers, and tribal health organizations (THOs). This research study will pursue two specific aims: (1) Identify patient-, provider-, and system-level factors associated with CRC screening preferences, uptake, and follow-up; and (2) test the effectiveness of graded intensity MT-sDNA intervention in the Alaska Native community setting. For the first aim, focus groups with Alaska Native people who are not adherent to CRC screening guidelines and interviews with healthcare providers will be used to identify factors for future intervention. For the second aim, a three-arm cluster randomized controlled trial (high intensity with patient navigation, medium intensity with mailed reminders, usual care) will provide evidence on the MT-sDNA usefulness (MT-sDNA sample quality and neoplastic yield) as well as the first data on MT-sDNA follow up adherence rates in the Alaska Native population, which will inform plans to scale-up the intervention model. This research has the potential to sustainably improve public health by increasing CRC screening rates among a rural/remote tribal population as well as provide a model for other integrated health systems that provide care to high-risk or underserved populations in the U.S. and worldwide."
NCT04943497,"A Prospective Observational Study to Describe Clinical Outcomes, Treatment Patterns, Patients Characteristics Among Patients With HR+/HER2- Advanced BC Initiating Treatment With Risarg®, Piqray®, Endocrine Therapy or Chemotherapy in Routine Clinical Practice in Russia",Breast Cancer,"This study is planned as a prospective multicenter NIS. This study is observational in nature and does not impose a therapy protocol, diagnostic/therapeutic interventions or a visit schedule. Patients with HR+/ HER2- advanced or metastatic BC that initiated treatment with ribociclib, alpelisib, mono endocrine therapy or chemotherapy will be included into the study across seven Russian districts.",,COMPLETED,"A Prospective Observational Study to Describe Clinical Outcomes, Treatment Patterns, Patients Characteristics Among Patients With HR+/HER2- Advanced BC Initiating Treatment With Risarg®, Piqray®, Endocrine Therapy or Chemotherapy in Routine Clinical Practice in Russia Breast Cancer This study is planned as a prospective multicenter NIS. This study is observational in nature and does not impose a therapy protocol, diagnostic/therapeutic interventions or a visit schedule. Patients with HR+/ HER2- advanced or metastatic BC that initiated treatment with ribociclib, alpelisib, mono endocrine therapy or chemotherapy will be included into the study across seven Russian districts."
NCT01961713,Circulating Tumor Cell Analysis in Patients With Localized Prostate Cancer Undergoing Prostatectomy,Prostate Cancer,"This study will evaluate a method to detect tumor cells that are circulating in the blood without getting a biopsy. The investigators already know from other studies that cancer tumors shed a small number of cells into the bloodstream every day. These are called circulating tumor cells (CTCs). Some early studies indicate the amount and type of CTCs in the blood can help determine the status of the tumor itself and the way it is responding to treatment. In this study, the investigators will compare the number of CTCs in the blood at different time frames before and after surgery to remove the prostate.",,RECRUITING,"Circulating Tumor Cell Analysis in Patients With Localized Prostate Cancer Undergoing Prostatectomy Prostate Cancer This study will evaluate a method to detect tumor cells that are circulating in the blood without getting a biopsy. The investigators already know from other studies that cancer tumors shed a small number of cells into the bloodstream every day. These are called circulating tumor cells (CTCs). Some early studies indicate the amount and type of CTCs in the blood can help determine the status of the tumor itself and the way it is responding to treatment. In this study, the investigators will compare the number of CTCs in the blood at different time frames before and after surgery to remove the prostate."
NCT02424513,A Study of Positron Emission Tomography (PET) With [89]Zr-Df-IAb2M in Patients With High-risk Prostate Cancer,Prostate Cancer,"This is a prospective, multicenter, open-label, non-randomized study evaluating the ability of \[89\]Zr-Df-IAb2M to detect local, regional and metastatic prostate cancer confirmed by pathology.",PHASE2,WITHDRAWN,"A Study of Positron Emission Tomography (PET) With [89]Zr-Df-IAb2M in Patients With High-risk Prostate Cancer Prostate Cancer This is a prospective, multicenter, open-label, non-randomized study evaluating the ability of \[89\]Zr-Df-IAb2M to detect local, regional and metastatic prostate cancer confirmed by pathology."
NCT03253913,Resveratrol and Sirolimus in Lymphangioleiomyomatosis Trial,Lymphangioleiomyomatosis,"RESULT is a phase II dose-escalating, open-label, safety and efficacy study to determine if there is a potential benefit of resveratrol in combination with sirolimus in patients with lymphangioleiomyomatosis (LAM). The primary study objective is to assess the change in serum vascular endothelial growth factor-D (VEGF-D) level after 24 weeks of treatment with a combination of resveratrol and sirolimus as compared to the VEGF-D level in patients on a stable dose of sirolimus alone. The secondary objectives of this study include an assessment of the safety and adverse effect profile of combined resveratrol and sirolimus in adult patients with LAM, and to determine the effect of treatment with a combination of resveratrol and sirolimus on changes in lung function and quality of life.",PHASE2,COMPLETED,"Resveratrol and Sirolimus in Lymphangioleiomyomatosis Trial Lymphangioleiomyomatosis RESULT is a phase II dose-escalating, open-label, safety and efficacy study to determine if there is a potential benefit of resveratrol in combination with sirolimus in patients with lymphangioleiomyomatosis (LAM). The primary study objective is to assess the change in serum vascular endothelial growth factor-D (VEGF-D) level after 24 weeks of treatment with a combination of resveratrol and sirolimus as compared to the VEGF-D level in patients on a stable dose of sirolimus alone. The secondary objectives of this study include an assessment of the safety and adverse effect profile of combined resveratrol and sirolimus in adult patients with LAM, and to determine the effect of treatment with a combination of resveratrol and sirolimus on changes in lung function and quality of life."
NCT07450560,Research on Real-time Proton Therapy Guidance Through Monitoring Proton Range Using All-digital PET,Solid Tumor,"The energy transport process of proton beams after entering biological tissue is observed online via proton knife fully digital PET. The dynamic changes of the delivered dose and action range of proton beams in biological tissue are analyzed, the proton dose distribution is reconstructed, and the energy and position of the targeted ablation by proton beams are determined, so as to realize in-beam online PET monitoring for proton therapy.",,ACTIVE_NOT_RECRUITING,"Research on Real-time Proton Therapy Guidance Through Monitoring Proton Range Using All-digital PET Solid Tumor The energy transport process of proton beams after entering biological tissue is observed online via proton knife fully digital PET. The dynamic changes of the delivered dose and action range of proton beams in biological tissue are analyzed, the proton dose distribution is reconstructed, and the energy and position of the targeted ablation by proton beams are determined, so as to realize in-beam online PET monitoring for proton therapy."
NCT04654520,A Randomized Study of Primary Tumor Radiotherapy for Patients With Stage Ⅳ NSCLC,"Radiotherapy, Nonsmall Cell Lung Cancer, Stage IV","The aim of this randomized study is to investigate local tumor control, survival outcomes,and complications on patients of stage Ⅳ non small-cell lung cancer ,whom based on medication with concurrent primary radiotherapy omitting clinical tumor volume.",NA,UNKNOWN,"A Randomized Study of Primary Tumor Radiotherapy for Patients With Stage Ⅳ NSCLC Radiotherapy, Nonsmall Cell Lung Cancer, Stage IV The aim of this randomized study is to investigate local tumor control, survival outcomes,and complications on patients of stage Ⅳ non small-cell lung cancer ,whom based on medication with concurrent primary radiotherapy omitting clinical tumor volume."
NCT02224482,Trial of an Online Multimedia Program to Boost Coping & Function for Prostate Cancer Survivors (PROGRESS),Prostate Cancer,The purpose of this study is to test how well an online program designed to help prostate cancer survivors cope with changes caused by their cancer or treatment works compared to standard print educational materials from the National Cancer Institute (NCI).,NA,COMPLETED,Trial of an Online Multimedia Program to Boost Coping & Function for Prostate Cancer Survivors (PROGRESS) Prostate Cancer The purpose of this study is to test how well an online program designed to help prostate cancer survivors cope with changes caused by their cancer or treatment works compared to standard print educational materials from the National Cancer Institute (NCI).
NCT02231723,A Study of BBI608 in Combination With Standard Chemotherapies in Adult Patients With Pancreatic Cancer,Metastatic Pancreatic Adenocarcinoma,"This is an open label, multi-center, multi-arm, dose-escalation study of BBI608 administered in combination with Gemcitabine and nab-Paclitaxel, mFOLFIRINOX, FOLFIRI, or MM-398 with 5-FU and leucovorin.",PHASE1,COMPLETED,"A Study of BBI608 in Combination With Standard Chemotherapies in Adult Patients With Pancreatic Cancer Metastatic Pancreatic Adenocarcinoma This is an open label, multi-center, multi-arm, dose-escalation study of BBI608 administered in combination with Gemcitabine and nab-Paclitaxel, mFOLFIRINOX, FOLFIRI, or MM-398 with 5-FU and leucovorin."
NCT05891080,"Neoadjuvant Therapy With Toripalimab and JS004 Combined With Platinum-based Doublet Chemotherapy for Resectable or Potentially Resectable Stage III Non-small Cell Lung Cancer: A Randomised Controlled, Open-label, Phase 2 Trial",Stage III Non-small Cell Lung Cancer,"For stage III non-small cell lung cancer (NSCLC), neoadjuvant chemotherapy plus PD-1 antibody is recommended. However, most patients could not achieve complete pathological response (CPR). New immunotherapeutic strategy is needed to achieve higher CPR rate. JS004 is a new antibody targeting B and T lymphocyte attenuator (BTLA) which restrains the function of immune cells and leads to immune escape of tumor cells. The combination of PD-1 antibody and BTLA antibody has shown good therapeutic effect in solid tumors. This trial aims to investigate the efficacy and safety of the therapeutic regimen of toripalimab and JS004 plus chemotherapy in stage III NSCLC.",PHASE2,NOT_YET_RECRUITING,"Neoadjuvant Therapy With Toripalimab and JS004 Combined With Platinum-based Doublet Chemotherapy for Resectable or Potentially Resectable Stage III Non-small Cell Lung Cancer: A Randomised Controlled, Open-label, Phase 2 Trial Stage III Non-small Cell Lung Cancer For stage III non-small cell lung cancer (NSCLC), neoadjuvant chemotherapy plus PD-1 antibody is recommended. However, most patients could not achieve complete pathological response (CPR). New immunotherapeutic strategy is needed to achieve higher CPR rate. JS004 is a new antibody targeting B and T lymphocyte attenuator (BTLA) which restrains the function of immune cells and leads to immune escape of tumor cells. The combination of PD-1 antibody and BTLA antibody has shown good therapeutic effect in solid tumors. This trial aims to investigate the efficacy and safety of the therapeutic regimen of toripalimab and JS004 plus chemotherapy in stage III NSCLC."
NCT04489862,αPD1-MSLN-CAR T Cells for the Treatment of MSLN-positive Advanced Solid Tumors,"Non-small-cell Lung Cancer, Mesothelioma","This is a single arm, open-label, dose escalation clinical study to evaluate the safety and tolerability of autologous mesothelin (MSLN)-targeted chimeric antigen receptor (MSLN-CAR) T cells secreting PD-1 nanobodies (αPD1-MSLN-CAR T cells) in patients with solid tumors.",EARLY_PHASE1,UNKNOWN,"αPD1-MSLN-CAR T Cells for the Treatment of MSLN-positive Advanced Solid Tumors Non-small-cell Lung Cancer, Mesothelioma This is a single arm, open-label, dose escalation clinical study to evaluate the safety and tolerability of autologous mesothelin (MSLN)-targeted chimeric antigen receptor (MSLN-CAR) T cells secreting PD-1 nanobodies (αPD1-MSLN-CAR T cells) in patients with solid tumors."
NCT00323362,Gemcitabine and Imatinib Mesylate in Treating Patients With Recurrent or Metastatic Non-Small Cell Lung Cancer,Lung Cancer,"RATIONALE: Drugs used in chemotherapy, such as gemcitabine, work in different ways to stop the growth of tumor cells, either by killing the cells or by stopping them from dividing. Imatinib mesylate may stop the growth of tumor cells by blocking some of the enzymes needed for cell growth. Giving gemcitabine together with imatinib mesylate may kill more tumor cells.

PURPOSE: This phase II trial is studying how well giving gemcitabine together with imatinib mesylate works in treating patients with recurrent or metastatic non-small cell lung cancer.",PHASE2,TERMINATED,"Gemcitabine and Imatinib Mesylate in Treating Patients With Recurrent or Metastatic Non-Small Cell Lung Cancer Lung Cancer RATIONALE: Drugs used in chemotherapy, such as gemcitabine, work in different ways to stop the growth of tumor cells, either by killing the cells or by stopping them from dividing. Imatinib mesylate may stop the growth of tumor cells by blocking some of the enzymes needed for cell growth. Giving gemcitabine together with imatinib mesylate may kill more tumor cells.

PURPOSE: This phase II trial is studying how well giving gemcitabine together with imatinib mesylate works in treating patients with recurrent or metastatic non-small cell lung cancer."
NCT00289146,Comparison of Immune Response Following Surgical Management of Renal Tumors,Kidney Cancer,Examine the effects of renal surgery on the immune system.,,TERMINATED,Comparison of Immune Response Following Surgical Management of Renal Tumors Kidney Cancer Examine the effects of renal surgery on the immune system.
NCT04214262,Testing the Addition of the Drug Atezolizumab to the Usual Radiation Treatment for Patients With Early Non-small Cell Lung Cancer,"Lung Non-Small Cell Carcinoma, Stage I Lung Cancer AJCC v8, Stage II Lung Cancer AJCC v8","This phase III trial studies how well atezolizumab added to the usual radiation therapy works in treating patients with stage I-IIA non-small cell lung cancer. Immunotherapy with monoclonal antibodies, such as atezolizumab, may help the body's immune system attack the cancer, and may interfere with the ability of tumor cells to grow and spread. Radiation therapy, such as stereotactic body radiation therapy, uses special equipment to position a patient and deliver radiation to tumors with high precision. This method can kill tumor cells with fewer doses over a shorter period and cause less damage to normal tissue. Giving atezolizumab and radiation therapy may work better than radiation therapy alone in treating patients with early non-small cell lung cancer.",PHASE3,ACTIVE_NOT_RECRUITING,"Testing the Addition of the Drug Atezolizumab to the Usual Radiation Treatment for Patients With Early Non-small Cell Lung Cancer Lung Non-Small Cell Carcinoma, Stage I Lung Cancer AJCC v8, Stage II Lung Cancer AJCC v8 This phase III trial studies how well atezolizumab added to the usual radiation therapy works in treating patients with stage I-IIA non-small cell lung cancer. Immunotherapy with monoclonal antibodies, such as atezolizumab, may help the body's immune system attack the cancer, and may interfere with the ability of tumor cells to grow and spread. Radiation therapy, such as stereotactic body radiation therapy, uses special equipment to position a patient and deliver radiation to tumors with high precision. This method can kill tumor cells with fewer doses over a shorter period and cause less damage to normal tissue. Giving atezolizumab and radiation therapy may work better than radiation therapy alone in treating patients with early non-small cell lung cancer."
NCT05844046,"Sequential or Up-front Triple Treatment With Durvalumab, Tremelimumab and Bevacizumab for Non-resectable Hepatocellular Carcinoma (HCC) Patients",Hepatocellular Carcinoma,"This is a randomized, open-label, multi-center, international, Phase II study to assess the efficacy and safety of sequential or up-front triple treatment with durvalumab, tremelimumab and bevacizumab for non-resectable hepatocellular carcinoma.

Patients will be randomized in a 1:1 ratio to one of the following arms:

Arm A: initial treatment with durvalumab plus tremelimumab followed by treatment escalation with the addition of bevacizumab upon radiological progression or in the absence of objective response

Arm B: up-front treatment with durvalumab, tremelimumab and bevacizumab

Patients will be stratified according to macrovascular invasion and etiology of liver disease (viral etiologies versus others).",PHASE2,RECRUITING,"Sequential or Up-front Triple Treatment With Durvalumab, Tremelimumab and Bevacizumab for Non-resectable Hepatocellular Carcinoma (HCC) Patients Hepatocellular Carcinoma This is a randomized, open-label, multi-center, international, Phase II study to assess the efficacy and safety of sequential or up-front triple treatment with durvalumab, tremelimumab and bevacizumab for non-resectable hepatocellular carcinoma.

Patients will be randomized in a 1:1 ratio to one of the following arms:

Arm A: initial treatment with durvalumab plus tremelimumab followed by treatment escalation with the addition of bevacizumab upon radiological progression or in the absence of objective response

Arm B: up-front treatment with durvalumab, tremelimumab and bevacizumab

Patients will be stratified according to macrovascular invasion and etiology of liver disease (viral etiologies versus others)."
NCT00511446,"Trial of Docetaxel, Oxaliplatin and Capecitabine (TEX) in Advanced or Metastatic Gastric Cancer",Stomach Neoplasms,"Combination regimens of 3 active drugs have shown promising activity in treatment of metastatic gastric cancer. Docetaxel combined with cisplatin and 5-fluorouracil (FU) yielded superior overall survival and response rates when compared to standard cisplatin and 5-FU. However, a toxicity profile showed the need for development of less toxic modifications. In a prior phase I trial, the maximum tolerated dose was defined. In this phase II trial, a first evaluation of activity will be performed.",PHASE2,COMPLETED,"Trial of Docetaxel, Oxaliplatin and Capecitabine (TEX) in Advanced or Metastatic Gastric Cancer Stomach Neoplasms Combination regimens of 3 active drugs have shown promising activity in treatment of metastatic gastric cancer. Docetaxel combined with cisplatin and 5-fluorouracil (FU) yielded superior overall survival and response rates when compared to standard cisplatin and 5-FU. However, a toxicity profile showed the need for development of less toxic modifications. In a prior phase I trial, the maximum tolerated dose was defined. In this phase II trial, a first evaluation of activity will be performed."
NCT04451603,LiverMultiScan Analysis of MRI Scans in HCC,Hepatocellular Carcinoma,"This project is a pilot study to interrogate the potential of LMS as a predictive tool for the selection of therapy for HCC patients. The reliability of LMS to predict patients' response following HCC therapy will leverage on an algorithm that is built from the pool of MRI scans from HCC patients pre- and post-treatment. In the study, MRI scans of 30 HCC and metastatic colorectal cancer (CM) patients (ratio of 4:1) will be analysed. CM cancer patients include patients whose cancers metastasized from colorectal cancer or primary liver cancer. These patients will either receive one of the treatment, surgical resection, Y90 or systemic therapy. A total of 4 MRI scans will be taken for each patient; the first MRI scan will be taken within a month before treatment initiation and the remaining MRI scans will be taken at the 1st, 3rd and 9th month post-initiation of treatment.",,COMPLETED,"LiverMultiScan Analysis of MRI Scans in HCC Hepatocellular Carcinoma This project is a pilot study to interrogate the potential of LMS as a predictive tool for the selection of therapy for HCC patients. The reliability of LMS to predict patients' response following HCC therapy will leverage on an algorithm that is built from the pool of MRI scans from HCC patients pre- and post-treatment. In the study, MRI scans of 30 HCC and metastatic colorectal cancer (CM) patients (ratio of 4:1) will be analysed. CM cancer patients include patients whose cancers metastasized from colorectal cancer or primary liver cancer. These patients will either receive one of the treatment, surgical resection, Y90 or systemic therapy. A total of 4 MRI scans will be taken for each patient; the first MRI scan will be taken within a month before treatment initiation and the remaining MRI scans will be taken at the 1st, 3rd and 9th month post-initiation of treatment."
NCT02184403,Quality of Life After Laser Cordectomy in Early Glottic Cancer,Carcinoma of Glottis,"Laryngeal cancer is common in the Taiwanese populations. Before early 80's, open laryngectomy was the suggested treatment modality for laryngeal cancer. Patients of laryngectomy lost speech and should communicate by using prosthesis. So after 90's, medical organ preservation by chemoradiation therapy took the place of operation.

Unfortunately, from the recent review, five-year survival rate was decreasing and is even lower than that reported 10 years ago. In 1983-1985 it was 68.1% but decreased to 64.7% in 1992-1999. It is the only cancer type of decreasing survival in 24 index cancers.

Laser resection of laryngeal tumor was first reported by Jako and Strong and widely used in the Europe. Dr Steiner and his colleagues developed a non-en block resection technique made microscopic resection more easily and would not be limited by tumor location or size so much. The investigators used transoral microscopic laser (TLM) in early glottic cancer and reported five-year overall survival as 97%. TLM five-year disease control rate was reported as 85%. There are some reports about TLM in advanced stage laryngeal cancer and overall 5-year survival rate can be achieved as high as 55%. Present project is planning to develop a comprehensive organ preservation protocol based on microinvasive TLM as primary treatment modality for early glottic cancer without neck or distant metastasis. The objects of the project are as followed.

1. Long term outcomes by performing the treatment protocol. The outcome measurements include local control rate, overall and disease specific survival, larynx preservation rate.
2. The difference between surgical samples and pretreatment imaging examination.
3. The role of adjuvant therapy.
4. Management and follow-up in neck metastasis.
5. Searching for risk factors and predictor factors.
6. Adequate salvage treatments in local or regional recurrence.
7. Realizing failure patterns and appropriate follow-up protocol according to it.",,UNKNOWN,"Quality of Life After Laser Cordectomy in Early Glottic Cancer Carcinoma of Glottis Laryngeal cancer is common in the Taiwanese populations. Before early 80's, open laryngectomy was the suggested treatment modality for laryngeal cancer. Patients of laryngectomy lost speech and should communicate by using prosthesis. So after 90's, medical organ preservation by chemoradiation therapy took the place of operation.

Unfortunately, from the recent review, five-year survival rate was decreasing and is even lower than that reported 10 years ago. In 1983-1985 it was 68.1% but decreased to 64.7% in 1992-1999. It is the only cancer type of decreasing survival in 24 index cancers.

Laser resection of laryngeal tumor was first reported by Jako and Strong and widely used in the Europe. Dr Steiner and his colleagues developed a non-en block resection technique made microscopic resection more easily and would not be limited by tumor location or size so much. The investigators used transoral microscopic laser (TLM) in early glottic cancer and reported five-year overall survival as 97%. TLM five-year disease control rate was reported as 85%. There are some reports about TLM in advanced stage laryngeal cancer and overall 5-year survival rate can be achieved as high as 55%. Present project is planning to develop a comprehensive organ preservation protocol based on microinvasive TLM as primary treatment modality for early glottic cancer without neck or distant metastasis. The objects of the project are as followed.

1. Long term outcomes by performing the treatment protocol. The outcome measurements include local control rate, overall and disease specific survival, larynx preservation rate.
2. The difference between surgical samples and pretreatment imaging examination.
3. The role of adjuvant therapy.
4. Management and follow-up in neck metastasis.
5. Searching for risk factors and predictor factors.
6. Adequate salvage treatments in local or regional recurrence.
7. Realizing failure patterns and appropriate follow-up protocol according to it."
NCT01226303,Treatment Study for Children and Adolescents With Acute Promyelocitic Leukemia,Acute Promyelocytic Leukemia,"This study is open to all patients with a diagnosis of acute promyelocytic leukemia (APL) who are PCR positive for the PML-RARα transcript or rarer retinoid sensitive subtypes (i.e. NPM-RAR-alpha, NuMA-RARalpha) and less than 21 years of age (for AIEOP, see appendix A).",PHASE3,UNKNOWN,"Treatment Study for Children and Adolescents With Acute Promyelocitic Leukemia Acute Promyelocytic Leukemia This study is open to all patients with a diagnosis of acute promyelocytic leukemia (APL) who are PCR positive for the PML-RARα transcript or rarer retinoid sensitive subtypes (i.e. NPM-RAR-alpha, NuMA-RARalpha) and less than 21 years of age (for AIEOP, see appendix A)."
NCT05206903,Emotional and Physical Health Status of Adults,"Pandemic, COVID-19, Adult ALL",To investigate the comparison of differences between emotional and physical health status of adults in COVID-19 isolation period and controlled normalization period.,,UNKNOWN,"Emotional and Physical Health Status of Adults Pandemic, COVID-19, Adult ALL To investigate the comparison of differences between emotional and physical health status of adults in COVID-19 isolation period and controlled normalization period."
NCT07075627,A Study to Evaluate the Incidence of Clinically Suspicious Lambert-Eaton Myasthenic Syndrome (LEMS) in Subjects Diagnosed With Small Cell Lung Cancer (SCLC),"Small Cell Lung Cancer ( SCLC ), Lambert Eaton Myasthenic Syndrome (LEMS)",This is a multi-center observational study in subjects with a diagnosis of small cell lung cancer. Screening and/or medical record review for symptoms associated with Lambert Eaton Myasthenic Syndrome (LEMS) will be conducted.,,NOT_YET_RECRUITING,"A Study to Evaluate the Incidence of Clinically Suspicious Lambert-Eaton Myasthenic Syndrome (LEMS) in Subjects Diagnosed With Small Cell Lung Cancer (SCLC) Small Cell Lung Cancer ( SCLC ), Lambert Eaton Myasthenic Syndrome (LEMS) This is a multi-center observational study in subjects with a diagnosis of small cell lung cancer. Screening and/or medical record review for symptoms associated with Lambert Eaton Myasthenic Syndrome (LEMS) will be conducted."
NCT07008027,Real World Asparaginase Therapy Toxicity,Drug Toxicity,"This research study is being done to learn more about the short term and long term side effects of treatment with asparaginase drugs, which are commonly used in acute lymphoblastic leukemia (ALL) or acute lymphoblastic lymphoma (LLy) therapy.",,NOT_YET_RECRUITING,"Real World Asparaginase Therapy Toxicity Drug Toxicity This research study is being done to learn more about the short term and long term side effects of treatment with asparaginase drugs, which are commonly used in acute lymphoblastic leukemia (ALL) or acute lymphoblastic lymphoma (LLy) therapy."
NCT05963061,Chronic Myeloid Leukemia (CML) Real-Life Database,Chronic Myeloid Leukemia (CML),"Establish the largest possible real-life cohort collecting long-term follow-up of a maximum number of CML patients in order to carry out observational studies: epidemiological, identification of subgroups according to their response to treatment, evaluation of new molecules in real life, therapeutic discontinuations, impact of the evolution of recommendations, etc.",,RECRUITING,"Chronic Myeloid Leukemia (CML) Real-Life Database Chronic Myeloid Leukemia (CML) Establish the largest possible real-life cohort collecting long-term follow-up of a maximum number of CML patients in order to carry out observational studies: epidemiological, identification of subgroups according to their response to treatment, evaluation of new molecules in real life, therapeutic discontinuations, impact of the evolution of recommendations, etc."
NCT07134842,A Study Assessing if it is Safe and Possible to Treat Brain Cancer Patients With Immunotherapy Before They Receive the Standard Treatment.,"Glioblastoma, Gliosarcoma, Adult, Glioblastoma - Category",WinGlio is a phase I study investigating neoadjuvant (before surgery) ipilimumab ( a type of immunotherapy drug) in patients with newly diagnosed glioblastoma (a form of brain cancer). Participants will receive up to 2 cycles of ipilimumab prior to the standard of care treatments for this patient group which can include debulking surgery and chemoradiation. The aim of giving the ipilimumab to the participants is to see if it is safe to treat patients with this condition with ipilimumab and also to see if the drug helps to reduce or control the patient's disease.,PHASE1,RECRUITING,"A Study Assessing if it is Safe and Possible to Treat Brain Cancer Patients With Immunotherapy Before They Receive the Standard Treatment. Glioblastoma, Gliosarcoma, Adult, Glioblastoma - Category WinGlio is a phase I study investigating neoadjuvant (before surgery) ipilimumab ( a type of immunotherapy drug) in patients with newly diagnosed glioblastoma (a form of brain cancer). Participants will receive up to 2 cycles of ipilimumab prior to the standard of care treatments for this patient group which can include debulking surgery and chemoradiation. The aim of giving the ipilimumab to the participants is to see if it is safe to treat patients with this condition with ipilimumab and also to see if the drug helps to reduce or control the patient's disease."
NCT02272673,The Effects of Honey on Febrile Neutropenia in Children With Acute Lymphoblastic Leukemia,Acute Lymphoblastic Leukemia,"Febrile neutropenia (FN) is a common and serious side effect of chemotherapy. Current management of FN is expensive and may induce side effects. Honey is a natural substance produced by honeybees. It possesses antioxidant, antimicrobial and anticancer effects. In addition, honey is not expensive. The aim of this study was to evaluate the effects of 12-week honey consumption on children with acute lymphoblastic leukemia (ALL) particularly with regards of FN episodes. This randomized crossover clinical trial included 40 patients of both sexes, aged 2.5 to 10 years. They were randomized into two equal groups \[intervention to control (I/C) and control to intervention (C/I)\]. The dietary intervention was 12-week honey consumption in a dose of 2.5g//kg body weight per dose twice weekly.",,COMPLETED,"The Effects of Honey on Febrile Neutropenia in Children With Acute Lymphoblastic Leukemia Acute Lymphoblastic Leukemia Febrile neutropenia (FN) is a common and serious side effect of chemotherapy. Current management of FN is expensive and may induce side effects. Honey is a natural substance produced by honeybees. It possesses antioxidant, antimicrobial and anticancer effects. In addition, honey is not expensive. The aim of this study was to evaluate the effects of 12-week honey consumption on children with acute lymphoblastic leukemia (ALL) particularly with regards of FN episodes. This randomized crossover clinical trial included 40 patients of both sexes, aged 2.5 to 10 years. They were randomized into two equal groups \[intervention to control (I/C) and control to intervention (C/I)\]. The dietary intervention was 12-week honey consumption in a dose of 2.5g//kg body weight per dose twice weekly."
NCT02959086,Shanghai Epidemiology Study for Adolescents and Children with Cancer,Childhood Cancer,"The purpose of this study is to describe the morbidity, mortality, disability and survival rate in Shanghai adolescents and children with cancer diagnosed since January 2002.",,RECRUITING,"Shanghai Epidemiology Study for Adolescents and Children with Cancer Childhood Cancer The purpose of this study is to describe the morbidity, mortality, disability and survival rate in Shanghai adolescents and children with cancer diagnosed since January 2002."
NCT06688786,"A Pospective, Single-arm, Multicenter Clinical Trial Evaluating Preoperative Neoadjuvant mFOLFOX6 Chemotherapy in Combination With PD1 Monoclonal Antibody in MSS/pMMR Locally Advanced Rectal Cancer",Locally Advanced Rectal Cancer (LARC),"Preoperative neoadjuvant chemoradiotherapy can induce tumor regression and reduce the risk of postoperative recurrence, serving as the standard treatment for locally advanced rectal cancer. However, neoadjuvant radiotherapy may increase the risk of postoperative complications, proctitis, enteritis, and reduced anal function. Exploring radiation-free approaches to prevent the effects of radiotherapy toxicity on postoperative complications and quality of life is now a significant research focus. Neoadjuvant chemotherapy represents a promising approach in the neoadjuvant treatment of rectal cancer. Neoadjuvant chemotherapy avoids the impact of radiotherapy on organ function, reduces the incidence of postoperative anastomotic leakage, and is beneficial for long-term anal function preservation. However, its low tumor regression rate limits its application in the neoadjuvant treatment of rectal cancer. For patients with locally advanced rectal cancer, there is an urgent need for a new neoadjuvant treatment strategy that can both significantly improve tumor regression rates and reduce the risk of postoperative anastomotic leakage, and protect long-term anal function. PD-1 inhibitors are highly effective in treating microsatellite instability-high (MSI-H) colorectal cancer patients, but show poor efficacy in the 95% of patients with microsatellite stable (MSS) tumors. The challenge now is to find combination therapies that can convert tumors into an ""immune-activated tumor,"" thereby enhancing the effectiveness of immunotherapy in MSS patients. Oxaliplatin and 5-fluorouracil have roles in releasing tumor antigen epitopes, activating CD8+ cells, and reshaping the immune microenvironment. Multiple clinical studies and animal experiments have shown that combining PD-1 antibodies with FOLFOX generates a synergistic effect, showing strong antitumor activity. This study evaluates the efficacy, safety, and impact on postoperative anal function of preoperative neoadjuvant treatment with FOLFOX chemotherapy combined with PD-1 inhibitors in patients with MSS-type advanced rectal cancer. The radiotherapy-free approach aims to avoid radiotherapy-related toxicity, offering significant potential to enhance the efficacy of neoadjuvant chemotherapy, improve long-term survival, and protect anal function.",NA,ACTIVE_NOT_RECRUITING,"A Pospective, Single-arm, Multicenter Clinical Trial Evaluating Preoperative Neoadjuvant mFOLFOX6 Chemotherapy in Combination With PD1 Monoclonal Antibody in MSS/pMMR Locally Advanced Rectal Cancer Locally Advanced Rectal Cancer (LARC) Preoperative neoadjuvant chemoradiotherapy can induce tumor regression and reduce the risk of postoperative recurrence, serving as the standard treatment for locally advanced rectal cancer. However, neoadjuvant radiotherapy may increase the risk of postoperative complications, proctitis, enteritis, and reduced anal function. Exploring radiation-free approaches to prevent the effects of radiotherapy toxicity on postoperative complications and quality of life is now a significant research focus. Neoadjuvant chemotherapy represents a promising approach in the neoadjuvant treatment of rectal cancer. Neoadjuvant chemotherapy avoids the impact of radiotherapy on organ function, reduces the incidence of postoperative anastomotic leakage, and is beneficial for long-term anal function preservation. However, its low tumor regression rate limits its application in the neoadjuvant treatment of rectal cancer. For patients with locally advanced rectal cancer, there is an urgent need for a new neoadjuvant treatment strategy that can both significantly improve tumor regression rates and reduce the risk of postoperative anastomotic leakage, and protect long-term anal function. PD-1 inhibitors are highly effective in treating microsatellite instability-high (MSI-H) colorectal cancer patients, but show poor efficacy in the 95% of patients with microsatellite stable (MSS) tumors. The challenge now is to find combination therapies that can convert tumors into an ""immune-activated tumor,"" thereby enhancing the effectiveness of immunotherapy in MSS patients. Oxaliplatin and 5-fluorouracil have roles in releasing tumor antigen epitopes, activating CD8+ cells, and reshaping the immune microenvironment. Multiple clinical studies and animal experiments have shown that combining PD-1 antibodies with FOLFOX generates a synergistic effect, showing strong antitumor activity. This study evaluates the efficacy, safety, and impact on postoperative anal function of preoperative neoadjuvant treatment with FOLFOX chemotherapy combined with PD-1 inhibitors in patients with MSS-type advanced rectal cancer. The radiotherapy-free approach aims to avoid radiotherapy-related toxicity, offering significant potential to enhance the efficacy of neoadjuvant chemotherapy, improve long-term survival, and protect anal function."
NCT02485470,Benefits of MPACT in Locally Advanced Head and Neck Cancer Patients Undergoing Chemoradiotherapy,Head and Neck Neoplasms,"The goal of this study is to test, in a randomized controlled trial among head and neck cancer patients, the short and longer term effects of the MPACT (Maintaining Physical Activity during Cancer Treatment) program (infused with motivational interviewing and self-determination theory-based strategies) initiated at the time of concurrent chemotherapy with radiation (CCRT), on key outcomes such as functional mobility and quality of life, and ultimately physical activity. The central hypotheses is that in head and neck cancer patients undergoing CCRT, the MPACT program, as compared to usual care controls, will result in less acute decline, faster recovery, and better maintenance of these key outcomes.",PHASE2,TERMINATED,"Benefits of MPACT in Locally Advanced Head and Neck Cancer Patients Undergoing Chemoradiotherapy Head and Neck Neoplasms The goal of this study is to test, in a randomized controlled trial among head and neck cancer patients, the short and longer term effects of the MPACT (Maintaining Physical Activity during Cancer Treatment) program (infused with motivational interviewing and self-determination theory-based strategies) initiated at the time of concurrent chemotherapy with radiation (CCRT), on key outcomes such as functional mobility and quality of life, and ultimately physical activity. The central hypotheses is that in head and neck cancer patients undergoing CCRT, the MPACT program, as compared to usual care controls, will result in less acute decline, faster recovery, and better maintenance of these key outcomes."
NCT03992170,Study of Daratumumab in Multiple Myeloma (MM) Patients in >VGPR/MRD-positive,Myeloma Multiple,"Aim of this study is to evaluate Daratumumab effect on MRD-positive patients with Multiple Myeloma (MM) who achieved \>VGPR after any therapy (ASCT, VMP, Rev-Dex). Daratumumab 16 mg/kg administered at weekly intervals for 8 weeks, then every 2 weeks for an additional 16 weeks, will be given to 50 MM patients who achieved a \>VGPR defined by monoclonal component disappearance in serum or urine, immunofixation positive/negative and MRD-positivity (by NGF). Free light chain (FLC) and CT/PET will be evaluated at time 0. NGF will be done on marrow aspirate at time 0, at 2 months and every 6 months for 2 years. If patients will be still MRD positive after 6 months of therapy , treatment will be continued up to 2 years. If MRD negative by NGF, the patients can stop the treatment.",PHASE2,UNKNOWN,"Study of Daratumumab in Multiple Myeloma (MM) Patients in >VGPR/MRD-positive Myeloma Multiple Aim of this study is to evaluate Daratumumab effect on MRD-positive patients with Multiple Myeloma (MM) who achieved \>VGPR after any therapy (ASCT, VMP, Rev-Dex). Daratumumab 16 mg/kg administered at weekly intervals for 8 weeks, then every 2 weeks for an additional 16 weeks, will be given to 50 MM patients who achieved a \>VGPR defined by monoclonal component disappearance in serum or urine, immunofixation positive/negative and MRD-positivity (by NGF). Free light chain (FLC) and CT/PET will be evaluated at time 0. NGF will be done on marrow aspirate at time 0, at 2 months and every 6 months for 2 years. If patients will be still MRD positive after 6 months of therapy , treatment will be continued up to 2 years. If MRD negative by NGF, the patients can stop the treatment."
NCT04474470,A Study to Evaluate NT219 Alone and in Combination with ERBITUX® (Cetuximab) in Adults with Advanced Solid Tumors and Head and Neck Cancer,"Solid Tumor, Adult, Squamous Cell Carcinoma of Head and Neck, Colorectal Adenocarcinoma, Metastatic Solid Tumor, Recurrent Solid Tumor, Head and Neck Cancer","This is a phase 1/2, multi-center study with an open-label, dose escalation phase followed by a single-arm expansion phase to assess the safety, tolerability, pharmacokinetics, pharmacodynamics, and efficacy of NT219 alone and in combination with ERBITUX® (cetuximab) in adults with recurrent and/or metastatic solid tumors.","PHASE1, PHASE2",COMPLETED,"A Study to Evaluate NT219 Alone and in Combination with ERBITUX® (Cetuximab) in Adults with Advanced Solid Tumors and Head and Neck Cancer Solid Tumor, Adult, Squamous Cell Carcinoma of Head and Neck, Colorectal Adenocarcinoma, Metastatic Solid Tumor, Recurrent Solid Tumor, Head and Neck Cancer This is a phase 1/2, multi-center study with an open-label, dose escalation phase followed by a single-arm expansion phase to assess the safety, tolerability, pharmacokinetics, pharmacodynamics, and efficacy of NT219 alone and in combination with ERBITUX® (cetuximab) in adults with recurrent and/or metastatic solid tumors."
NCT04907370,PD-1 Blockade Combined With De-intensified Chemoradiotherapy Sparing Concurrent Cisplatin in Nasopharyngeal Carcinoma,Nasopharyngeal Carcinoma,"This is a phase 3, multi-center, randomized controlled trial, with the purpose to evaluate the therapeutic efficacy and safety of PD-1 blockade (toripalimab) combined with the de-intensified chemoradiotherapy sparing concurrent cisplatin (i.e., toripalimab incorporated into induction chemotherapy and radiotherapy) in high-risk locoregionally advanced nasopharyngeal carcinoma.",PHASE3,ACTIVE_NOT_RECRUITING,"PD-1 Blockade Combined With De-intensified Chemoradiotherapy Sparing Concurrent Cisplatin in Nasopharyngeal Carcinoma Nasopharyngeal Carcinoma This is a phase 3, multi-center, randomized controlled trial, with the purpose to evaluate the therapeutic efficacy and safety of PD-1 blockade (toripalimab) combined with the de-intensified chemoradiotherapy sparing concurrent cisplatin (i.e., toripalimab incorporated into induction chemotherapy and radiotherapy) in high-risk locoregionally advanced nasopharyngeal carcinoma."
NCT04426669,A Study of Metastatic Gastrointestinal Cancers Treated With Tumor Infiltrating Lymphocytes in Which the Gene Encoding the Intracellular Immune Checkpoint CISH Is Inhibited Using CRISPR Genetic Engineering,"Gastrointestinal Epithelial Cancer, Gastrointestinal Neoplasms, Cancer of Gastrointestinal Tract, Cancer, Gastrointestinal, Gastrointestinal Cancer, Colo-rectal Cancer, Pancreatic Cancer, Gall Bladder Cancer, Colon Cancer, Esophageal Cancer, Stomach Cancer","A clinical trial to assess the safety and efficacy of genetically-engineered, neoantigen-specific Tumor Infiltrating Lymphocytes (TIL) in which the intracellular immune checkpoint CISH has been inhibited using CRISPR gene editing for the treatment of Gastro-Intestinal (GI) Cancer.","PHASE1, PHASE2",COMPLETED,"A Study of Metastatic Gastrointestinal Cancers Treated With Tumor Infiltrating Lymphocytes in Which the Gene Encoding the Intracellular Immune Checkpoint CISH Is Inhibited Using CRISPR Genetic Engineering Gastrointestinal Epithelial Cancer, Gastrointestinal Neoplasms, Cancer of Gastrointestinal Tract, Cancer, Gastrointestinal, Gastrointestinal Cancer, Colo-rectal Cancer, Pancreatic Cancer, Gall Bladder Cancer, Colon Cancer, Esophageal Cancer, Stomach Cancer A clinical trial to assess the safety and efficacy of genetically-engineered, neoantigen-specific Tumor Infiltrating Lymphocytes (TIL) in which the intracellular immune checkpoint CISH has been inhibited using CRISPR gene editing for the treatment of Gastro-Intestinal (GI) Cancer."
NCT03086369,A Study of Nab-Paclitaxel and Gemcitabine With or Without Olaratumab (LY3012207) in Participants With Metastatic Pancreatic Cancer,Metastatic Pancreatic Cancer,The purpose of this study is to determine the safety and efficacy of nab-paclitaxel and gemcitabine with or without olaratumab in the treatment of first-line metastatic pancreatic cancer.,"PHASE1, PHASE2",COMPLETED,A Study of Nab-Paclitaxel and Gemcitabine With or Without Olaratumab (LY3012207) in Participants With Metastatic Pancreatic Cancer Metastatic Pancreatic Cancer The purpose of this study is to determine the safety and efficacy of nab-paclitaxel and gemcitabine with or without olaratumab in the treatment of first-line metastatic pancreatic cancer.
NCT02133183,Sapanisertib Before and After Surgery in Treating Patients With Recurrent Glioblastoma,"Glioblastoma, Gliosarcoma",This partially randomized pilot phase I trial studies how much sapanisertib reaches the brain tumor and how well it works when given before and after surgery in treating patients with glioblastoma that has grown or come back and requires surgery. Sapanisertib may stop the growth of tumor cells by blocking some of the enzymes needed for cell growth.,PHASE1,TERMINATED,"Sapanisertib Before and After Surgery in Treating Patients With Recurrent Glioblastoma Glioblastoma, Gliosarcoma This partially randomized pilot phase I trial studies how much sapanisertib reaches the brain tumor and how well it works when given before and after surgery in treating patients with glioblastoma that has grown or come back and requires surgery. Sapanisertib may stop the growth of tumor cells by blocking some of the enzymes needed for cell growth."
NCT06993441,Music and Symptom Relief in Radiotherapy Patient,Music Therapy,"This randomized controlled study aims to evaluate the effects of music therapy administered during radiotherapy sessions on pain, stress, and anxiety levels in cancer patients. The intervention involves playing Musicure, a therapeutic music track, for 30 minutes via speakers during radiotherapy. The study includes two groups: an intervention group receiving music therapy and a control group receiving standard care without music.

Participants' pain levels were assessed using the Visual Analog Scale (VAS), while anxiety and stress levels were measured using the Face Anxıety Subscale ( FAS).

A total of 120 adult cancer patients undergoing outpatient radiotherapy at Tınaztepe Unıversty were included. The study was conducted under the supervision of Dr. Öğr. Üyesi \[Duygu AKBAŞ UYSAL (Principal Investigator) and co-researchers Prof.Dr Fsun ŞENUZUN AYKAR, Prof.Dr Zümra ARICAK ALICIKUŞ The research complies with ethical standards and has received approval from \[insert name of ethics committee\].

This study investigates a low-cost, non-pharmacological intervention that has the potential to improve symptom management and quality of life in cancer patients.",NA,COMPLETED,"Music and Symptom Relief in Radiotherapy Patient Music Therapy This randomized controlled study aims to evaluate the effects of music therapy administered during radiotherapy sessions on pain, stress, and anxiety levels in cancer patients. The intervention involves playing Musicure, a therapeutic music track, for 30 minutes via speakers during radiotherapy. The study includes two groups: an intervention group receiving music therapy and a control group receiving standard care without music.

Participants' pain levels were assessed using the Visual Analog Scale (VAS), while anxiety and stress levels were measured using the Face Anxıety Subscale ( FAS).

A total of 120 adult cancer patients undergoing outpatient radiotherapy at Tınaztepe Unıversty were included. The study was conducted under the supervision of Dr. Öğr. Üyesi \[Duygu AKBAŞ UYSAL (Principal Investigator) and co-researchers Prof.Dr Fsun ŞENUZUN AYKAR, Prof.Dr Zümra ARICAK ALICIKUŞ The research complies with ethical standards and has received approval from \[insert name of ethics committee\].

This study investigates a low-cost, non-pharmacological intervention that has the potential to improve symptom management and quality of life in cancer patients."
NCT05485454,A Preference Study of Two Pneumatic Compression Devices for Patients With Lower Limb Lymphedema,"Lymphedema of Leg, Lymphedema, Lymphedema, Secondary, Lymphedema Primary, Lymphedema, Lower Limb","This study will aim to undertake a preference evaluation comparing the Aria Health Aria Free™ to a competitor's device by assessing overall satisfaction and preference of the devices individually and in comparison to one another. Twenty (20) subjects will be enrolled on this study at one study site in Houston, Texas.",NA,COMPLETED,"A Preference Study of Two Pneumatic Compression Devices for Patients With Lower Limb Lymphedema Lymphedema of Leg, Lymphedema, Lymphedema, Secondary, Lymphedema Primary, Lymphedema, Lower Limb This study will aim to undertake a preference evaluation comparing the Aria Health Aria Free™ to a competitor's device by assessing overall satisfaction and preference of the devices individually and in comparison to one another. Twenty (20) subjects will be enrolled on this study at one study site in Houston, Texas."
NCT01659554,"A Phase II Combined Modality Protocol of Debulking Surgery With HIPEC Followed by Intraperitoneal Chemotherapy for the Treatment of Recurrent Ovarian, Primary Peritoneal & Fallopian Tube Cancers","Recurrent Ovarian Cancer, Fallopian Tube Cancer","The primary objective of this study is to investigate the feasibility, tolerability and safety of surgical debulking and resection with heated intraoperative chemotherapy (HIPEC) followed by repeated intraperitoneal chemotherapy for treatment of recurrent ovarian, primary peritoneal, and fallopian tube carcinomas.",PHASE2,TERMINATED,"A Phase II Combined Modality Protocol of Debulking Surgery With HIPEC Followed by Intraperitoneal Chemotherapy for the Treatment of Recurrent Ovarian, Primary Peritoneal & Fallopian Tube Cancers Recurrent Ovarian Cancer, Fallopian Tube Cancer The primary objective of this study is to investigate the feasibility, tolerability and safety of surgical debulking and resection with heated intraoperative chemotherapy (HIPEC) followed by repeated intraperitoneal chemotherapy for treatment of recurrent ovarian, primary peritoneal, and fallopian tube carcinomas."
NCT03672305,Clinical Study on the Efficacy and Safety of c-Met/PD-L1 CAR-T Cell Injection in the Treatment of HCC,Primary Hepatocellular Carcinoma,"Title: Single-center, open clinical study on the efficacy and safety of c-Met/PD-L1 T cell injection in the treatment of primary hepatocellular carcinoma

Stage: Phase I clinical trial

Purpose: To evaluate the efficacy and safety of c-Met/PD-L1 CAR-T cells in patients with primary hepatocellular carcinoma

Object: patients with primary hepatocellular carcinoma

Sample size: 50 cases

Number of centres：1

Study design: CT, MRI, PET and blood biochemical tests were performed before treatment to evaluate the state of HCC. Peripheral blood of the patient was extracted and PBMC was isolated. CAR-T cells were obtained by tranducing PBMC with c-Met/PD-L1 CAR lentivirus, and the proliferation capacity and immune phenotype of the cells were tested. After passing the inspection, the cells were re-injected into the patient three times. The efficacy and safety of c-Met/PD-L1 CAR-T cells was assessed respectively at 4 week, 12 week, 24 week and 48 week after treatment.

Trial product: c-Met/PD-L1 CAR-T cells

Course of treatment: 3 days for a course of treatment, only one course of treatment. A second course is given as appropriate if the treatment is beneficial to the patient.",EARLY_PHASE1,UNKNOWN,"Clinical Study on the Efficacy and Safety of c-Met/PD-L1 CAR-T Cell Injection in the Treatment of HCC Primary Hepatocellular Carcinoma Title: Single-center, open clinical study on the efficacy and safety of c-Met/PD-L1 T cell injection in the treatment of primary hepatocellular carcinoma

Stage: Phase I clinical trial

Purpose: To evaluate the efficacy and safety of c-Met/PD-L1 CAR-T cells in patients with primary hepatocellular carcinoma

Object: patients with primary hepatocellular carcinoma

Sample size: 50 cases

Number of centres：1

Study design: CT, MRI, PET and blood biochemical tests were performed before treatment to evaluate the state of HCC. Peripheral blood of the patient was extracted and PBMC was isolated. CAR-T cells were obtained by tranducing PBMC with c-Met/PD-L1 CAR lentivirus, and the proliferation capacity and immune phenotype of the cells were tested. After passing the inspection, the cells were re-injected into the patient three times. The efficacy and safety of c-Met/PD-L1 CAR-T cells was assessed respectively at 4 week, 12 week, 24 week and 48 week after treatment.

Trial product: c-Met/PD-L1 CAR-T cells

Course of treatment: 3 days for a course of treatment, only one course of treatment. A second course is given as appropriate if the treatment is beneficial to the patient."
NCT01870505,BYL719 Plus Letrozole or Exemestane for Patients With Hormone-Receptor Positive Locally-Advanced Unresectable or Metastatic Breast Cancer,Metastatic or Locally-advanced Unresectable Breast Cancer,"The purpose of this study is to test the safety of a drug called BYL719 at different dose levels. The investigators want to find out what effects, good and/or bad, BYL719 has on the patient and breast cancer. BYL719 will be given with either letrozole or exemestane to patients with HR+ locally-advanced or metastatic breast cancer. When the recommended phase II dose of BYL719 in combination with letrozole or exemestane has been determined in the dose-finding phase, an additional 10 patients will be enrolled onto each arm in an expansion phase of the study. The purpose of the expansion phase is to further define the safety and feasibility of BYL719 in combination with letrozole or exemestane at the recommended phase II dose, and to estimate efficacy.",PHASE1,COMPLETED,"BYL719 Plus Letrozole or Exemestane for Patients With Hormone-Receptor Positive Locally-Advanced Unresectable or Metastatic Breast Cancer Metastatic or Locally-advanced Unresectable Breast Cancer The purpose of this study is to test the safety of a drug called BYL719 at different dose levels. The investigators want to find out what effects, good and/or bad, BYL719 has on the patient and breast cancer. BYL719 will be given with either letrozole or exemestane to patients with HR+ locally-advanced or metastatic breast cancer. When the recommended phase II dose of BYL719 in combination with letrozole or exemestane has been determined in the dose-finding phase, an additional 10 patients will be enrolled onto each arm in an expansion phase of the study. The purpose of the expansion phase is to further define the safety and feasibility of BYL719 in combination with letrozole or exemestane at the recommended phase II dose, and to estimate efficacy."
NCT06943794,Eradication of Helicobacter Pylori Subtypes at High Gastric Cancer Risk: a Cluster-randomized Controlled Trial,Gastric (Stomach) Cancer,"This study is a prospective, multicenter cluster randomized controlled trial. Additional fecal screening for high-risk SNP subtypes, in conjunction with routine Hp testing, may improve the identification of individuals at high risk for gastric cancer. Moreover, the implementation of eradication interventions in high-risk groups has the potential to significantly reduce the incidence and progression of gastric cancer.",NA,NOT_YET_RECRUITING,"Eradication of Helicobacter Pylori Subtypes at High Gastric Cancer Risk: a Cluster-randomized Controlled Trial Gastric (Stomach) Cancer This study is a prospective, multicenter cluster randomized controlled trial. Additional fecal screening for high-risk SNP subtypes, in conjunction with routine Hp testing, may improve the identification of individuals at high risk for gastric cancer. Moreover, the implementation of eradication interventions in high-risk groups has the potential to significantly reduce the incidence and progression of gastric cancer."
NCT00792766,Long Term Follow Up for RAD001 Therapy of Angiomyolipomata in Patients With Tuberous Sclerosis (TSC) and Sporadic Lymphangioleiomyomatosis (LAM),"Tuberous Sclerosis, Angiolipoma","This is an open label long term follow up study, open to those subjects who were previously enrolled in""RAD001 Therapy of Angiomyolipomata in Patients with Tuberous Sclerosis Complex and Sporadic Lymphangioleiomyomatosis"", CCHMC IRB #2008-0812 and who meet the criteria for this long-term follow-up study.

The hypothesis is that the drug will inhibit the growth of the angiomyolipomas and possibly even cause regression.","PHASE1, PHASE2",COMPLETED,"Long Term Follow Up for RAD001 Therapy of Angiomyolipomata in Patients With Tuberous Sclerosis (TSC) and Sporadic Lymphangioleiomyomatosis (LAM) Tuberous Sclerosis, Angiolipoma This is an open label long term follow up study, open to those subjects who were previously enrolled in""RAD001 Therapy of Angiomyolipomata in Patients with Tuberous Sclerosis Complex and Sporadic Lymphangioleiomyomatosis"", CCHMC IRB #2008-0812 and who meet the criteria for this long-term follow-up study.

The hypothesis is that the drug will inhibit the growth of the angiomyolipomas and possibly even cause regression."
NCT02846766,Study of Lenvatinib in Patients With Advanced Cancer and Aberrations in FGF/FGFR Signaling,Cancer,"This is a two center, open label, non-randomized Phase II study of lenvatinib in adult subjects with recurrent or refractory advanced cancers with aberration(s) in FGF/FGFR signaling. Treatment will consist of daily oral administration of Lenvatinib in 28-day cycles.",PHASE2,WITHDRAWN,"Study of Lenvatinib in Patients With Advanced Cancer and Aberrations in FGF/FGFR Signaling Cancer This is a two center, open label, non-randomized Phase II study of lenvatinib in adult subjects with recurrent or refractory advanced cancers with aberration(s) in FGF/FGFR signaling. Treatment will consist of daily oral administration of Lenvatinib in 28-day cycles."
NCT02834156,Impact of Child Positioning on Pain During a Lumbar Puncture,Hematological Malignancies,"This protocol is a pilot study on standard care. The main goal is to assess the impact of positioning on lumbar puncture process especially on pain sensitivity in children.

It's a prospective, monocentric, randomized, open-label, cross-over study. Inclusion period is one year, and number of inclusions forecasted is about 30. Each patient will have one LP in a seated position and one in a lying position.",NA,COMPLETED,"Impact of Child Positioning on Pain During a Lumbar Puncture Hematological Malignancies This protocol is a pilot study on standard care. The main goal is to assess the impact of positioning on lumbar puncture process especially on pain sensitivity in children.

It's a prospective, monocentric, randomized, open-label, cross-over study. Inclusion period is one year, and number of inclusions forecasted is about 30. Each patient will have one LP in a seated position and one in a lying position."
NCT01723956,Validation of Implementation of Cervical Dysplasia Treatment Modalities in HIV-Seropositive Women,Cervical Intraepithelial Neoplasia,"To compare the efficacy of cryotherapy and large loop excision of the transformation zone (LLETZ) procedures for the treatment of high-grade cervical intra-epithelial neoplasia (CIN2/3) among HIV-seropositive women by follow-up VIA, cytology and Human Papillomavirus.

Hypothesis: LEEP will be more effective than cryotherapy in removing CIN 2/3 lesions in HIV positive women in South Africa",NA,COMPLETED,"Validation of Implementation of Cervical Dysplasia Treatment Modalities in HIV-Seropositive Women Cervical Intraepithelial Neoplasia To compare the efficacy of cryotherapy and large loop excision of the transformation zone (LLETZ) procedures for the treatment of high-grade cervical intra-epithelial neoplasia (CIN2/3) among HIV-seropositive women by follow-up VIA, cytology and Human Papillomavirus.

Hypothesis: LEEP will be more effective than cryotherapy in removing CIN 2/3 lesions in HIV positive women in South Africa"
NCT07605156,Diagnostic Value of 68Ga-Pentixafor PET/CT in Adrenal Tumors With Aldosterone and Cortisol Cosecretion,Primary Aldosteronism Concurrent With Autonomous Cortisol Secretion,"The goal of this observational study is to evaluate the diagnostic accuracy of 68 68

Ga-Pentixafor-CXCR4 PET/CT in identifying the dominant side of hormone excess in adult patients (aged 18-80 years) with primary aldosteronism and concomitant mild autonomous cortisol secretion (PA+MACS) who are candidates for unilateral adrenalectomy or ablation. The main questions it aims to answer are:

What is the overall diagnostic performance of 68 68 Ga-Pentixafor-CXCR4 PET/CT for lateralizing the dominant source of aldosterone and cortisol co-secretion, as measured by the area under the receiver operating characteristic curve (AUC)?

How do the PET/CT-based lateralization results compare with adrenal venous sampling (AVS) and metanephrine-corrected AVS, and are there clinical or biochemical factors that predict discordance between these methods?

Researchers will compare the dominant side determined by PET/CT with the reference standard derived from postoperative PASO outcomes and cortisol-related hormonal outcomes (supplemented by histopathology) to assess sensitivity, specificity, accuracy, and agreement. They will further compare PET/CT results to conventional AVS and metanephrine-corrected AVS to determine concordance and identify potential predictors of discordant cases.

Participants will:

Provide written informed consent and undergo baseline clinical, biochemical, and imaging assessments as part of routine PA+MACS work-up.

Undergo a single 68 68 Ga-Pentixafor-CXCR4 PET/CT scan, along with AVS and metanephrine-corrected AVS, typically within a 4-week window.

Be discussed by a multidisciplinary team that integrates all diagnostic information to formulate an individualized surgical plan.

If surgery proceeds, be followed at 1, 3, 6, and 12 months postoperatively to assess blood pressure, antihypertensive medication use, serum potassium, aldosterone/renin/cortisol levels, and 1-mg overnight dexamethasone suppression test results.",,RECRUITING,"Diagnostic Value of 68Ga-Pentixafor PET/CT in Adrenal Tumors With Aldosterone and Cortisol Cosecretion Primary Aldosteronism Concurrent With Autonomous Cortisol Secretion The goal of this observational study is to evaluate the diagnostic accuracy of 68 68

Ga-Pentixafor-CXCR4 PET/CT in identifying the dominant side of hormone excess in adult patients (aged 18-80 years) with primary aldosteronism and concomitant mild autonomous cortisol secretion (PA+MACS) who are candidates for unilateral adrenalectomy or ablation. The main questions it aims to answer are:

What is the overall diagnostic performance of 68 68 Ga-Pentixafor-CXCR4 PET/CT for lateralizing the dominant source of aldosterone and cortisol co-secretion, as measured by the area under the receiver operating characteristic curve (AUC)?

How do the PET/CT-based lateralization results compare with adrenal venous sampling (AVS) and metanephrine-corrected AVS, and are there clinical or biochemical factors that predict discordance between these methods?

Researchers will compare the dominant side determined by PET/CT with the reference standard derived from postoperative PASO outcomes and cortisol-related hormonal outcomes (supplemented by histopathology) to assess sensitivity, specificity, accuracy, and agreement. They will further compare PET/CT results to conventional AVS and metanephrine-corrected AVS to determine concordance and identify potential predictors of discordant cases.

Participants will:

Provide written informed consent and undergo baseline clinical, biochemical, and imaging assessments as part of routine PA+MACS work-up.

Undergo a single 68 68 Ga-Pentixafor-CXCR4 PET/CT scan, along with AVS and metanephrine-corrected AVS, typically within a 4-week window.

Be discussed by a multidisciplinary team that integrates all diagnostic information to formulate an individualized surgical plan.

If surgery proceeds, be followed at 1, 3, 6, and 12 months postoperatively to assess blood pressure, antihypertensive medication use, serum potassium, aldosterone/renin/cortisol levels, and 1-mg overnight dexamethasone suppression test results."
NCT07541066,Robotic Telesurgery in Urology,Prostate Cancer,"The goal of this clinical trial is to confirm the safety and feasibility of robotic telesurgery when used for the surgical management of prostate cancer in participates undergoing treatment for prostate cancer. In this clinical trial, participants will receive robotic telesurgery treatment for prostate cancer.",NA,WITHDRAWN,"Robotic Telesurgery in Urology Prostate Cancer The goal of this clinical trial is to confirm the safety and feasibility of robotic telesurgery when used for the surgical management of prostate cancer in participates undergoing treatment for prostate cancer. In this clinical trial, participants will receive robotic telesurgery treatment for prostate cancer."
NCT07121322,Dornase Alfa and Cisplatin in Refractory Germ Cell Cancer.,"Refractory Germ Cell Tumors, Dornase Alfa","Germ cell tumors (GCTs) are highly curable malignancies; however, a subset of patients with relapsed or refractory disease after first- and second-line chemotherapy have a very poor prognosis, with long-term survival rates below 5%. New therapeutic strategies are needed in this setting. Emerging evidence indicates that extracellular DNA and markers of NETosis are associated with poor prognosis in GCTs, while DNase activity decreases with disease progression. Dornase alfa, a recombinant human DNase I approved for cystic fibrosis, may restore DNA homeostasis by degrading extracellular DNA. Preclinical studies demonstrated that dornase alfa, when combined with cisplatin, inhibited tumor growth in cisplatin-resistant GCT xenograft models. This proof-of-concept phase II study aims to evaluate the safety and efficacy of dornase alfa in combination with cisplatin in patients with relapsed or refractory GCTs, hypothesizing that extracellular DNA degradation by dornase alfa may enhance tumor control and restore cisplatin sensitivity.",PHASE2,RECRUITING,"Dornase Alfa and Cisplatin in Refractory Germ Cell Cancer. Refractory Germ Cell Tumors, Dornase Alfa Germ cell tumors (GCTs) are highly curable malignancies; however, a subset of patients with relapsed or refractory disease after first- and second-line chemotherapy have a very poor prognosis, with long-term survival rates below 5%. New therapeutic strategies are needed in this setting. Emerging evidence indicates that extracellular DNA and markers of NETosis are associated with poor prognosis in GCTs, while DNase activity decreases with disease progression. Dornase alfa, a recombinant human DNase I approved for cystic fibrosis, may restore DNA homeostasis by degrading extracellular DNA. Preclinical studies demonstrated that dornase alfa, when combined with cisplatin, inhibited tumor growth in cisplatin-resistant GCT xenograft models. This proof-of-concept phase II study aims to evaluate the safety and efficacy of dornase alfa in combination with cisplatin in patients with relapsed or refractory GCTs, hypothesizing that extracellular DNA degradation by dornase alfa may enhance tumor control and restore cisplatin sensitivity."
NCT01381822,"Dose-Escalation Study of TH-302 in Combination With Sunitinib to Treat Patients With Advanced Renal Cell Carcinoma,Gastrointestinal Stromal Tumors and Pancreatic Neuroendocrine Tumors","Advanced Renal Cell Carcinoma, Gastrointestinal Stromal Tumors, Pancreatic Neuroendocrine Tumors","The primary objectives are:

Dose escalation:

1\. To determine the MTD and DLT(s) of TH-302 when used in combination with sunitinib.

Dose expansion:

1. To make a preliminary assessment of the efficacy of TH-302 in combination with sunitinib as determined by the response rate and the progression-free survival in subjects with advanced RCC treated at the RP2D
2. To assess the safety of TH-302 in combination with sunitinib and determine a recommended Phase 2 dose of the combination.

The secondary objectives are:

Dose expansion:

1\. To make a preliminary assessment of the efficacy of TH-302 in combination with sunitinib as determined by stable disease or better rate, duration of response and overall survival in subjects with advanced RCC treated at the RP2D.

The exploratory objective is:

1\. To explore the association of serum hypoxia biomarkers with efficacy endpoints.",PHASE1,UNKNOWN,"Dose-Escalation Study of TH-302 in Combination With Sunitinib to Treat Patients With Advanced Renal Cell Carcinoma,Gastrointestinal Stromal Tumors and Pancreatic Neuroendocrine Tumors Advanced Renal Cell Carcinoma, Gastrointestinal Stromal Tumors, Pancreatic Neuroendocrine Tumors The primary objectives are:

Dose escalation:

1\. To determine the MTD and DLT(s) of TH-302 when used in combination with sunitinib.

Dose expansion:

1. To make a preliminary assessment of the efficacy of TH-302 in combination with sunitinib as determined by the response rate and the progression-free survival in subjects with advanced RCC treated at the RP2D
2. To assess the safety of TH-302 in combination with sunitinib and determine a recommended Phase 2 dose of the combination.

The secondary objectives are:

Dose expansion:

1\. To make a preliminary assessment of the efficacy of TH-302 in combination with sunitinib as determined by stable disease or better rate, duration of response and overall survival in subjects with advanced RCC treated at the RP2D.

The exploratory objective is:

1\. To explore the association of serum hypoxia biomarkers with efficacy endpoints."
NCT03539822,Cabozantinib Plus Durvalumab With or Without Tremelimumab in Patients With Gastroesophageal Cancer and Other Gastrointestinal Malignancies,"Gastric Cancer, Esophageal Adenocarcinoma, Hepatocellular Carcinoma, Colorectal Cancer","The investigators propose to evaluate the safety of drug combinations in patients with advanced gastroesophageal cancer and other gastrointestinal (GI) malignancies. Finding effective novel therapies for patients with advanced gastric cancer and other GI malignancies is an area of great unmet need. The investigators believe that modulating the tumor microenvironment with biologic agents like cabozantinib will have synergistic effect when combined with checkpoint-based immunotherapeutics like durvalumab in this patient population. This is a phase I/II, open label, multi-cohort trial looking at safety, tolerability and efficacy endpoints.","PHASE1, PHASE2",RECRUITING,"Cabozantinib Plus Durvalumab With or Without Tremelimumab in Patients With Gastroesophageal Cancer and Other Gastrointestinal Malignancies Gastric Cancer, Esophageal Adenocarcinoma, Hepatocellular Carcinoma, Colorectal Cancer The investigators propose to evaluate the safety of drug combinations in patients with advanced gastroesophageal cancer and other gastrointestinal (GI) malignancies. Finding effective novel therapies for patients with advanced gastric cancer and other GI malignancies is an area of great unmet need. The investigators believe that modulating the tumor microenvironment with biologic agents like cabozantinib will have synergistic effect when combined with checkpoint-based immunotherapeutics like durvalumab in this patient population. This is a phase I/II, open label, multi-cohort trial looking at safety, tolerability and efficacy endpoints."
NCT00005822,SU5416 and Doxorubicin in Treating Patients With Stage IIIB or Stage IV Inflammatory Breast Cancer,Breast Cancer,"RATIONALE: SU5416 may stop the growth of breast cancer by stopping blood flow to the tumor. Drugs used in chemotherapy use different ways to stop tumor cells from dividing so they stop growing or die. Combining SU5416 with chemotherapy may kill more cancer cells.

PURPOSE: Phase I trial to study the effectiveness of combining SU5416 and doxorubicin in treating patients who have stage IIIB or stage IV inflammatory breast cancer.",PHASE1,COMPLETED,"SU5416 and Doxorubicin in Treating Patients With Stage IIIB or Stage IV Inflammatory Breast Cancer Breast Cancer RATIONALE: SU5416 may stop the growth of breast cancer by stopping blood flow to the tumor. Drugs used in chemotherapy use different ways to stop tumor cells from dividing so they stop growing or die. Combining SU5416 with chemotherapy may kill more cancer cells.

PURPOSE: Phase I trial to study the effectiveness of combining SU5416 and doxorubicin in treating patients who have stage IIIB or stage IV inflammatory breast cancer."
NCT06688851,Patient Specific Implants (PSIs) for the Decompression of Odontogenic Cysts,"Odontogenic Cysts, Odontogenic Keratocyst",This study aims to assess the feasibility of the decompression of odontogenic cysts using Patient Specific Implants anchored subperiosteally using osteosynthesis screws.,,RECRUITING,"Patient Specific Implants (PSIs) for the Decompression of Odontogenic Cysts Odontogenic Cysts, Odontogenic Keratocyst This study aims to assess the feasibility of the decompression of odontogenic cysts using Patient Specific Implants anchored subperiosteally using osteosynthesis screws."
NCT05647590,SBRT/RT in Oligometastatic Stage IV NSCLC,Non Small Cell Lung Cancer,The core hypothesis to be tested is that the use of consolidative SBRT followed by maintenance chemotherapy in patients with less than or equal to 10 metastatic sites will improve progression-free survival (PFS) with acceptable toxicity compared to maintenance chemotherapy alone.,NA,UNKNOWN,SBRT/RT in Oligometastatic Stage IV NSCLC Non Small Cell Lung Cancer The core hypothesis to be tested is that the use of consolidative SBRT followed by maintenance chemotherapy in patients with less than or equal to 10 metastatic sites will improve progression-free survival (PFS) with acceptable toxicity compared to maintenance chemotherapy alone.
NCT05098197,A Study of GC101 TIL in Advanced Hepatobiliary-Pancreatic Cancers (10hospital),"Advanced Liver Cancers, Tumor Infiltrating Lymphocyte, Treatment Side Effects, Effects of Immunotherapy, Advanced Pancreatic Cancers","This study is to investigate the safety and efficacy of tumor infiltrating lymphocyte (TIL) therapy in patients with advanced hepatobiliary-pancreatic cancers. Autologous TILs are expanded from tumor resections or biopsies and infused i.v. into the patient after NMA lymphodepletion treatment with hydroxychloroquine(600mg,single-dose) and cyclophosphamide.",EARLY_PHASE1,RECRUITING,"A Study of GC101 TIL in Advanced Hepatobiliary-Pancreatic Cancers (10hospital) Advanced Liver Cancers, Tumor Infiltrating Lymphocyte, Treatment Side Effects, Effects of Immunotherapy, Advanced Pancreatic Cancers This study is to investigate the safety and efficacy of tumor infiltrating lymphocyte (TIL) therapy in patients with advanced hepatobiliary-pancreatic cancers. Autologous TILs are expanded from tumor resections or biopsies and infused i.v. into the patient after NMA lymphodepletion treatment with hydroxychloroquine(600mg,single-dose) and cyclophosphamide."
NCT00052897,SGN-00101 in Preventing Anal Cancer in Patients With HIV Who Have Anal Neoplasia,Anal Cancer,Phase I/II trial to study the effectiveness of SGN-00101 in preventing anal cancer in HIV-positive patients who have high-grade anal neoplasia. Chemoprevention therapy is the use of certain drugs to try to prevent the development of cancer. SGN-00101 may be effective in preventing anal cancer.,"PHASE1, PHASE2",COMPLETED,SGN-00101 in Preventing Anal Cancer in Patients With HIV Who Have Anal Neoplasia Anal Cancer Phase I/II trial to study the effectiveness of SGN-00101 in preventing anal cancer in HIV-positive patients who have high-grade anal neoplasia. Chemoprevention therapy is the use of certain drugs to try to prevent the development of cancer. SGN-00101 may be effective in preventing anal cancer.
NCT07022197,Safety and Efficacy of BAFF-R CART for Refractory Neuroimmune Diseases,"Chronic Inflammatory Demyelinating Polyradiculoneuropathy, NMO Spectrum Disorder, Myasthenia Gravis, Idiopathic Inflammatory Myopathies","This study is a phase Ib/IIa dose-escalation study designed to evaluate the safety, tolerability, and preliminary efficacy of autologous T cells expressing chimeric antigen receptor (CAR)-targeted B-cell activating factor receptor (BAFFR) in refractory neuroimmune diseases. The study design is divided into two parts, the first of which will be given to each patient at 3 incremental dose levels to establish the maximum tolerated dose (MTD). Each disease is expected to enroll 12 patients who meet the inclusion criteria. In the second part, 15 patients per disease will be recruited to further characterize the efficacy of the MTD.","PHASE1, PHASE2",RECRUITING,"Safety and Efficacy of BAFF-R CART for Refractory Neuroimmune Diseases Chronic Inflammatory Demyelinating Polyradiculoneuropathy, NMO Spectrum Disorder, Myasthenia Gravis, Idiopathic Inflammatory Myopathies This study is a phase Ib/IIa dose-escalation study designed to evaluate the safety, tolerability, and preliminary efficacy of autologous T cells expressing chimeric antigen receptor (CAR)-targeted B-cell activating factor receptor (BAFFR) in refractory neuroimmune diseases. The study design is divided into two parts, the first of which will be given to each patient at 3 incremental dose levels to establish the maximum tolerated dose (MTD). Each disease is expected to enroll 12 patients who meet the inclusion criteria. In the second part, 15 patients per disease will be recruited to further characterize the efficacy of the MTD."
NCT02212197,Phase II Study of Subcutaneous Injection Depot of Leuprolide Acetate in Patient With Prostate Cancer,Prostate Cancer,"The purpose of this study is to assess the pharmacokinetics, pharmacodynamics, efficacy and safety of CAM2032 versus Eligard, in patients with prostate cancer. All patients will receive leuprolide acetate administered subcutaneously once monthly during 3 months.",PHASE2,COMPLETED,"Phase II Study of Subcutaneous Injection Depot of Leuprolide Acetate in Patient With Prostate Cancer Prostate Cancer The purpose of this study is to assess the pharmacokinetics, pharmacodynamics, efficacy and safety of CAM2032 versus Eligard, in patients with prostate cancer. All patients will receive leuprolide acetate administered subcutaneously once monthly during 3 months."
NCT04127110,Activity of Lorlatinib Based on ALK Resistance Mutations Detected on Blood in ALK Positive NSCLC Patients,Non Small Cell Lung Cancer,"This study includes patients diagnosed with a metastatic non small cell lung cancer (NSCLC) with anaplastic lymphoma kinase (ALK) translocation. The standard treatment for patients with metastatic non small cell lung cancer with ALK translocation is represented by personalized treatment with drugs called ALK inhibitors. During the treatment with an ALK inhibitor, the tumour can start to grow again, because the tumour adapts to the drug and develops escape mechanisms, becoming resistant. At the tumour cells level, the mechanisms underlying resistance can include the development of other alterations, mainly mutations, including in the ALK gene. The alterations that developed depend on the drug the tumour has been exposed to.

The alterations can be identified by analysing tumour tissue obtained through a biopsy, however, repeating a tumour biopsy is difficult and risky and might not be able to provide sufficient tissue for the test. Therefore in the last years, new tests have been developed to identify the mutations in the blood.

Lorlatinib is a drug that inhibits ALK and has already been identified to be able to control the tumour growth when ALK mutations are identified and is already approved as standard treatment after progression to a previous treatment with ALK inhibitors.

The purpose of this study is to identify which patient populations may benefit most from treatment with lorlatinib, based on the alterations found in their genes.",PHASE2,ACTIVE_NOT_RECRUITING,"Activity of Lorlatinib Based on ALK Resistance Mutations Detected on Blood in ALK Positive NSCLC Patients Non Small Cell Lung Cancer This study includes patients diagnosed with a metastatic non small cell lung cancer (NSCLC) with anaplastic lymphoma kinase (ALK) translocation. The standard treatment for patients with metastatic non small cell lung cancer with ALK translocation is represented by personalized treatment with drugs called ALK inhibitors. During the treatment with an ALK inhibitor, the tumour can start to grow again, because the tumour adapts to the drug and develops escape mechanisms, becoming resistant. At the tumour cells level, the mechanisms underlying resistance can include the development of other alterations, mainly mutations, including in the ALK gene. The alterations that developed depend on the drug the tumour has been exposed to.

The alterations can be identified by analysing tumour tissue obtained through a biopsy, however, repeating a tumour biopsy is difficult and risky and might not be able to provide sufficient tissue for the test. Therefore in the last years, new tests have been developed to identify the mutations in the blood.

Lorlatinib is a drug that inhibits ALK and has already been identified to be able to control the tumour growth when ALK mutations are identified and is already approved as standard treatment after progression to a previous treatment with ALK inhibitors.

The purpose of this study is to identify which patient populations may benefit most from treatment with lorlatinib, based on the alterations found in their genes."
NCT01466660,LUX-Lung 7: A Phase IIb Trial of Afatinib(BIBW2992) Versus Gefitinib for the Treatment of 1st Line EGFR Mutation Positive Adenocarcinoma of the Lung,Lung Neoplasms,"This is a randomised, open-label, phase IIb trial of afatinib to compare to gefitinib in first-line treatment setting with patients who are having epidermal growth factor receptor mutation positive advanced adenocarcinoma of the lung.",PHASE2,COMPLETED,"LUX-Lung 7: A Phase IIb Trial of Afatinib(BIBW2992) Versus Gefitinib for the Treatment of 1st Line EGFR Mutation Positive Adenocarcinoma of the Lung Lung Neoplasms This is a randomised, open-label, phase IIb trial of afatinib to compare to gefitinib in first-line treatment setting with patients who are having epidermal growth factor receptor mutation positive advanced adenocarcinoma of the lung."
NCT00030420,Celecoxib and Docetaxel in Treating Patients With Advanced Non-Small Cell Lung Cancer,Lung Cancer,"RATIONALE: Celecoxib may slow the growth of cancer by stopping blood flow to the tumor. Drugs used in chemotherapy use different ways to stop tumor cells from dividing so they stop growing or die. Combining chemotherapy with celecoxib may kill more tumor cells.

PURPOSE: Phase II trial to study the effectiveness of combining celecoxib and docetaxel in treating patients who have advanced non-small cell lung cancer that has been previously treated with platinum-based chemotherapy.",PHASE2,COMPLETED,"Celecoxib and Docetaxel in Treating Patients With Advanced Non-Small Cell Lung Cancer Lung Cancer RATIONALE: Celecoxib may slow the growth of cancer by stopping blood flow to the tumor. Drugs used in chemotherapy use different ways to stop tumor cells from dividing so they stop growing or die. Combining chemotherapy with celecoxib may kill more tumor cells.

PURPOSE: Phase II trial to study the effectiveness of combining celecoxib and docetaxel in treating patients who have advanced non-small cell lung cancer that has been previously treated with platinum-based chemotherapy."
NCT00368082,"Autologous/Allogeneic TGFbeta-resistant LMP-specific CTL, Lymphoma (TGF-beta)","Lymphoma, Hodgkin's Disease, Relapse, Lymphoma, Non-Hodgkin","Patients have a type of lymph gland cancer called HD, NHL or lymphoepithelioma (these 3 diseases will be referred to as ""Lymphoma""). The lymphoma has come back or has not gone away after treatment. This is a research study using special immune system cells called TGFb-resistant LMP-specific cytotoxic T lymphocytes (DNR-CTL), a new experimental therapy.

Some patients with Lymphoma show signs of infection with the Epstein Barr virus (EBV) before or at the time of their Lymphoma diagnosis. EBV is found in the cancer cells of up to 1/2 the patients with Lymphoma, suggesting it may play a role in causing Lymphoma. The cancer cells infected by EBV are able to hide from the body's immune system and escape being killed by releasing a substance called Transforming Growth Factor-beta (TGFb). The investigators want to see if special white blood cells (called T cells) that have been given a gene that they hope will let them survive against TGFb and that have been trained to kill EBV infected cells can also survive in the blood and kill the tumor.

Investigators have used this sort of therapy with specially trained T cells to treat a different type of cancer that occurs after bone marrow and solid organ transplant called post transplant lymphoma. In this type of cancer they were able to successfully prevent and treat post transplant lymphoma. However when they used a similar approach in HD some patients had a partial response to this therapy, but no patients had a complete response. In a follow-up study they tried to find out if they could improve this treatment by growing T cells that recognize 2 of the proteins expressed on Lymphoma cells called LMP-1 and LMP2a. These special T cells were called LMP-specific cytotoxic T-lymphocytes (CTLs). Although some patients had tumor responses, CTL therapy alone did not cure those who had a lot of disease. Investigators think that a reason for this is that the tumor cells are releasing TGFb. For this reason, they want to find out if they can make the CTL resistant to TGFb by putting in a new gene called TGFb resistance gene. Investigators hope that this will improve this treatment for relapsed lymphoma. These TGFb-resistant LMP-specific CTLs are an investigational product not approved by FDA.

The purpose of this study is to find the largest safe dose of TGFb resistant LMP-specific CTLs, to learn what the side effects are and to see whether this therapy might help patients with Lymphoma.",PHASE1,ACTIVE_NOT_RECRUITING,"Autologous/Allogeneic TGFbeta-resistant LMP-specific CTL, Lymphoma (TGF-beta) Lymphoma, Hodgkin's Disease, Relapse, Lymphoma, Non-Hodgkin Patients have a type of lymph gland cancer called HD, NHL or lymphoepithelioma (these 3 diseases will be referred to as ""Lymphoma""). The lymphoma has come back or has not gone away after treatment. This is a research study using special immune system cells called TGFb-resistant LMP-specific cytotoxic T lymphocytes (DNR-CTL), a new experimental therapy.

Some patients with Lymphoma show signs of infection with the Epstein Barr virus (EBV) before or at the time of their Lymphoma diagnosis. EBV is found in the cancer cells of up to 1/2 the patients with Lymphoma, suggesting it may play a role in causing Lymphoma. The cancer cells infected by EBV are able to hide from the body's immune system and escape being killed by releasing a substance called Transforming Growth Factor-beta (TGFb). The investigators want to see if special white blood cells (called T cells) that have been given a gene that they hope will let them survive against TGFb and that have been trained to kill EBV infected cells can also survive in the blood and kill the tumor.

Investigators have used this sort of therapy with specially trained T cells to treat a different type of cancer that occurs after bone marrow and solid organ transplant called post transplant lymphoma. In this type of cancer they were able to successfully prevent and treat post transplant lymphoma. However when they used a similar approach in HD some patients had a partial response to this therapy, but no patients had a complete response. In a follow-up study they tried to find out if they could improve this treatment by growing T cells that recognize 2 of the proteins expressed on Lymphoma cells called LMP-1 and LMP2a. These special T cells were called LMP-specific cytotoxic T-lymphocytes (CTLs). Although some patients had tumor responses, CTL therapy alone did not cure those who had a lot of disease. Investigators think that a reason for this is that the tumor cells are releasing TGFb. For this reason, they want to find out if they can make the CTL resistant to TGFb by putting in a new gene called TGFb resistance gene. Investigators hope that this will improve this treatment for relapsed lymphoma. These TGFb-resistant LMP-specific CTLs are an investigational product not approved by FDA.

The purpose of this study is to find the largest safe dose of TGFb resistant LMP-specific CTLs, to learn what the side effects are and to see whether this therapy might help patients with Lymphoma."
NCT00615524,Phase II Study Evaluating Exemestane Alone Or In Combination With Pazopanib In Postmenopausal Women With Hormone Receptor Positive Breast Cancer,Hormone-receptor Positive Breast Cancer,"This study is being conducted to compare the efficacy and safety of exemestane alone or in combination with pazopanib in postmenopausal women who have hormone receptor positive breast cancer and have failed therapy with tamoxifen, anastrazole or letrozole.",PHASE2,WITHDRAWN,"Phase II Study Evaluating Exemestane Alone Or In Combination With Pazopanib In Postmenopausal Women With Hormone Receptor Positive Breast Cancer Hormone-receptor Positive Breast Cancer This study is being conducted to compare the efficacy and safety of exemestane alone or in combination with pazopanib in postmenopausal women who have hormone receptor positive breast cancer and have failed therapy with tamoxifen, anastrazole or letrozole."
NCT04203524,Procalcitonin and Antimicrobial Utilization in Critically Ill Cancer Patients with Sepsis,"Sepsis, Septic Shock, Neoplasm, Critical Illness","Studies have demonstrated that the use of a procalcitonin (PCT)-guided algorithm in combination with clinical judgment was associated with reduced antibiotic use without impacting mortality or treatment failure. Though several studies have evaluated the use of PCT in critically ill patients, there are limited studies that evaluated PCT in patients with cancer and many of the currently available studies have excluded immune-compromised patients.

This is a randomized controlled trial that aims to evaluate the impact of a procalcitonin-guided algorithm on antibiotic utilization in critically ill cancer patients with sepsis. In addition, the study aims to evaluate the predictive value of PCT for predicting mortality and positive cultures.",NA,TERMINATED,"Procalcitonin and Antimicrobial Utilization in Critically Ill Cancer Patients with Sepsis Sepsis, Septic Shock, Neoplasm, Critical Illness Studies have demonstrated that the use of a procalcitonin (PCT)-guided algorithm in combination with clinical judgment was associated with reduced antibiotic use without impacting mortality or treatment failure. Though several studies have evaluated the use of PCT in critically ill patients, there are limited studies that evaluated PCT in patients with cancer and many of the currently available studies have excluded immune-compromised patients.

This is a randomized controlled trial that aims to evaluate the impact of a procalcitonin-guided algorithm on antibiotic utilization in critically ill cancer patients with sepsis. In addition, the study aims to evaluate the predictive value of PCT for predicting mortality and positive cultures."
NCT00031759,Imiquimod in Preventing Cervical Cancer in Women With Cervical Neoplasia,"Cervical Cancer, Precancerous Condition","RATIONALE: Chemoprevention therapy is the use of certain substances to try to prevent the development of cancer. Applying topical imiquimod before abnormal cervical cells are removed may be effective in preventing cervical cancer.

PURPOSE: Randomized phase II trial to study the effectiveness of applying topical imiquimod before abnormal cervical cells are removed in preventing cervical cancer in patients who have recurrent or persistent cervical neoplasia.",PHASE2,COMPLETED,"Imiquimod in Preventing Cervical Cancer in Women With Cervical Neoplasia Cervical Cancer, Precancerous Condition RATIONALE: Chemoprevention therapy is the use of certain substances to try to prevent the development of cancer. Applying topical imiquimod before abnormal cervical cells are removed may be effective in preventing cervical cancer.

PURPOSE: Randomized phase II trial to study the effectiveness of applying topical imiquimod before abnormal cervical cells are removed in preventing cervical cancer in patients who have recurrent or persistent cervical neoplasia."
NCT02759679,Canine-Assisted Profiling of Lung Cancer From Human Breath,Lung Cancer,"The study aims to optimize and define a reproducible and non-invasive method for canine assisted lung cancer detection, using human breath samples from patients and controls for training and testing purposes.",NA,TERMINATED,"Canine-Assisted Profiling of Lung Cancer From Human Breath Lung Cancer The study aims to optimize and define a reproducible and non-invasive method for canine assisted lung cancer detection, using human breath samples from patients and controls for training and testing purposes."
NCT05882279,A Survey on NINLARO Risk Management Plan (RMP) Material Utilization Among Pharmacists in Japan,Multiple Myeloma,"This is a survey among pharmacists who have instructed NINLARO therapy in ixazomib, lenalidomide and dexamethasone (IRD) dosing to patients with relapsed/refractory multiple myeloma (rrMM).

The main aims of the study are:

* To assess the frequency of pharmacists who have provided patients with the contents of the RMP material for patients.
* To assess the frequency of pharmacists who have obtained the RMP material for patients.
* To evaluate the depth of understanding of proper usage of NINLARO among pharmacists.",,COMPLETED,"A Survey on NINLARO Risk Management Plan (RMP) Material Utilization Among Pharmacists in Japan Multiple Myeloma This is a survey among pharmacists who have instructed NINLARO therapy in ixazomib, lenalidomide and dexamethasone (IRD) dosing to patients with relapsed/refractory multiple myeloma (rrMM).

The main aims of the study are:

* To assess the frequency of pharmacists who have provided patients with the contents of the RMP material for patients.
* To assess the frequency of pharmacists who have obtained the RMP material for patients.
* To evaluate the depth of understanding of proper usage of NINLARO among pharmacists."
NCT04753879,Multi-agent Low Dose Chemotherapy GAX-CI Followed by Olaparib and Pembro in Metastatic Pancreatic Ductal Cancer.,Metastatic Pancreatic Cancer,"The purpose of this study is to evaluate the safety and clinical activity of maintenance olaparib and pembrolizumab following multi-agent, low dose chemotherapy with gemcitabine, nab-paclitaxel, capecitabine, cisplatin, and irinotecan (GAX-CI) in patients with untreated metastatic pancreatic ductal cancer.",PHASE2,ACTIVE_NOT_RECRUITING,"Multi-agent Low Dose Chemotherapy GAX-CI Followed by Olaparib and Pembro in Metastatic Pancreatic Ductal Cancer. Metastatic Pancreatic Cancer The purpose of this study is to evaluate the safety and clinical activity of maintenance olaparib and pembrolizumab following multi-agent, low dose chemotherapy with gemcitabine, nab-paclitaxel, capecitabine, cisplatin, and irinotecan (GAX-CI) in patients with untreated metastatic pancreatic ductal cancer."
NCT04751162,A Study To Monitor Lung Cancer Patients Activity And Assess Performance Status Through A Wearable Device.,Non-Small Cell Lung Cancer (NSCLC),"The current research is a non-interventional (NIS) study seeking to support objective Performance Status (PS) assessments in the particular context of metastatic NSCLC adult patients. To do so, the study comprises two phases. Phase I addresses a feasibility mixed-methods (quantitative-qualitative) approach. It primarily focuses on examining perceived technology usability in a limited sample of participants and feasibility of translating the actigraph data into PS scores (focus expert group). Phase II focuses on to primarily examine associations between technology collected data and ECOG-PS in a larger sample of participants.",,COMPLETED,"A Study To Monitor Lung Cancer Patients Activity And Assess Performance Status Through A Wearable Device. Non-Small Cell Lung Cancer (NSCLC) The current research is a non-interventional (NIS) study seeking to support objective Performance Status (PS) assessments in the particular context of metastatic NSCLC adult patients. To do so, the study comprises two phases. Phase I addresses a feasibility mixed-methods (quantitative-qualitative) approach. It primarily focuses on examining perceived technology usability in a limited sample of participants and feasibility of translating the actigraph data into PS scores (focus expert group). Phase II focuses on to primarily examine associations between technology collected data and ECOG-PS in a larger sample of participants."
NCT05973162,Effects of Virtual Reality in Pediatric Burn Patients,"Burns Elbows, Pediatric ALL","The aim of this randomized controlled trial is to find the effectiveness of Virtual reality as an adjunctive to transverse friction massage in pediatric burn patients for reducing pain, anxiety and enhancing elbow range of motion.",NA,UNKNOWN,"Effects of Virtual Reality in Pediatric Burn Patients Burns Elbows, Pediatric ALL The aim of this randomized controlled trial is to find the effectiveness of Virtual reality as an adjunctive to transverse friction massage in pediatric burn patients for reducing pain, anxiety and enhancing elbow range of motion."
NCT03023046,"Etoposide, Prednisone, Vincristine Sulfate, Cyclophosphamide, and Doxorubicin in Treating Patients With Acute Lymphoblastic Leukemia or Lymphoblastic Lymphoma","Acute Lymphoblastic Leukemia, Lymphoblastic Lymphoma","This phase II trial studies how well etoposide, prednisone, vincristine sulfate, cyclophosphamide, and doxorubicin (DA-EPOCH) works in treating patients with acute lymphoblastic leukemia or lymphoblastic lymphoma. Drugs used in chemotherapy, such as etoposide, prednisone, vincristine sulfate, cyclophosphamide, and doxorubicin, work in different ways to stop the growth of cancer cells, either by killing the cells, by stopping them from dividing, or by stopping them from spreading.",PHASE2,COMPLETED,"Etoposide, Prednisone, Vincristine Sulfate, Cyclophosphamide, and Doxorubicin in Treating Patients With Acute Lymphoblastic Leukemia or Lymphoblastic Lymphoma Acute Lymphoblastic Leukemia, Lymphoblastic Lymphoma This phase II trial studies how well etoposide, prednisone, vincristine sulfate, cyclophosphamide, and doxorubicin (DA-EPOCH) works in treating patients with acute lymphoblastic leukemia or lymphoblastic lymphoma. Drugs used in chemotherapy, such as etoposide, prednisone, vincristine sulfate, cyclophosphamide, and doxorubicin, work in different ways to stop the growth of cancer cells, either by killing the cells, by stopping them from dividing, or by stopping them from spreading."
NCT02791646,Optimizing Delivery of a Behavioral Cancer Pain Intervention Using a SMART,"PCST-Full (Pain Coping Skills Training), PCST-Brief","This trial is a sequential multiple assignment randomized trial (SMART), that will examine response to differing doses of a behavioral cancer pain intervention (Pain Coping Skills Training \[PCST\]) and subsequent response-based adjustments to doses. Cancer patients with pain will initially be randomized to receive either PCST-Full or PCST-Brief. Participants who do not report pain reduction to their initially assigned intervention will be re-randomized to receive either maintenance or an increased level of intervention. Participants who report pain reduction to their initially assigned intervention will be re-randomized to either a maintenance dose or no further treatment. Intervention responses will be compared across conditions using a standard two-sided, two-sample t-test. Techniques typically used for SMART studies will be used to compare intervention dosage sequences across PCTS that adjusts to initial dosage based on patient responses. The risk and safety issues in this trial are low and limited to those common to a psychosocial intervention (e.g., loss of confidentiality).",NA,COMPLETED,"Optimizing Delivery of a Behavioral Cancer Pain Intervention Using a SMART PCST-Full (Pain Coping Skills Training), PCST-Brief This trial is a sequential multiple assignment randomized trial (SMART), that will examine response to differing doses of a behavioral cancer pain intervention (Pain Coping Skills Training \[PCST\]) and subsequent response-based adjustments to doses. Cancer patients with pain will initially be randomized to receive either PCST-Full or PCST-Brief. Participants who do not report pain reduction to their initially assigned intervention will be re-randomized to receive either maintenance or an increased level of intervention. Participants who report pain reduction to their initially assigned intervention will be re-randomized to either a maintenance dose or no further treatment. Intervention responses will be compared across conditions using a standard two-sided, two-sample t-test. Techniques typically used for SMART studies will be used to compare intervention dosage sequences across PCTS that adjusts to initial dosage based on patient responses. The risk and safety issues in this trial are low and limited to those common to a psychosocial intervention (e.g., loss of confidentiality)."
NCT03154346,Project Baseline Health Study,All,"This study is the first initiative of Project Baseline, a broader effort designed to develop a well-defined reference, or ""baseline,"" of good health as well as a rich data platform that may be used to better understand the transition from health to disease and identify additional risk factors for disease. Project Baseline endeavors to test and develop new tools and technologies to collect, organize, and activate health information.",,ACTIVE_NOT_RECRUITING,"Project Baseline Health Study All This study is the first initiative of Project Baseline, a broader effort designed to develop a well-defined reference, or ""baseline,"" of good health as well as a rich data platform that may be used to better understand the transition from health to disease and identify additional risk factors for disease. Project Baseline endeavors to test and develop new tools and technologies to collect, organize, and activate health information."
NCT04125446,Genomic and Epigenomic Alterations After Cancer Treatment in Pregnancy,"Cancer, Pregnancy","The investigators want to obtain a fundamental understanding if and which chemotherapeutic agents used for treating cancer during pregnancy are associated with placental and/or offspring (epi)genetic changes, potentially causing FGR and childhood/adult diseases later in life.",,UNKNOWN,"Genomic and Epigenomic Alterations After Cancer Treatment in Pregnancy Cancer, Pregnancy The investigators want to obtain a fundamental understanding if and which chemotherapeutic agents used for treating cancer during pregnancy are associated with placental and/or offspring (epi)genetic changes, potentially causing FGR and childhood/adult diseases later in life."
NCT00580788,One Week Parathyroid Hormone-related Protein (PTHrP) IV Dose Escalation Study,"Osteoporosis, Humoral Hypercalcemia of Malignancy, Hyperparathyroidism","This is a dose escalation study to determine the maximum tolerable dose of Parathyroid Hormone-related Protein, PTHrP, that can be given safely over one week. The investigators plan to infuse low doses of intravenous PTHrP to determine if it leads to a sustained and progressive suppression of bone formation as occurs in humoral hypercalcemia of malignancy (HHM) or an increase in bone formation as occurs in hyperparathyroidism (HPT). Additionally, the investigators will assess the direct influence of PTHrp on markers of bone turnover, and plasma 1,25 (OH)2 vitamin D regulation in healthy human volunteers.",EARLY_PHASE1,COMPLETED,"One Week Parathyroid Hormone-related Protein (PTHrP) IV Dose Escalation Study Osteoporosis, Humoral Hypercalcemia of Malignancy, Hyperparathyroidism This is a dose escalation study to determine the maximum tolerable dose of Parathyroid Hormone-related Protein, PTHrP, that can be given safely over one week. The investigators plan to infuse low doses of intravenous PTHrP to determine if it leads to a sustained and progressive suppression of bone formation as occurs in humoral hypercalcemia of malignancy (HHM) or an increase in bone formation as occurs in hyperparathyroidism (HPT). Additionally, the investigators will assess the direct influence of PTHrp on markers of bone turnover, and plasma 1,25 (OH)2 vitamin D regulation in healthy human volunteers."
NCT00301288,A Retrospective Study of Toxicity and Outcome of High Dose Chemotherapy With Autologous Stem Cell Transplant in Patients With Non-Hodgkin Lymphoma (NHL).,Non-Hodgkins Lymphoma,"Patients with aggressive Non-Hodgkin-lymphoma treated at first diagnosis with chemotherapy alone or combined chemo-radiotherapy can achieve high response rates. However, patients with relapsed lymphoma still have a poor prognosis. High dose chemotherapy (HDCT) followed by autologous stem cell transplantation (ASCT) is the treatment of choice for these patients. An ASCT allows patients to receive much higher doses of chemotherapy than usual, to improve the chances of curing the disease. The high-dose of chemotherapy destroys the cells in the patients bone marrow and then the patients own cells from either the bone marrow or peripheral blood are used to rescue the patient from intensive treatment. High-dose chemotherapy with autologous stem cell (either bone marrow or peripheral blood) transplantation is used in the treatment of Intermediate/High grade NHL with poor risk disease and in second remission at the Royal Marsden Hospital.

The purpose of the present analysis is to determine independent prognostic factors correlated with the long-term outcome of patients with NHL who received an ASCT between January 1991 and June 2005. Accrual of eligible patients currently under follow-up will be performed in clinic at the time of next appointment. All patients accrued will give informed consent to participate in the study for retrospective case note review, after discussion with a study investigator and after receiving a study information sheet. The results of the analysis will be published in a peer-reviewed medical journal. This will include patients treated at the royal Marsden Hospital only.",,COMPLETED,"A Retrospective Study of Toxicity and Outcome of High Dose Chemotherapy With Autologous Stem Cell Transplant in Patients With Non-Hodgkin Lymphoma (NHL). Non-Hodgkins Lymphoma Patients with aggressive Non-Hodgkin-lymphoma treated at first diagnosis with chemotherapy alone or combined chemo-radiotherapy can achieve high response rates. However, patients with relapsed lymphoma still have a poor prognosis. High dose chemotherapy (HDCT) followed by autologous stem cell transplantation (ASCT) is the treatment of choice for these patients. An ASCT allows patients to receive much higher doses of chemotherapy than usual, to improve the chances of curing the disease. The high-dose of chemotherapy destroys the cells in the patients bone marrow and then the patients own cells from either the bone marrow or peripheral blood are used to rescue the patient from intensive treatment. High-dose chemotherapy with autologous stem cell (either bone marrow or peripheral blood) transplantation is used in the treatment of Intermediate/High grade NHL with poor risk disease and in second remission at the Royal Marsden Hospital.

The purpose of the present analysis is to determine independent prognostic factors correlated with the long-term outcome of patients with NHL who received an ASCT between January 1991 and June 2005. Accrual of eligible patients currently under follow-up will be performed in clinic at the time of next appointment. All patients accrued will give informed consent to participate in the study for retrospective case note review, after discussion with a study investigator and after receiving a study information sheet. The results of the analysis will be published in a peer-reviewed medical journal. This will include patients treated at the royal Marsden Hospital only."
NCT01102088,Simultaneous Integrated Boost (SIB) in Esophageal Cancer,Esophageal Cancer,The goal of this clinical research study is to find the highest tolerable dose of radiation that can be given in combination with chemotherapy in patients with esophageal cancer that cannot be removed by surgery.,PHASE1,COMPLETED,Simultaneous Integrated Boost (SIB) in Esophageal Cancer Esophageal Cancer The goal of this clinical research study is to find the highest tolerable dose of radiation that can be given in combination with chemotherapy in patients with esophageal cancer that cannot be removed by surgery.
NCT01794403,Radiation Hypofractionation Via Extended Versus Accelerated Therapy (HEAT) For Prostate Cancer,Prostate Cancer,Accelerated Hypofractionation Radiotherapy for prostate cancer of 36.25 Gy delivered in 5 fractions will not be inferior to the standard treatment of 70.2 Gy given in 26 fractions with respect to four-year biochemical failure (PSA failure) by Phoenix definition post-treatment completion.,NA,ACTIVE_NOT_RECRUITING,Radiation Hypofractionation Via Extended Versus Accelerated Therapy (HEAT) For Prostate Cancer Prostate Cancer Accelerated Hypofractionation Radiotherapy for prostate cancer of 36.25 Gy delivered in 5 fractions will not be inferior to the standard treatment of 70.2 Gy given in 26 fractions with respect to four-year biochemical failure (PSA failure) by Phoenix definition post-treatment completion.
NCT07180927,DLL3 CAR-T Therapy Targeting Brain Tumors,Glioblastoma of Cerebellum,"The purpose of this study is to assess the feasibility, safety and efficacy of Delta-like ligand 3 (DLL3)-specific CAR-T cell therapy in patients with DLL3 positive brain tumors including glioblastomas and diffused intrinsic pontine or midline gliomas (DIPG or DMG). Another goal of the study is to learn more about the function of the anti-DLL3 CAR-T cells and their persistency in patients.","PHASE1, PHASE2",RECRUITING,"DLL3 CAR-T Therapy Targeting Brain Tumors Glioblastoma of Cerebellum The purpose of this study is to assess the feasibility, safety and efficacy of Delta-like ligand 3 (DLL3)-specific CAR-T cell therapy in patients with DLL3 positive brain tumors including glioblastomas and diffused intrinsic pontine or midline gliomas (DIPG or DMG). Another goal of the study is to learn more about the function of the anti-DLL3 CAR-T cells and their persistency in patients."
NCT04695327,TNFα and IL-2 Coding Oncolytic Adenovirus TILT-123 Monotherapy,Solid Tumor,"This is an open-label, phase 1, dose-escalation, multicenter trial evaluating the safety of oncolytic adenovirus TILT-123 as monotherapy in advanced solid tumor patients.",PHASE1,COMPLETED,"TNFα and IL-2 Coding Oncolytic Adenovirus TILT-123 Monotherapy Solid Tumor This is an open-label, phase 1, dose-escalation, multicenter trial evaluating the safety of oncolytic adenovirus TILT-123 as monotherapy in advanced solid tumor patients."
NCT07533227,Intestinal Microbiota Transplantation for Treating Advanced Tumor Cachexia,"Cachexia; Cancer, Fecal Microbiota Transplantation (FMT)","This project is a prospective, multicenter, single-arm, phase II clinical study aimed at evaluating the efficacy and safety of fecal microbiota transplantation (FMT) in treating advanced tumor cachexia.",PHASE2,NOT_YET_RECRUITING,"Intestinal Microbiota Transplantation for Treating Advanced Tumor Cachexia Cachexia; Cancer, Fecal Microbiota Transplantation (FMT) This project is a prospective, multicenter, single-arm, phase II clinical study aimed at evaluating the efficacy and safety of fecal microbiota transplantation (FMT) in treating advanced tumor cachexia."
NCT00136227,Use and Decision-making About Colorectal Cancer Screening Among Hispanic Men and Women,Colorectal Cancer,"During this first year, the researchers have worked toward identifying factors influencing initiation of colorectal cancer screening among Hispanic men and women aged 50 and older and developing an intervention plan using Intervention Mapping, a framework for systematic health promotion program planning, implementation, and evaluation. The researchers are also currently in the preliminary stages of developing two promotora (lay health worker)-delivered interventions: a small media intervention (video, flip chart, pamphlets) and a tailored interactive multimedia intervention, prior to the actual collection of data. Thus, although 733 subjects have been approved by the Committee for the Protection of Human Subjects to be enrolled in this study in the future, no subjects have been enrolled at this time. Consequently, there have been no adverse events, and since the risks associated with participating in this study are negligible, the researchers do not anticipate any adverse events in the future. No modifications have been made to the research since the last review, other than that the researchers are currently reassessing the need to conduct preliminary qualitative research as proposed in the original protocol.",NA,COMPLETED,"Use and Decision-making About Colorectal Cancer Screening Among Hispanic Men and Women Colorectal Cancer During this first year, the researchers have worked toward identifying factors influencing initiation of colorectal cancer screening among Hispanic men and women aged 50 and older and developing an intervention plan using Intervention Mapping, a framework for systematic health promotion program planning, implementation, and evaluation. The researchers are also currently in the preliminary stages of developing two promotora (lay health worker)-delivered interventions: a small media intervention (video, flip chart, pamphlets) and a tailored interactive multimedia intervention, prior to the actual collection of data. Thus, although 733 subjects have been approved by the Committee for the Protection of Human Subjects to be enrolled in this study in the future, no subjects have been enrolled at this time. Consequently, there have been no adverse events, and since the risks associated with participating in this study are negligible, the researchers do not anticipate any adverse events in the future. No modifications have been made to the research since the last review, other than that the researchers are currently reassessing the need to conduct preliminary qualitative research as proposed in the original protocol."
NCT03700086,Efficacy of NPWT in Reducing the Incidence of Wound Infection After Pancreatic Surgery,Surgical Site Infection,A disposable negative wound pressure device will be compared to standard sterile wound dressing in reducing the rate of wound infection after clean-contaminated surgical procedures on biliary tract and pancreas in patients at high risk for wound infection.,NA,COMPLETED,Efficacy of NPWT in Reducing the Incidence of Wound Infection After Pancreatic Surgery Surgical Site Infection A disposable negative wound pressure device will be compared to standard sterile wound dressing in reducing the rate of wound infection after clean-contaminated surgical procedures on biliary tract and pancreas in patients at high risk for wound infection.
NCT04040686,HER2 Expression Detection in Breast Cancer Using 99mTc-NM-02,Breast Cancer,"A 99mTc-labeled anti-HER2-sdAb (99mTc-NM-02) will be developed for SPECT/CT assessment of HER2 expression in breast cancer patients. Its safety, radiation dosimetry and biodistribution, and the relationship between tumor uptake and HER2 immunohistochemistry results will be investigated.",EARLY_PHASE1,COMPLETED,"HER2 Expression Detection in Breast Cancer Using 99mTc-NM-02 Breast Cancer A 99mTc-labeled anti-HER2-sdAb (99mTc-NM-02) will be developed for SPECT/CT assessment of HER2 expression in breast cancer patients. Its safety, radiation dosimetry and biodistribution, and the relationship between tumor uptake and HER2 immunohistochemistry results will be investigated."
NCT06840886,A Study of PHST001 in Advanced Solid Tumors,"Advanced Solid Tumors, Ovarian Cancer, Endometrial Cancer, Cholangiocarcinoma, CNS Tumor","This is a multi-center, first-in-human (FIH), open-label, Phase 1a/1b dose escalation and dose expansion study to assess the safety, PK, pharmacodynamics, and antitumor activity of PHST001 monotherapy (Phase 1a) or in combination with chemotherapy (Phase 1b) in adult participants with advanced relapsed and/or refractory solid tumors (including but not limited to CNS tumors in Phase 1a only). In Phase 1b cohort expansions, the study will focus on participants with advanced relapsed and/or refractory ovarian cancer, endometrial cancer, and cholangiocarcinoma. The study's primary objective is to evaluate the safety and tolerability of PHST001 and determine the RP2D (Recommended Phase 2 dose) of PHST001 monotherapy and in combination with chemotherapy as well as assess the anti-tumor activity of PHST001 and chemotherapy in Phase 1b.",PHASE1,RECRUITING,"A Study of PHST001 in Advanced Solid Tumors Advanced Solid Tumors, Ovarian Cancer, Endometrial Cancer, Cholangiocarcinoma, CNS Tumor This is a multi-center, first-in-human (FIH), open-label, Phase 1a/1b dose escalation and dose expansion study to assess the safety, PK, pharmacodynamics, and antitumor activity of PHST001 monotherapy (Phase 1a) or in combination with chemotherapy (Phase 1b) in adult participants with advanced relapsed and/or refractory solid tumors (including but not limited to CNS tumors in Phase 1a only). In Phase 1b cohort expansions, the study will focus on participants with advanced relapsed and/or refractory ovarian cancer, endometrial cancer, and cholangiocarcinoma. The study's primary objective is to evaluate the safety and tolerability of PHST001 and determine the RP2D (Recommended Phase 2 dose) of PHST001 monotherapy and in combination with chemotherapy as well as assess the anti-tumor activity of PHST001 and chemotherapy in Phase 1b."
NCT01076270,Plerixafor and Filgrastim For Mobilization of Donor Peripheral Blood Stem Cells Before A Donor Peripheral Blood Stem Cell Transplant in Treating Patients With Hematologic Malignancies,"Accelerated Phase Chronic Myelogenous Leukemia, Adult Acute Lymphoblastic Leukemia in Remission, Adult Acute Myeloid Leukemia in Remission, Adult Acute Myeloid Leukemia With 11q23 (MLL) Abnormalities, Adult Acute Myeloid Leukemia With Inv(16)(p13;q22), Adult Acute Myeloid Leukemia With t(15;17)(q22;q12), Adult Acute Myeloid Leukemia With t(16;16)(p13;q22), Adult Acute Myeloid Leukemia With t(8;21)(q22;q22), Atypical Chronic Myeloid Leukemia, BCR-ABL Negative, Blastic Phase Chronic Myelogenous Leukemia, Chronic Phase Chronic Myelogenous Leukemia, de Novo Myelodysplastic Syndromes, Extranodal Marginal Zone B-cell Lymphoma of Mucosa-associated Lymphoid Tissue, Myelodysplastic/Myeloproliferative Neoplasm, Unclassifiable, Nodal Marginal Zone B-cell Lymphoma, Noncontiguous Stage II Adult Burkitt Lymphoma, Noncontiguous Stage II Adult Diffuse Large Cell Lymphoma, Noncontiguous Stage II Adult Diffuse Mixed Cell Lymphoma, Noncontiguous Stage II Adult Diffuse Small Cleaved Cell Lymphoma, Noncontiguous Stage II Adult Immunoblastic Large Cell Lymphoma, Noncontiguous Stage II Adult Lymphoblastic Lymphoma, Noncontiguous Stage II Grade 1 Follicular Lymphoma, Noncontiguous Stage II Grade 2 Follicular Lymphoma, Noncontiguous Stage II Grade 3 Follicular Lymphoma, Noncontiguous Stage II Mantle Cell Lymphoma, Noncontiguous Stage II Marginal Zone Lymphoma, Noncontiguous Stage II Small Lymphocytic Lymphoma, Previously Treated Myelodysplastic Syndromes, Recurrent Adult Acute Lymphoblastic Leukemia, Recurrent Adult Acute Myeloid Leukemia, Recurrent Adult Burkitt Lymphoma, Recurrent Adult Diffuse Large Cell Lymphoma, Recurrent Adult Diffuse Mixed Cell Lymphoma, Recurrent Adult Diffuse Small Cleaved Cell Lymphoma, Recurrent Adult Hodgkin Lymphoma, Recurrent Adult Immunoblastic Large Cell Lymphoma, Recurrent Adult Lymphoblastic Lymphoma, Recurrent Cutaneous T-cell Non-Hodgkin Lymphoma, Recurrent Grade 1 Follicular Lymphoma, Recurrent Grade 2 Follicular Lymphoma, Recurrent Grade 3 Follicular Lymphoma, Recurrent Mantle Cell Lymphoma, Recurrent Marginal Zone Lymphoma, Recurrent Mycosis Fungoides/Sezary Syndrome, Recurrent Small Lymphocytic Lymphoma, Refractory Chronic Lymphocytic Leukemia, Refractory Hairy Cell Leukemia, Refractory Multiple Myeloma, Relapsing Chronic Myelogenous Leukemia, Secondary Acute Myeloid Leukemia, Secondary Myelodysplastic Syndromes, Splenic Marginal Zone Lymphoma, Stage I Multiple Myeloma, Stage II Multiple Myeloma, Stage III Adult Burkitt Lymphoma, Stage III Adult Diffuse Large Cell Lymphoma, Stage III Adult Diffuse Mixed Cell Lymphoma, Stage III Adult Diffuse Small Cleaved Cell Lymphoma, Stage III Adult Hodgkin Lymphoma, Stage III Adult Immunoblastic Large Cell Lymphoma, Stage III Adult Lymphoblastic Lymphoma, Stage III Chronic Lymphocytic Leukemia, Stage III Grade 1 Follicular Lymphoma, Stage III Grade 2 Follicular Lymphoma, Stage III Grade 3 Follicular Lymphoma, Stage III Mantle Cell Lymphoma, Stage III Marginal Zone Lymphoma, Stage III Multiple Myeloma, Stage III Small Lymphocytic Lymphoma, Stage IV Adult Burkitt Lymphoma, Stage IV Adult Diffuse Large Cell Lymphoma, Stage IV Adult Diffuse Mixed Cell Lymphoma, Stage IV Adult Diffuse Small Cleaved Cell Lymphoma, Stage IV Adult Hodgkin Lymphoma, Stage IV Adult Immunoblastic Large Cell Lymphoma, Stage IV Adult Lymphoblastic Lymphoma, Stage IV Chronic Lymphocytic Leukemia, Stage IV Grade 1 Follicular Lymphoma, Stage IV Grade 2 Follicular Lymphoma, Stage IV Grade 3 Follicular Lymphoma, Stage IV Mantle Cell Lymphoma, Stage IV Marginal Zone Lymphoma, Stage IV Small Lymphocytic Lymphoma","RATIONALE: Giving chemotherapy and total-body irradiation (TBI) before a donor peripheral blood stem cell transplant helps stop the growth of cancer cells and helps stop the patient's immune system from rejecting the donor's stem cells. When the healthy stem cells from a donor are infused into the patient they will help the patient's bone marrow make stem cells, red blood cells, white blood cells, and platelets. Giving colony-stimulating factors, such as filgrastim (G-CSF) and plerixafor, to the donor helps the stem cells move (mobilization) from the bone marrow to the blood so they can be collected and stored.

PURPOSE: This clinical trial is studying giving plerixafor and filgrastim together for mobilization of donor peripheral blood stem cells before a peripheral blood stem cell transplant in treating patients with hematologic malignancies",NA,TERMINATED,"Plerixafor and Filgrastim For Mobilization of Donor Peripheral Blood Stem Cells Before A Donor Peripheral Blood Stem Cell Transplant in Treating Patients With Hematologic Malignancies Accelerated Phase Chronic Myelogenous Leukemia, Adult Acute Lymphoblastic Leukemia in Remission, Adult Acute Myeloid Leukemia in Remission, Adult Acute Myeloid Leukemia With 11q23 (MLL) Abnormalities, Adult Acute Myeloid Leukemia With Inv(16)(p13;q22), Adult Acute Myeloid Leukemia With t(15;17)(q22;q12), Adult Acute Myeloid Leukemia With t(16;16)(p13;q22), Adult Acute Myeloid Leukemia With t(8;21)(q22;q22), Atypical Chronic Myeloid Leukemia, BCR-ABL Negative, Blastic Phase Chronic Myelogenous Leukemia, Chronic Phase Chronic Myelogenous Leukemia, de Novo Myelodysplastic Syndromes, Extranodal Marginal Zone B-cell Lymphoma of Mucosa-associated Lymphoid Tissue, Myelodysplastic/Myeloproliferative Neoplasm, Unclassifiable, Nodal Marginal Zone B-cell Lymphoma, Noncontiguous Stage II Adult Burkitt Lymphoma, Noncontiguous Stage II Adult Diffuse Large Cell Lymphoma, Noncontiguous Stage II Adult Diffuse Mixed Cell Lymphoma, Noncontiguous Stage II Adult Diffuse Small Cleaved Cell Lymphoma, Noncontiguous Stage II Adult Immunoblastic Large Cell Lymphoma, Noncontiguous Stage II Adult Lymphoblastic Lymphoma, Noncontiguous Stage II Grade 1 Follicular Lymphoma, Noncontiguous Stage II Grade 2 Follicular Lymphoma, Noncontiguous Stage II Grade 3 Follicular Lymphoma, Noncontiguous Stage II Mantle Cell Lymphoma, Noncontiguous Stage II Marginal Zone Lymphoma, Noncontiguous Stage II Small Lymphocytic Lymphoma, Previously Treated Myelodysplastic Syndromes, Recurrent Adult Acute Lymphoblastic Leukemia, Recurrent Adult Acute Myeloid Leukemia, Recurrent Adult Burkitt Lymphoma, Recurrent Adult Diffuse Large Cell Lymphoma, Recurrent Adult Diffuse Mixed Cell Lymphoma, Recurrent Adult Diffuse Small Cleaved Cell Lymphoma, Recurrent Adult Hodgkin Lymphoma, Recurrent Adult Immunoblastic Large Cell Lymphoma, Recurrent Adult Lymphoblastic Lymphoma, Recurrent Cutaneous T-cell Non-Hodgkin Lymphoma, Recurrent Grade 1 Follicular Lymphoma, Recurrent Grade 2 Follicular Lymphoma, Recurrent Grade 3 Follicular Lymphoma, Recurrent Mantle Cell Lymphoma, Recurrent Marginal Zone Lymphoma, Recurrent Mycosis Fungoides/Sezary Syndrome, Recurrent Small Lymphocytic Lymphoma, Refractory Chronic Lymphocytic Leukemia, Refractory Hairy Cell Leukemia, Refractory Multiple Myeloma, Relapsing Chronic Myelogenous Leukemia, Secondary Acute Myeloid Leukemia, Secondary Myelodysplastic Syndromes, Splenic Marginal Zone Lymphoma, Stage I Multiple Myeloma, Stage II Multiple Myeloma, Stage III Adult Burkitt Lymphoma, Stage III Adult Diffuse Large Cell Lymphoma, Stage III Adult Diffuse Mixed Cell Lymphoma, Stage III Adult Diffuse Small Cleaved Cell Lymphoma, Stage III Adult Hodgkin Lymphoma, Stage III Adult Immunoblastic Large Cell Lymphoma, Stage III Adult Lymphoblastic Lymphoma, Stage III Chronic Lymphocytic Leukemia, Stage III Grade 1 Follicular Lymphoma, Stage III Grade 2 Follicular Lymphoma, Stage III Grade 3 Follicular Lymphoma, Stage III Mantle Cell Lymphoma, Stage III Marginal Zone Lymphoma, Stage III Multiple Myeloma, Stage III Small Lymphocytic Lymphoma, Stage IV Adult Burkitt Lymphoma, Stage IV Adult Diffuse Large Cell Lymphoma, Stage IV Adult Diffuse Mixed Cell Lymphoma, Stage IV Adult Diffuse Small Cleaved Cell Lymphoma, Stage IV Adult Hodgkin Lymphoma, Stage IV Adult Immunoblastic Large Cell Lymphoma, Stage IV Adult Lymphoblastic Lymphoma, Stage IV Chronic Lymphocytic Leukemia, Stage IV Grade 1 Follicular Lymphoma, Stage IV Grade 2 Follicular Lymphoma, Stage IV Grade 3 Follicular Lymphoma, Stage IV Mantle Cell Lymphoma, Stage IV Marginal Zone Lymphoma, Stage IV Small Lymphocytic Lymphoma RATIONALE: Giving chemotherapy and total-body irradiation (TBI) before a donor peripheral blood stem cell transplant helps stop the growth of cancer cells and helps stop the patient's immune system from rejecting the donor's stem cells. When the healthy stem cells from a donor are infused into the patient they will help the patient's bone marrow make stem cells, red blood cells, white blood cells, and platelets. Giving colony-stimulating factors, such as filgrastim (G-CSF) and plerixafor, to the donor helps the stem cells move (mobilization) from the bone marrow to the blood so they can be collected and stored.

PURPOSE: This clinical trial is studying giving plerixafor and filgrastim together for mobilization of donor peripheral blood stem cells before a peripheral blood stem cell transplant in treating patients with hematologic malignancies"
NCT03324373,Lenvatinib and Everolimus in Renal Cell Carcinoma (RCC),Renal Cell Carcinoma,The purpose of this research study is to see what effect the combination of lenvatinib plus everolimus has in local and metastatic renal cell carcinoma to potentially make surgically unresectable tumors resectable.,PHASE1,COMPLETED,Lenvatinib and Everolimus in Renal Cell Carcinoma (RCC) Renal Cell Carcinoma The purpose of this research study is to see what effect the combination of lenvatinib plus everolimus has in local and metastatic renal cell carcinoma to potentially make surgically unresectable tumors resectable.
NCT00400673,A Risk-Oriented Therapeutic Strategy for Adult Acute Myelogenous Leukemia,Acute Myelogenous Leukemia,"The study was set up to assess:

1. A two-step, increasing-intensity remission induction phase. A conventional chemotherapy course (ICE, plus G-CSF) was followed, in unresponsive patients, by sequential high-dose cytarabine (plus G-CSF), aiming to provide an early effective rescue to as many refractory cases as possible.
2. A risk-oriented postremission consolidation phase. The objective was to adopt allogeneic stem cell transplantation (alloSCT) in high-risk (HR) cases, while standard-risk (SR) ones were consolidated with a multicycle high-dose cytarabine-containing program, which included the use of autologous stem cells plus G-CSF to limit drug-related toxicity and intercycle treatment delays.",PHASE2,COMPLETED,"A Risk-Oriented Therapeutic Strategy for Adult Acute Myelogenous Leukemia Acute Myelogenous Leukemia The study was set up to assess:

1. A two-step, increasing-intensity remission induction phase. A conventional chemotherapy course (ICE, plus G-CSF) was followed, in unresponsive patients, by sequential high-dose cytarabine (plus G-CSF), aiming to provide an early effective rescue to as many refractory cases as possible.
2. A risk-oriented postremission consolidation phase. The objective was to adopt allogeneic stem cell transplantation (alloSCT) in high-risk (HR) cases, while standard-risk (SR) ones were consolidated with a multicycle high-dose cytarabine-containing program, which included the use of autologous stem cells plus G-CSF to limit drug-related toxicity and intercycle treatment delays."
NCT04270773,Immunogenicity and Safety of a 9-valent Human Papillomavirus Vaccine in HIV-positive Women,"HIV Infections, HPV Infection","In adult HIV-positive patients, data on the safety and immunogenicity of the quadrivalent HPV (qHPV) vaccine have been reported with excellent results (13 14); also, the results of a clinical trial of qHPV vaccine conducted in seropositive patients older than 36 years (WLHIV and MSM) have been published.

Even now, there is not a trial about immunogenicity and safety of a 9-valent human papillomavirus vaccine in HIV-positive women; for this reason, the investigators plan to conduct this clinical trial.

HYPOTHESYS: The administration of Nonavalent HPV vaccine (HPV-9) in adult women living with HIV will produce antibodies against nine genotypes of HPV, thus preventing the acquisition of new infections by those genotypes. Besides, this will prevent the cervical and anal dysplasia in these women.",PHASE4,ACTIVE_NOT_RECRUITING,"Immunogenicity and Safety of a 9-valent Human Papillomavirus Vaccine in HIV-positive Women HIV Infections, HPV Infection In adult HIV-positive patients, data on the safety and immunogenicity of the quadrivalent HPV (qHPV) vaccine have been reported with excellent results (13 14); also, the results of a clinical trial of qHPV vaccine conducted in seropositive patients older than 36 years (WLHIV and MSM) have been published.

Even now, there is not a trial about immunogenicity and safety of a 9-valent human papillomavirus vaccine in HIV-positive women; for this reason, the investigators plan to conduct this clinical trial.

HYPOTHESYS: The administration of Nonavalent HPV vaccine (HPV-9) in adult women living with HIV will produce antibodies against nine genotypes of HPV, thus preventing the acquisition of new infections by those genotypes. Besides, this will prevent the cervical and anal dysplasia in these women."
NCT01564069,Intrathecal Therapy for Chronic Non-Cancer Pain: An Analysis of Its Efficacy,Chronic Pain,Our hypothesis is that patients with intrathecal delivery systems for chronic non-cancer pain will report no improvement treatment efficacy when compared to patients with chronic pain managed with oral or systemic opioid therapies. Our secondary hypothesis is that patients with intrathecal delivery systems for chronic non-cancer pain will report no improvement in treatment efficacy when compared to patients with chronic pain who are managed with non-opioid therapies.,,COMPLETED,Intrathecal Therapy for Chronic Non-Cancer Pain: An Analysis of Its Efficacy Chronic Pain Our hypothesis is that patients with intrathecal delivery systems for chronic non-cancer pain will report no improvement treatment efficacy when compared to patients with chronic pain managed with oral or systemic opioid therapies. Our secondary hypothesis is that patients with intrathecal delivery systems for chronic non-cancer pain will report no improvement in treatment efficacy when compared to patients with chronic pain who are managed with non-opioid therapies.
NCT00199069,German Multicenter Trial for Treatment of Newly Diagnosed Acute Lymphoblastic Leukemia in Adults (05/93),Adult Acute Lymphocytic Leukemia,"The study evaluates the efficacy and tolerability of a risk- and subtype-adapted chemotherapy over one year, followed by randomized either intensified or conventional maintenance therapy. It includes a distinct protocol for the subgroup 'mature B-ALL',",PHASE4,COMPLETED,"German Multicenter Trial for Treatment of Newly Diagnosed Acute Lymphoblastic Leukemia in Adults (05/93) Adult Acute Lymphocytic Leukemia The study evaluates the efficacy and tolerability of a risk- and subtype-adapted chemotherapy over one year, followed by randomized either intensified or conventional maintenance therapy. It includes a distinct protocol for the subgroup 'mature B-ALL',"
NCT07410169,Efficacy and Safety of Hyperbaric Oxygen Therapy in Improving Nab-paclitaxel-Induced Peripheral Neuropathy,"Breast Cancer, CIPN - Chemotherapy-Induced Peripheral Neuropathy, Paclitaxel-induced Peripheral Neuropathy",The goal of this research is to assess whether hyperbaric oxygen therapy can alleviate the symptoms of Nab-paclitaxel-induced peripheral neuropathy and improve patient-reported quality of life.,"PHASE2, PHASE3",NOT_YET_RECRUITING,"Efficacy and Safety of Hyperbaric Oxygen Therapy in Improving Nab-paclitaxel-Induced Peripheral Neuropathy Breast Cancer, CIPN - Chemotherapy-Induced Peripheral Neuropathy, Paclitaxel-induced Peripheral Neuropathy The goal of this research is to assess whether hyperbaric oxygen therapy can alleviate the symptoms of Nab-paclitaxel-induced peripheral neuropathy and improve patient-reported quality of life."
NCT06449586,CMV-specific T Cell Immunity Test Indicated Prophylaxis of Letermovir After All-HSCT,Hematologic Malignancy,To evaluate the efficacy of CMV-specific T cell immunity test in prolonged usage of letermovir for avoiding late-onset csCMVi after all-HSCT.,PHASE3,ACTIVE_NOT_RECRUITING,CMV-specific T Cell Immunity Test Indicated Prophylaxis of Letermovir After All-HSCT Hematologic Malignancy To evaluate the efficacy of CMV-specific T cell immunity test in prolonged usage of letermovir for avoiding late-onset csCMVi after all-HSCT.
NCT04340986,Cohort of Patients With Hepatocellular Carcinoma or Cholangiocarcinoma,"Cholangiocarcinoma, Hepatocellular Carcinoma",The main objective is to describe the evolution of patients treated for a primary malignant hepatobiliary tumor (hepatocellular carcinoma or cholangiocarcinoma) over the long course.,,RECRUITING,"Cohort of Patients With Hepatocellular Carcinoma or Cholangiocarcinoma Cholangiocarcinoma, Hepatocellular Carcinoma The main objective is to describe the evolution of patients treated for a primary malignant hepatobiliary tumor (hepatocellular carcinoma or cholangiocarcinoma) over the long course."
NCT01725386,An Observational Study of Xeloda (Capecitabine) in Participants With Metastatic or Advanced Breast Cancer,Breast Cancer,This observational study will evaluate the routine clinical use and the safety and efficacy of capecitabine (Xeloda®) in participants with metastatic or advanced breast cancer. Eligible participants will be followed for up to 24 months.,,COMPLETED,An Observational Study of Xeloda (Capecitabine) in Participants With Metastatic or Advanced Breast Cancer Breast Cancer This observational study will evaluate the routine clinical use and the safety and efficacy of capecitabine (Xeloda®) in participants with metastatic or advanced breast cancer. Eligible participants will be followed for up to 24 months.
NCT06628570,Screening Strategies Among High-risk Populations for Anal Cancer,"Neoplasms, HPV-Related Anal Squamous Cell Carcinoma","The goal of the proposed research is to 1) examine the performance of emerging screening methods for anal high-grade squamous intraepithelial lesion (aHSIL), a precancerous condition of anal cancer, among populations at high risk for anal cancer and 2) characterize DNA methylation, immunologic response, and environmental factors associated with aHSIL.",NA,RECRUITING,"Screening Strategies Among High-risk Populations for Anal Cancer Neoplasms, HPV-Related Anal Squamous Cell Carcinoma The goal of the proposed research is to 1) examine the performance of emerging screening methods for anal high-grade squamous intraepithelial lesion (aHSIL), a precancerous condition of anal cancer, among populations at high risk for anal cancer and 2) characterize DNA methylation, immunologic response, and environmental factors associated with aHSIL."
NCT01393470,Evaluation of Long-term HPV Vaccine Efficacy,Uterine Cervical Cancer,"Summary

For ethical and practical reasons pre-licensure clinical efficacy phase III trials for GSK Biologicals' HPV-16/18 LI VLP AS04 vaccine used cervical intraepithelial grade 2 and above (CIN2+) lesions as surrogate efficacy endpoint for cervical cancer. The long-term impact of HPV vaccination on cervical cancer as well as other HPV-related non- cervical cancers is, however, an area warranting further exploration in the post-licensure setting. Results of the multinational phase III trial demonstrated high vaccine efficacy against CIN2+ associated with HPV-16 and/or HPV-18, significant vaccine efficacy against CIN2+ and CIN3+ irrespective of HPV type in the lesion as well as evidence of protection against CIN2+ associated with HPV types 31 and 45 \[Paavonen, et al. 2009\]. Over time, vaccinated cohorts should benefit from a substantial reduction in the incidence of cervical cancer considering impact on oncogenic non-vaccine HPV types. This long-term study is conducted to evaluate the long-term impact of GSK Biologicals' HPV-16/18 vaccine on the occurrence of cervical pre-cancerous lesions and cervical cancer with the following objectives:

* To assess the long-term efficacy of the HPV-16/18 L1 VLP AS04 vaccine on the occurrence of cervical cancer including its immediate precursors (CIN3+): cervical intraepithelial neoplasia grade 3 (CIN3) and adenocarcinoma in situ (AIS) by comparing cohorts A and C (see below).
* To assess the efficacy of HPV-16/18 L1 VLP AS04 vaccine on the occurrence of the following potentially HPV related non-cervical cancers such as vulvar intraepithelial neoplasia, vaginal intraepithelial neoplasia, anogenital neoplasia and oropharyngeal neoplasia by comparing cohorts A and C (see below)
* To assess as an explanatory objective the occurrence of CIN3+ breakthrough cases associated with HPV-16 or HPV-18 infection in subjects vaccinated with HPV-16/18 L1 VLP AS04 vaccine by close surveillance of cohorts and cross vaccinated cohort B (see below)

This prospective, observational cohort study is undertaken in originally 16-17 year-old Finnish females who have participated in the GSK Biologicals' HPV-008 trial (NCT00122681) with regular clinical follow-up, and can be divided in Cohort A: Female subjects from Finland who received HPV-16/18 L1 VLP AS04 vaccine in the HPV-008 study between May 2004 and May 2005 (N=2409), and Cohort B: Female subjects from Finland who received the Hepatitis A control vaccine in the HPV-008 study (N=2399). All subjects were offered the HPV-16/18 L1 VLP AS04 vaccine or screening for cervical cancer at the end of the study (age 21-22): 50% of the subjects, chose not to take cross-over HPV vaccination at HPV-008 study end. Referent Cohort C: A population-based reference cohort of female subjects from Finland who have not been exposed to any HPV vaccine (either during a HPV vaccine trial, or commercially available vaccine; i.e. Cervarix or Gardasil), enrolled in this study in May - September 2003 or May - September 2005, altogether 15536 subjects).

Prospective data collection will start at the HPV screening invitation for each subject in 2013. Several analyses are planned including an analysis at 8 years post-completion of the HPV-008 study (by 2020) and will provide a total evaluation time of approximately 15 years since first vaccination in the Cohort A.

The study is self-contained for the primary and secondary endpoints. Data from the HPV-008 trial will be used to address exploratory objectives mentioned above. Data collection will be performed using the databases from the University of Tampere.",,UNKNOWN,"Evaluation of Long-term HPV Vaccine Efficacy Uterine Cervical Cancer Summary

For ethical and practical reasons pre-licensure clinical efficacy phase III trials for GSK Biologicals' HPV-16/18 LI VLP AS04 vaccine used cervical intraepithelial grade 2 and above (CIN2+) lesions as surrogate efficacy endpoint for cervical cancer. The long-term impact of HPV vaccination on cervical cancer as well as other HPV-related non- cervical cancers is, however, an area warranting further exploration in the post-licensure setting. Results of the multinational phase III trial demonstrated high vaccine efficacy against CIN2+ associated with HPV-16 and/or HPV-18, significant vaccine efficacy against CIN2+ and CIN3+ irrespective of HPV type in the lesion as well as evidence of protection against CIN2+ associated with HPV types 31 and 45 \[Paavonen, et al. 2009\]. Over time, vaccinated cohorts should benefit from a substantial reduction in the incidence of cervical cancer considering impact on oncogenic non-vaccine HPV types. This long-term study is conducted to evaluate the long-term impact of GSK Biologicals' HPV-16/18 vaccine on the occurrence of cervical pre-cancerous lesions and cervical cancer with the following objectives:

* To assess the long-term efficacy of the HPV-16/18 L1 VLP AS04 vaccine on the occurrence of cervical cancer including its immediate precursors (CIN3+): cervical intraepithelial neoplasia grade 3 (CIN3) and adenocarcinoma in situ (AIS) by comparing cohorts A and C (see below).
* To assess the efficacy of HPV-16/18 L1 VLP AS04 vaccine on the occurrence of the following potentially HPV related non-cervical cancers such as vulvar intraepithelial neoplasia, vaginal intraepithelial neoplasia, anogenital neoplasia and oropharyngeal neoplasia by comparing cohorts A and C (see below)
* To assess as an explanatory objective the occurrence of CIN3+ breakthrough cases associated with HPV-16 or HPV-18 infection in subjects vaccinated with HPV-16/18 L1 VLP AS04 vaccine by close surveillance of cohorts and cross vaccinated cohort B (see below)

This prospective, observational cohort study is undertaken in originally 16-17 year-old Finnish females who have participated in the GSK Biologicals' HPV-008 trial (NCT00122681) with regular clinical follow-up, and can be divided in Cohort A: Female subjects from Finland who received HPV-16/18 L1 VLP AS04 vaccine in the HPV-008 study between May 2004 and May 2005 (N=2409), and Cohort B: Female subjects from Finland who received the Hepatitis A control vaccine in the HPV-008 study (N=2399). All subjects were offered the HPV-16/18 L1 VLP AS04 vaccine or screening for cervical cancer at the end of the study (age 21-22): 50% of the subjects, chose not to take cross-over HPV vaccination at HPV-008 study end. Referent Cohort C: A population-based reference cohort of female subjects from Finland who have not been exposed to any HPV vaccine (either during a HPV vaccine trial, or commercially available vaccine; i.e. Cervarix or Gardasil), enrolled in this study in May - September 2003 or May - September 2005, altogether 15536 subjects).

Prospective data collection will start at the HPV screening invitation for each subject in 2013. Several analyses are planned including an analysis at 8 years post-completion of the HPV-008 study (by 2020) and will provide a total evaluation time of approximately 15 years since first vaccination in the Cohort A.

The study is self-contained for the primary and secondary endpoints. Data from the HPV-008 trial will be used to address exploratory objectives mentioned above. Data collection will be performed using the databases from the University of Tampere."
NCT04724070,PRecision Oncology CUhk pRogrammE (PRO-CURE),Gastrointestinal Cancers,"The main aim of this project is to establish an innovative model of a comprehensive precision oncology platform to help individualizing drug therapy for patients with advanced cancers at The Chinese University of Hong Kong. The other objectives include to optimize the genomic matching and access of patients with unique cancer subtypes to the relevant clinical trials of novel therapies, and to construct a personalized drug screening platform for individuals using novel cancer models established from patient-derived cancer cells and tissues. Other objectives include to investigate the utility and feasibility of genomic sequencing using circulating tumor DNA(ctDNA), and to establish a biobank of tumor tissues derived from patients with unique cancer subtypes.",,RECRUITING,"PRecision Oncology CUhk pRogrammE (PRO-CURE) Gastrointestinal Cancers The main aim of this project is to establish an innovative model of a comprehensive precision oncology platform to help individualizing drug therapy for patients with advanced cancers at The Chinese University of Hong Kong. The other objectives include to optimize the genomic matching and access of patients with unique cancer subtypes to the relevant clinical trials of novel therapies, and to construct a personalized drug screening platform for individuals using novel cancer models established from patient-derived cancer cells and tissues. Other objectives include to investigate the utility and feasibility of genomic sequencing using circulating tumor DNA(ctDNA), and to establish a biobank of tumor tissues derived from patients with unique cancer subtypes."
NCT05452473,CDSS-assisted UGI Endoscopy vs. Routine Screening Endoscopy,Healthy Individual,This study aimed to find the CDSS-assisted upper GI endoscopy has clinical benefit compared to conventional routine screening upper GI endoscopy. Investigators will conduct a pilot randomized controlled study. Consecutive patients will be allocated either to CDSS-assisted upper GI endoscopy or conventional routine screening upper GI endoscopy. The lesion detection rate will be compared between both groups.,NA,UNKNOWN,CDSS-assisted UGI Endoscopy vs. Routine Screening Endoscopy Healthy Individual This study aimed to find the CDSS-assisted upper GI endoscopy has clinical benefit compared to conventional routine screening upper GI endoscopy. Investigators will conduct a pilot randomized controlled study. Consecutive patients will be allocated either to CDSS-assisted upper GI endoscopy or conventional routine screening upper GI endoscopy. The lesion detection rate will be compared between both groups.
NCT05460273,"A Study of Dato-DXd in Chinese Patients With Advanced Non-Small Cell Lung Cancer, Triple-negative Breast Cancer and Other Solid Tumors (TROPION-PanTumor02)","Carcinoma, Non-Small-Cell Lung, Triple Negative Breast Cancer","Researchers are looking for a better way to treat advanced Triple-Negative Breast Cancer (TNBC) and Non-Small-Cell Lung Cancer (NSCLC). ""Advanced"" usually means that the cancer keeps growing even with treatment. The cancer may also be ""metastatic"", which means that it has spread to other parts of the body or the surrounding tissue.

The study drug, Datopotamab deruxtecan, is designed to work by attaching to the tumor cells and stopping the tumor growth. Datopotamab deruxtecan is also known as Dato-DXd.

In this study, the researchers want to find out how well Dato-DXd works to stop tumors from growing in Chinese participants with NCSLC or TNBC. This is the first time Dato-DXd is being studied in Chinese population.

Participants in this study will get Dato-DXd through a needle as an injection. They will get 1 dose of Dato-DXd every 3 weeks until their cancer gets worse or they leave the study for another reason.

Participants will visit their study sites at least once every 3 weeks for as long as they are in the study. The study doctors will take blood samples every 3 weeks and take images of the participants' tumors every 6 weeks until the participant leaves the study.","PHASE1, PHASE2",ACTIVE_NOT_RECRUITING,"A Study of Dato-DXd in Chinese Patients With Advanced Non-Small Cell Lung Cancer, Triple-negative Breast Cancer and Other Solid Tumors (TROPION-PanTumor02) Carcinoma, Non-Small-Cell Lung, Triple Negative Breast Cancer Researchers are looking for a better way to treat advanced Triple-Negative Breast Cancer (TNBC) and Non-Small-Cell Lung Cancer (NSCLC). ""Advanced"" usually means that the cancer keeps growing even with treatment. The cancer may also be ""metastatic"", which means that it has spread to other parts of the body or the surrounding tissue.

The study drug, Datopotamab deruxtecan, is designed to work by attaching to the tumor cells and stopping the tumor growth. Datopotamab deruxtecan is also known as Dato-DXd.

In this study, the researchers want to find out how well Dato-DXd works to stop tumors from growing in Chinese participants with NCSLC or TNBC. This is the first time Dato-DXd is being studied in Chinese population.

Participants in this study will get Dato-DXd through a needle as an injection. They will get 1 dose of Dato-DXd every 3 weeks until their cancer gets worse or they leave the study for another reason.

Participants will visit their study sites at least once every 3 weeks for as long as they are in the study. The study doctors will take blood samples every 3 weeks and take images of the participants' tumors every 6 weeks until the participant leaves the study."
NCT04300673,Radio Guided Lymph Node Dissection in Oligometastatic Prostate Cancer Patients,"Prostate Cancer, Lymph Node Metastases","The study is a prospective, single arm phase I/II study. The primary aim of this study is to evaluate the feasibility of 111In-PSMA I\&T radio guided surgery in patients diagnosed with prostate cancer who are highly suspected of having one or more pelvic lymph node metastases based on pre-operative imaging.

Patients with prostate cancer who have a high risk of lymph node metastases based on PSMA PET/CT and scheduled for robot-assisted PLND (with or without prostatectomy) will be recruited. Eligible patients will receive an additional ferumoxtran-10 enhanced MRI to complement pre-operative imaging. Twenty-four hours before surgery, patients will receive the radiolabelled PSMA tracer. Pelvic Lymph node dissections are carried out according to standard of care procedures. During surgery, the surgeon will be provided with a gamma-probe to detect PSMA expressing lymph nodes in vivo. Dissected samples will be systematically assessed on tracer accumulation using the gamma-probe ex vivo. After surgery, the samples will be scanned in the small animal SPECT/CT and 7T-MRI. After scanning, samples will be presented to pathologists for pathological analysis according to standard of care including staining for PSMA expression. At 3 months after surgery, patients will undergo a PSMA-PET/CT. Up until one year after surgery patients will be followed according to standard of care-guidelines by 3-monthly serum-PSA measurements.","PHASE1, PHASE2",UNKNOWN,"Radio Guided Lymph Node Dissection in Oligometastatic Prostate Cancer Patients Prostate Cancer, Lymph Node Metastases The study is a prospective, single arm phase I/II study. The primary aim of this study is to evaluate the feasibility of 111In-PSMA I\&T radio guided surgery in patients diagnosed with prostate cancer who are highly suspected of having one or more pelvic lymph node metastases based on pre-operative imaging.

Patients with prostate cancer who have a high risk of lymph node metastases based on PSMA PET/CT and scheduled for robot-assisted PLND (with or without prostatectomy) will be recruited. Eligible patients will receive an additional ferumoxtran-10 enhanced MRI to complement pre-operative imaging. Twenty-four hours before surgery, patients will receive the radiolabelled PSMA tracer. Pelvic Lymph node dissections are carried out according to standard of care procedures. During surgery, the surgeon will be provided with a gamma-probe to detect PSMA expressing lymph nodes in vivo. Dissected samples will be systematically assessed on tracer accumulation using the gamma-probe ex vivo. After surgery, the samples will be scanned in the small animal SPECT/CT and 7T-MRI. After scanning, samples will be presented to pathologists for pathological analysis according to standard of care including staining for PSMA expression. At 3 months after surgery, patients will undergo a PSMA-PET/CT. Up until one year after surgery patients will be followed according to standard of care-guidelines by 3-monthly serum-PSA measurements."
NCT02627573,Trial of GVHD Prophylasxis With PTCy or Thymoglobulin in Unrelated SCT,"Leukemia, Chronic Myeloid, Myelodysplastic Syndromes, Leukemia, Myeloid, Chronic, Atypical, BCR-ABL Negative","Purpose There is a growing evidence of high efficacy of post-transplantation cyclophocphomide (PTCy)-based GVHD prophylaxis in haploidentical and matched related and unrelated bone marrow transplantation. There is limitted, but growing data on safety and efficacy of this prophylaxis in unrelated and peripheral blood stem cell transplantations. Use of PTCy in chronic myeloproliferative neoplasms and myelodisplatic syndrome is of particular interest. On the one hand, PTCy could reduce the incidence of chronic GVHD and long-term bormidity. On the other hand, there is a concern, that PTCy can increase the incidence of graft failures in this group of patients. Currently published data indicate that low-dose Thymoglobulin-based prophylaxis is the most promissing compatitor in terms of acute and chronic GVHD control. So there is a rationale to randomize Thymoglobulin and PTCy as GVHD prophilaxis. Pre-transplant assesment of moratlity (PAM)-index will be used as the strata for randomization, as it is the paramter that takes into account the most important factors effecting survival. The conditioning regimen and the other two components of GVHD prophylaxis (mycophenolate mofetil and tacrolimus) will be identical in the two arms of the study.",PHASE2,TERMINATED,"Trial of GVHD Prophylasxis With PTCy or Thymoglobulin in Unrelated SCT Leukemia, Chronic Myeloid, Myelodysplastic Syndromes, Leukemia, Myeloid, Chronic, Atypical, BCR-ABL Negative Purpose There is a growing evidence of high efficacy of post-transplantation cyclophocphomide (PTCy)-based GVHD prophylaxis in haploidentical and matched related and unrelated bone marrow transplantation. There is limitted, but growing data on safety and efficacy of this prophylaxis in unrelated and peripheral blood stem cell transplantations. Use of PTCy in chronic myeloproliferative neoplasms and myelodisplatic syndrome is of particular interest. On the one hand, PTCy could reduce the incidence of chronic GVHD and long-term bormidity. On the other hand, there is a concern, that PTCy can increase the incidence of graft failures in this group of patients. Currently published data indicate that low-dose Thymoglobulin-based prophylaxis is the most promissing compatitor in terms of acute and chronic GVHD control. So there is a rationale to randomize Thymoglobulin and PTCy as GVHD prophilaxis. Pre-transplant assesment of moratlity (PAM)-index will be used as the strata for randomization, as it is the paramter that takes into account the most important factors effecting survival. The conditioning regimen and the other two components of GVHD prophylaxis (mycophenolate mofetil and tacrolimus) will be identical in the two arms of the study."
NCT00773669,Male Breast Cancer Summa Health System/Akron City Hospital Experience 1995-2007,Breast Cancer,"The primary goal of this retrospective study is to evaluate the male breast cancer patient population at Summa Health System/Akron City Hospital over a period of 18 years and compare the findings to historical data.

The objectives are to:

* identify risk factors.
* evaluate stage and histology at the time of presentation.
* document treatment modalities and outcomes.
* analyze outcomes for comparison to historical data.",,COMPLETED,"Male Breast Cancer Summa Health System/Akron City Hospital Experience 1995-2007 Breast Cancer The primary goal of this retrospective study is to evaluate the male breast cancer patient population at Summa Health System/Akron City Hospital over a period of 18 years and compare the findings to historical data.

The objectives are to:

* identify risk factors.
* evaluate stage and histology at the time of presentation.
* document treatment modalities and outcomes.
* analyze outcomes for comparison to historical data."
NCT03657069,Blossom Smart Expander Technology in Breast Reconstruction in Participants With Breast Cancer Undergoing Mastectomy,"Breast Carcinoma, Breast Disorder","This phase 1 trial studies how well Blossom Smart Expander Technology works in breast reconstruction in participants with breast cancer undergoing mastectomy. Blossom Smart Expander Technology allows for slow and continuous injection of small amounts of saline, from an external pouch and based on precise pressure and volume measurements, into breast expander implants. It may help in achieving the same reconstructive goals as conventional tissue expansion in a shorter period of time and while avoiding frequent injections through the skin, which cause patient discomfort and require many clinic visits.",NA,COMPLETED,"Blossom Smart Expander Technology in Breast Reconstruction in Participants With Breast Cancer Undergoing Mastectomy Breast Carcinoma, Breast Disorder This phase 1 trial studies how well Blossom Smart Expander Technology works in breast reconstruction in participants with breast cancer undergoing mastectomy. Blossom Smart Expander Technology allows for slow and continuous injection of small amounts of saline, from an external pouch and based on precise pressure and volume measurements, into breast expander implants. It may help in achieving the same reconstructive goals as conventional tissue expansion in a shorter period of time and while avoiding frequent injections through the skin, which cause patient discomfort and require many clinic visits."
NCT00003769,Perillyl Alcohol Followed by Surgery in Treating Patients With Stage II or Stage III Pancreatic Cancer,Pancreatic Cancer,"RATIONALE: Drugs used in chemotherapy use different ways to stop tumor cells from dividing so they stop growing or die. Giving chemotherapy before surgery may shrink the tumor so that it can be removed during surgery.

PURPOSE: Phase II trial to study the effectiveness of perillyl alcohol followed by surgery in treating patients who have stage II or stage III pancreatic cancer.",PHASE2,COMPLETED,"Perillyl Alcohol Followed by Surgery in Treating Patients With Stage II or Stage III Pancreatic Cancer Pancreatic Cancer RATIONALE: Drugs used in chemotherapy use different ways to stop tumor cells from dividing so they stop growing or die. Giving chemotherapy before surgery may shrink the tumor so that it can be removed during surgery.

PURPOSE: Phase II trial to study the effectiveness of perillyl alcohol followed by surgery in treating patients who have stage II or stage III pancreatic cancer."
NCT01471483,Geriatric Assessment and Nursing Telephone Intervention in Elderly Women With Ovarian Cancer,"Ovarian Cancer, Peritoneal Cancer, Fallopian Tube Cancer","Older woman with ovarian cancer have a worse prognosis compared to younger patients. However, the reason is not known. Currently, the standard of care is to evaluate younger and older patients with cancer the same way. However, older patients with cancer often have more complicated issues to manage. For example, older patients often have other medical problems, take more medications, and be dependent on others for help and transportation. Too often, the medical team is unaware of these issues which can effect the patients care.

The purpose of this study is to apply a set of questions designed specifically for patients with cancer who are older than 65 years of age. These questions are called a geriatric assessment.

The investigators want to better understand which older patients with ovarian cancer will be able to tolerate the chemotherapy and surgery and why. This study will also see if a telephone call from a nurse who specializes in caring for older patients will improve patient care. This study will determine how feasible it is to perform geriatric assessments and telephone calls in patients with ovarian cancer.",,COMPLETED,"Geriatric Assessment and Nursing Telephone Intervention in Elderly Women With Ovarian Cancer Ovarian Cancer, Peritoneal Cancer, Fallopian Tube Cancer Older woman with ovarian cancer have a worse prognosis compared to younger patients. However, the reason is not known. Currently, the standard of care is to evaluate younger and older patients with cancer the same way. However, older patients with cancer often have more complicated issues to manage. For example, older patients often have other medical problems, take more medications, and be dependent on others for help and transportation. Too often, the medical team is unaware of these issues which can effect the patients care.

The purpose of this study is to apply a set of questions designed specifically for patients with cancer who are older than 65 years of age. These questions are called a geriatric assessment.

The investigators want to better understand which older patients with ovarian cancer will be able to tolerate the chemotherapy and surgery and why. This study will also see if a telephone call from a nurse who specializes in caring for older patients will improve patient care. This study will determine how feasible it is to perform geriatric assessments and telephone calls in patients with ovarian cancer."
NCT02545283,A Study of Idasanutlin With Cytarabine Versus Cytarabine Plus Placebo in Participants With Relapsed or Refractory Acute Myeloid Leukemia (AML),"Leukemia, Myeloid, Acute","This is a multicenter, double-blind, randomized, placebo-controlled study designed to compare overall survival in participants with relapsed or refractory AML treated with idasanutlin in combination with cytarabine versus participants treated with placebo and cytarabine. Participants will receive induction treatment with idasanutlin/placebo and cytarabine (Cycle 1). Responding participants may continue to receive a maximum of further two cycles of consolidation (Cycle 2 and Cycle 3). Complete remission (CR), CR with incomplete platelet count recovery (CRp), overall remission rate (ORR), event-free survival (EFS) and percentage of participants with an allogeneic hematopoietic stem cell transplant (HSCT) will also be compared between treatment arms. This study will include participants with and without TP53 wild type (TP53 WT) mutations.",PHASE3,TERMINATED,"A Study of Idasanutlin With Cytarabine Versus Cytarabine Plus Placebo in Participants With Relapsed or Refractory Acute Myeloid Leukemia (AML) Leukemia, Myeloid, Acute This is a multicenter, double-blind, randomized, placebo-controlled study designed to compare overall survival in participants with relapsed or refractory AML treated with idasanutlin in combination with cytarabine versus participants treated with placebo and cytarabine. Participants will receive induction treatment with idasanutlin/placebo and cytarabine (Cycle 1). Responding participants may continue to receive a maximum of further two cycles of consolidation (Cycle 2 and Cycle 3). Complete remission (CR), CR with incomplete platelet count recovery (CRp), overall remission rate (ORR), event-free survival (EFS) and percentage of participants with an allogeneic hematopoietic stem cell transplant (HSCT) will also be compared between treatment arms. This study will include participants with and without TP53 wild type (TP53 WT) mutations."
NCT03117283,Laparoscopic Total Gastrectomy With Versus Without Bursectomy,"Laparoscopic Gastrectomy, Laparoscopic Bursectomy, A Left Outside Bursa Omentalis Approach","Bursectomy is widely performed in open surgery for advanced gastric cancer in East Asia. However laparoscopic D2 radical total gastrectomy with complete bursectomy is difficult and rare performed. Herein, we conduct a single-centre randomized controlled trial to explore the safety and feasibility of totally laparoscopic D2 radical total gastrectomy using a left outside bursa omentalis approach for achieving complete bursectomy.",PHASE2,UNKNOWN,"Laparoscopic Total Gastrectomy With Versus Without Bursectomy Laparoscopic Gastrectomy, Laparoscopic Bursectomy, A Left Outside Bursa Omentalis Approach Bursectomy is widely performed in open surgery for advanced gastric cancer in East Asia. However laparoscopic D2 radical total gastrectomy with complete bursectomy is difficult and rare performed. Herein, we conduct a single-centre randomized controlled trial to explore the safety and feasibility of totally laparoscopic D2 radical total gastrectomy using a left outside bursa omentalis approach for achieving complete bursectomy."
NCT01968941,Stereotactic Body Radiotherapy Versus Conventional Radiotherapy in Medically-Inoperable Non-Small Lung Cancer Patients,Non-small Cell Lung Cancer,"A multi-centre randomized controlled open-label trial in medically inoperable patients with biopsy-proven early stage non-small cell lung cancer (NSCLC). Eligible and consenting patients will be randomly allocated to receive stereotactic body radiotherapy (SBRT) or conventional radiotherapy (CRT) in a 2:1 ratio. Radiotherapy will be administered as soon as possible following randomization and subjects will be followed for 5 years post-randomization for cancer recurrence, toxicity and survival. The primary outcome is local control (LC). The trial will be conducted at 16-20 clinical centres throughout Canada.",PHASE3,COMPLETED,"Stereotactic Body Radiotherapy Versus Conventional Radiotherapy in Medically-Inoperable Non-Small Lung Cancer Patients Non-small Cell Lung Cancer A multi-centre randomized controlled open-label trial in medically inoperable patients with biopsy-proven early stage non-small cell lung cancer (NSCLC). Eligible and consenting patients will be randomly allocated to receive stereotactic body radiotherapy (SBRT) or conventional radiotherapy (CRT) in a 2:1 ratio. Radiotherapy will be administered as soon as possible following randomization and subjects will be followed for 5 years post-randomization for cancer recurrence, toxicity and survival. The primary outcome is local control (LC). The trial will be conducted at 16-20 clinical centres throughout Canada."
NCT07383441,Adding Biotherapy or Placebo to Standard Treatment for Advanced Kidney Cancer,"Advanced Clear Cell Renal Cell Carcinoma, Metastatic Clear Cell Renal Cell Carcinoma, Stage III Renal Cell Cancer AJCC v8, Stage IV Renal Cell Cancer AJCC v8","This phase III trial compares the effect of adding live biotherapy, MO-03, to standard of care (SOC) immunotherapy, including ipilimumab, nivolumab, axitinib, pembrolizumab, cabozantinib, and lenvatinib, to SOC immunotherapy alone in treating patients with clear cell renal cell cancer that may have spread from where it first started (primary site) to nearby tissue, lymph nodes, or distant parts of the body (advanced) or that has spread from where it first started to other places in the body (metastatic). Studies have shown that gut health (the gut microbiome) may impact the effectiveness of immunotherapy. The microbiome includes all of the bacteria and organisms naturally found in the digestive tract. MO-03, a type of biotherapy, contains material from living organisms that may help keep the digestive tract healthy and may help to increase the effect of immunotherapy. Immunotherapy with monoclonal antibodies, such as ipilimumab, nivolumab, pembrolizumab, may help the body's immune system attack the tumor, and may interfere with the ability of tumor cells to grow and spread. Axitinib, cabozantinib, and lenvatinib are a type of angiogenesis inhibitor and tyrosine kinase inhibitor (TKI) that block certain proteins which may help keep tumor cells from growing and may also help prevent the growth of new blood vessels that tumors need to grow. Adding MO-03 to SOC immunotherapy may be more effective than SOC immunotherapy alone in treating patients with advanced or metastatic clear cell renal cell cancer.",PHASE3,NOT_YET_RECRUITING,"Adding Biotherapy or Placebo to Standard Treatment for Advanced Kidney Cancer Advanced Clear Cell Renal Cell Carcinoma, Metastatic Clear Cell Renal Cell Carcinoma, Stage III Renal Cell Cancer AJCC v8, Stage IV Renal Cell Cancer AJCC v8 This phase III trial compares the effect of adding live biotherapy, MO-03, to standard of care (SOC) immunotherapy, including ipilimumab, nivolumab, axitinib, pembrolizumab, cabozantinib, and lenvatinib, to SOC immunotherapy alone in treating patients with clear cell renal cell cancer that may have spread from where it first started (primary site) to nearby tissue, lymph nodes, or distant parts of the body (advanced) or that has spread from where it first started to other places in the body (metastatic). Studies have shown that gut health (the gut microbiome) may impact the effectiveness of immunotherapy. The microbiome includes all of the bacteria and organisms naturally found in the digestive tract. MO-03, a type of biotherapy, contains material from living organisms that may help keep the digestive tract healthy and may help to increase the effect of immunotherapy. Immunotherapy with monoclonal antibodies, such as ipilimumab, nivolumab, pembrolizumab, may help the body's immune system attack the tumor, and may interfere with the ability of tumor cells to grow and spread. Axitinib, cabozantinib, and lenvatinib are a type of angiogenesis inhibitor and tyrosine kinase inhibitor (TKI) that block certain proteins which may help keep tumor cells from growing and may also help prevent the growth of new blood vessels that tumors need to grow. Adding MO-03 to SOC immunotherapy may be more effective than SOC immunotherapy alone in treating patients with advanced or metastatic clear cell renal cell cancer."
NCT02013154,A Study of DKN-01 in Combination With Paclitaxel or Pembrolizumab,"Esophageal Neoplasms, Adenocarcinoma of the Gastroesophageal Junction, Gastroesophageal Cancer, Squamous Cell Carcinoma, Gastric Adenocarcinoma",A study to evaluate the safety and tolerability of DKN-01 in combination with weekly paclitaxel or pembrolizumab in participants with relapsed or refractory Esophagogastric Malignancies,PHASE1,COMPLETED,"A Study of DKN-01 in Combination With Paclitaxel or Pembrolizumab Esophageal Neoplasms, Adenocarcinoma of the Gastroesophageal Junction, Gastroesophageal Cancer, Squamous Cell Carcinoma, Gastric Adenocarcinoma A study to evaluate the safety and tolerability of DKN-01 in combination with weekly paclitaxel or pembrolizumab in participants with relapsed or refractory Esophagogastric Malignancies"
NCT07101354,Research on PSMA-Targeted Intraoperative Fluorescent Imaging Agents,"Prostate Cancer Patients Undergoing Radical Prostatectomy, Prostate CA","Phase I:

Primary Research Objective:

Evaluate the safety, tolerability, and pharmacokinetic characteristics of a single dose of DGPR1008 in healthy subjects.

Secondary Research Objective:

Based on the safety and pharmacokinetic results, assess the maximum tolerated dose (MTD) and the recommended phase II dose (RP2D) of DGPR1008.",PHASE1,COMPLETED,"Research on PSMA-Targeted Intraoperative Fluorescent Imaging Agents Prostate Cancer Patients Undergoing Radical Prostatectomy, Prostate CA Phase I:

Primary Research Objective:

Evaluate the safety, tolerability, and pharmacokinetic characteristics of a single dose of DGPR1008 in healthy subjects.

Secondary Research Objective:

Based on the safety and pharmacokinetic results, assess the maximum tolerated dose (MTD) and the recommended phase II dose (RP2D) of DGPR1008."
NCT07370805,18F-FAPI PET in Lung Cancer,Lung Cancer (Diagnosis),This study aims to evaluate the diagnostic efficacy and prognostic value of 18F-FAPI PET/CT in lung cancer.,,NOT_YET_RECRUITING,18F-FAPI PET in Lung Cancer Lung Cancer (Diagnosis) This study aims to evaluate the diagnostic efficacy and prognostic value of 18F-FAPI PET/CT in lung cancer.
NCT01858805,Circulating Tumor Cells as a Biomarker for Preoperative Prognostic Staging in Patients With Esophageal Cancer,Resectable Esophageal Cancer,"Despite the availability of several preoperative diagnostic techniques, accurate pretreatment staging of esophageal cancer (EC) remains challenging. Therefore, The investigators evaluated the prognostic significance of circulating tumor cells (CTCs) in patients with EC.",,COMPLETED,"Circulating Tumor Cells as a Biomarker for Preoperative Prognostic Staging in Patients With Esophageal Cancer Resectable Esophageal Cancer Despite the availability of several preoperative diagnostic techniques, accurate pretreatment staging of esophageal cancer (EC) remains challenging. Therefore, The investigators evaluated the prognostic significance of circulating tumor cells (CTCs) in patients with EC."
NCT04681105,Flotetuzumab for the Treatment of Relapsed or Refractory Advanced CD123-Positive Hematological Malignancies,"Recurrent Acute Leukemia, Recurrent B Acute Lymphoblastic Leukemia, Recurrent Blastic Plasmacytoid Dendritic Cell Neoplasm, Recurrent Chronic Myelogenous Leukemia, BCR-ABL1 Positive, Recurrent Hairy Cell Leukemia, Recurrent Hematologic Malignancy, Recurrent Hodgkin Lymphoma, Recurrent T Acute Lymphoblastic Leukemia, Refractory Acute Leukemia, Refractory B Acute Lymphoblastic Leukemia, Refractory Blastic Plasmacytoid Dendritic Cell Neoplasm, Refractory Chronic Myelogenous Leukemia, BCR-ABL1 Positive, Refractory Hairy Cell Leukemia, Refractory Hematologic Malignancy, Refractory Hodgkin Lymphoma, Refractory T Acute Lymphoblastic Leukemia, Systemic Mastocytosis",This phase I trial studies the best dose and side effects of flotetuzumab for the treatment of patients with blood cancers (hematological malignancies) that have spread to other places in the body (advanced) and have come back after a period of improvement (relapsed) or does not respond to treatment (refractory). Flotetuzumab is a monoclonal antibody that may interfere with the ability of cancer cells to grow and spread.,PHASE1,COMPLETED,"Flotetuzumab for the Treatment of Relapsed or Refractory Advanced CD123-Positive Hematological Malignancies Recurrent Acute Leukemia, Recurrent B Acute Lymphoblastic Leukemia, Recurrent Blastic Plasmacytoid Dendritic Cell Neoplasm, Recurrent Chronic Myelogenous Leukemia, BCR-ABL1 Positive, Recurrent Hairy Cell Leukemia, Recurrent Hematologic Malignancy, Recurrent Hodgkin Lymphoma, Recurrent T Acute Lymphoblastic Leukemia, Refractory Acute Leukemia, Refractory B Acute Lymphoblastic Leukemia, Refractory Blastic Plasmacytoid Dendritic Cell Neoplasm, Refractory Chronic Myelogenous Leukemia, BCR-ABL1 Positive, Refractory Hairy Cell Leukemia, Refractory Hematologic Malignancy, Refractory Hodgkin Lymphoma, Refractory T Acute Lymphoblastic Leukemia, Systemic Mastocytosis This phase I trial studies the best dose and side effects of flotetuzumab for the treatment of patients with blood cancers (hematological malignancies) that have spread to other places in the body (advanced) and have come back after a period of improvement (relapsed) or does not respond to treatment (refractory). Flotetuzumab is a monoclonal antibody that may interfere with the ability of cancer cells to grow and spread."
NCT06234605,A Study of HC-7366 in Combination With Belzutifan (WELIREG™) in Patients With Renal Cell Carcinoma,Renal Cell Carcinoma,"This is a Phase 1b, open-label, multicenter, safety, tolerability and efficacy study of HC-7366 in combination with belzutifan (WELIREG™). This is a multipart study that consists of a HC-7366 monotherapy cohort, a combination dose escalation, and a combination dose expansion. Approximately 80 patients will be enrolled in this study (up to 20 patients will be enrolled into the HC-7366 monotherapy cohort, up to 30 patients into the combination dose escalation, and up to 30 patients into the combination dose expansion). The primary purpose of this study is to determine the maximum tolerated dose of HC-7366 in combination with belzutifan in patients with locally advanced (inoperable) or metastatic RCC with predominantly clear cell histology, irrespective of VHL gene mutation status.",PHASE1,RECRUITING,"A Study of HC-7366 in Combination With Belzutifan (WELIREG™) in Patients With Renal Cell Carcinoma Renal Cell Carcinoma This is a Phase 1b, open-label, multicenter, safety, tolerability and efficacy study of HC-7366 in combination with belzutifan (WELIREG™). This is a multipart study that consists of a HC-7366 monotherapy cohort, a combination dose escalation, and a combination dose expansion. Approximately 80 patients will be enrolled in this study (up to 20 patients will be enrolled into the HC-7366 monotherapy cohort, up to 30 patients into the combination dose escalation, and up to 30 patients into the combination dose expansion). The primary purpose of this study is to determine the maximum tolerated dose of HC-7366 in combination with belzutifan in patients with locally advanced (inoperable) or metastatic RCC with predominantly clear cell histology, irrespective of VHL gene mutation status."
NCT04279405,A Phase Ib Study of YY-20394 in Participants With B-cell Hematologic Malignancies,"Small Lymphocytic Lymphoma, Lymphoplasmacytic Lymphoma, Marginal Zone Lymphoma, Mantle Cell Lymphoma, Diffuse Large B Cell Lymphoma","Protocol YY-20394-007 is a phase1 open-label, single-arm, multi-centre study to assess the safety and efficacy of YY-20394 in participants with relapse and/or refractory B cell malignant hematological tumor. eligible participants will initiate oral therapy with YY-20394 at a starting dose of 80mg taken once per day. treatment with YY-20394 can continue in compliant participants as long as the study is still ongoing and the participants appear to benefiting from treatment with acceptable safety.",PHASE1,COMPLETED,"A Phase Ib Study of YY-20394 in Participants With B-cell Hematologic Malignancies Small Lymphocytic Lymphoma, Lymphoplasmacytic Lymphoma, Marginal Zone Lymphoma, Mantle Cell Lymphoma, Diffuse Large B Cell Lymphoma Protocol YY-20394-007 is a phase1 open-label, single-arm, multi-centre study to assess the safety and efficacy of YY-20394 in participants with relapse and/or refractory B cell malignant hematological tumor. eligible participants will initiate oral therapy with YY-20394 at a starting dose of 80mg taken once per day. treatment with YY-20394 can continue in compliant participants as long as the study is still ongoing and the participants appear to benefiting from treatment with acceptable safety."
NCT04483505,"Rogaratinib, Palbociclib y Fulvestrant in Patients With Breast Cancer.","Breast Cancer Metastatic, Hormone Receptor Positive Malignant Neoplasm of Breast","This study is an open, multicenter, prospective phase I dose escalation clinical trial followed by an expansion cohort. The aim of this study is to asses the Recommended Phase 2 Dose (R2PD) and the safety profile, among other efficacy, in FGFR1/2/3 positive, hormone receptor-positive breast cancer (HRPBC) patients with metastatic disease after progression to the combination of an aromatase inhibitor plus palbociclib, abemaciclib or ribociclib, according RECIST 1.1 criteria.",PHASE1,COMPLETED,"Rogaratinib, Palbociclib y Fulvestrant in Patients With Breast Cancer. Breast Cancer Metastatic, Hormone Receptor Positive Malignant Neoplasm of Breast This study is an open, multicenter, prospective phase I dose escalation clinical trial followed by an expansion cohort. The aim of this study is to asses the Recommended Phase 2 Dose (R2PD) and the safety profile, among other efficacy, in FGFR1/2/3 positive, hormone receptor-positive breast cancer (HRPBC) patients with metastatic disease after progression to the combination of an aromatase inhibitor plus palbociclib, abemaciclib or ribociclib, according RECIST 1.1 criteria."
NCT04379505,Palliative Expeditiously Adaptive Quad Shot Radiation Therapy (PEAQ-RT),Head and Neck Cancer,"The investigators propose evaluating the feasibility of using the novel cone beam computed tomography (CBCT)-guided Ethos system to deliver expedited, adaptive Quad shot radiation for the purpose of palliative radiation of patients with advanced head and neck cancers or patients with a history of any malignancy experiencing current head and neck lesions. Quad shot radiation was selected as the palliative regimen of choice given its low toxicity profile, well published efficacy in palliation, frequent usage in the US for palliation of head and neck cancers, and safety in the setting of re-irradiation. The use of the Ethos platform to perform online adaptive radiation planning and delivery remains novel and untested. The Ethos system would be used to consolidate CT simulation, replanning, and treatment for Quad shot patients receiving treatment with the benefit of reduced patient travel and a reduction in the unwanted delay between Quad shot cycles. The goal of this pilot study will be to evaluate the feasibility of the Ethos system to eliminate the need for a CT simulation for cycles 2 and 3 of Quad shot radiation.",NA,COMPLETED,"Palliative Expeditiously Adaptive Quad Shot Radiation Therapy (PEAQ-RT) Head and Neck Cancer The investigators propose evaluating the feasibility of using the novel cone beam computed tomography (CBCT)-guided Ethos system to deliver expedited, adaptive Quad shot radiation for the purpose of palliative radiation of patients with advanced head and neck cancers or patients with a history of any malignancy experiencing current head and neck lesions. Quad shot radiation was selected as the palliative regimen of choice given its low toxicity profile, well published efficacy in palliation, frequent usage in the US for palliation of head and neck cancers, and safety in the setting of re-irradiation. The use of the Ethos platform to perform online adaptive radiation planning and delivery remains novel and untested. The Ethos system would be used to consolidate CT simulation, replanning, and treatment for Quad shot patients receiving treatment with the benefit of reduced patient travel and a reduction in the unwanted delay between Quad shot cycles. The goal of this pilot study will be to evaluate the feasibility of the Ethos system to eliminate the need for a CT simulation for cycles 2 and 3 of Quad shot radiation."
NCT04679194,Study of Mana 312 (Multi Tumor-Associated Antigen T Cells) in Adults With AML/MDS After HSCT,AML/MDS,"This is a Phase 1, open-label, non-randomized, single and multiple dose escalation study designed to evaluate the safety and preliminary efficacy of administering Mana 312 to subjects with AML/MDS after allogeneic HSCT.",PHASE1,TERMINATED,"Study of Mana 312 (Multi Tumor-Associated Antigen T Cells) in Adults With AML/MDS After HSCT AML/MDS This is a Phase 1, open-label, non-randomized, single and multiple dose escalation study designed to evaluate the safety and preliminary efficacy of administering Mana 312 to subjects with AML/MDS after allogeneic HSCT."
NCT02934594,Metastatic Spinal Cord Compression (MSCC): Treatment Timing and Survival Rate,"Neoplasm Metastasis, Spinal Cord Compression",Patients with metastatic spinal cord compression (MSCC) are treated with different options according to the life expectancy. Survival and surgical outcome can be influenced by surgical timing in MSCC patients treated with palliative decompression.,,UNKNOWN,"Metastatic Spinal Cord Compression (MSCC): Treatment Timing and Survival Rate Neoplasm Metastasis, Spinal Cord Compression Patients with metastatic spinal cord compression (MSCC) are treated with different options according to the life expectancy. Survival and surgical outcome can be influenced by surgical timing in MSCC patients treated with palliative decompression."
NCT01477866,Utility Of Citogenex Administration In Patients With Colon-Rectal Cancer,Colonic Neoplasms,The main aim of the present study is to test the efficacy and safety of CITOGENEX administration in patients with colon-rectal cancer.,NA,SUSPENDED,Utility Of Citogenex Administration In Patients With Colon-Rectal Cancer Colonic Neoplasms The main aim of the present study is to test the efficacy and safety of CITOGENEX administration in patients with colon-rectal cancer.
NCT01672450,A Study of Intratumoral Injection of Interleukin-2 and Ipilimumab in Patients With Unresectable Stages III-IV Melanoma,Melanoma,"This is a single center, open phase I dose escalation study. This study will assess the highest tolerable intratumoral dose of ipilimumab (Yervoy) in combination with IL-2 (Proleukin) in patients with unresectable stages III-IV melanoma with accessible cutaneous, subcutaneous, and/or nodal lesions. The objective is to primarily assess the safety of the drug combination, and to secondarily obtain preliminary data on the clinical efficacy of the combination.",PHASE1,COMPLETED,"A Study of Intratumoral Injection of Interleukin-2 and Ipilimumab in Patients With Unresectable Stages III-IV Melanoma Melanoma This is a single center, open phase I dose escalation study. This study will assess the highest tolerable intratumoral dose of ipilimumab (Yervoy) in combination with IL-2 (Proleukin) in patients with unresectable stages III-IV melanoma with accessible cutaneous, subcutaneous, and/or nodal lesions. The objective is to primarily assess the safety of the drug combination, and to secondarily obtain preliminary data on the clinical efficacy of the combination."
NCT05465174,Tovorafenib for Treatment of Craniopharyngioma in Children and Young Adults,"Craniopharyngioma, Child, Craniopharyngioma, Recurrent Craniopharyngioma",The current study assesses the tolerability and efficacy of monotherapy with pan-RAF-kinase (Tovorafenib) inhibition for the treatment of children and young adults with craniopharyngioma.,PHASE2,RECRUITING,"Tovorafenib for Treatment of Craniopharyngioma in Children and Young Adults Craniopharyngioma, Child, Craniopharyngioma, Recurrent Craniopharyngioma The current study assesses the tolerability and efficacy of monotherapy with pan-RAF-kinase (Tovorafenib) inhibition for the treatment of children and young adults with craniopharyngioma."
NCT00482274,Docetaxel in Treating Patients With Relapsed Prostate Cancer,Prostate Cancer,"RATIONALE: Drugs used in chemotherapy, such as docetaxel, work in different ways to stop the growth of tumor cells, either by killing the cells or by stopping them from dividing.

PURPOSE: This phase II trial is studying how well docetaxel works in treating patients with relapsed prostate cancer.",PHASE2,TERMINATED,"Docetaxel in Treating Patients With Relapsed Prostate Cancer Prostate Cancer RATIONALE: Drugs used in chemotherapy, such as docetaxel, work in different ways to stop the growth of tumor cells, either by killing the cells or by stopping them from dividing.

PURPOSE: This phase II trial is studying how well docetaxel works in treating patients with relapsed prostate cancer."
NCT06832774,Exploration of Treatment Effect of Novel Hormone Therapy Combined With Local Treatment Based on PSMA PET/CT Evaluation in mHSCP Patients,Prostate Cancer Metastatic Disease,"At present, there is still controversy over the treatment of metastatic hormone sensitive prostate cancer (mHSPC). Major guidelines and consensus suggest that novel hormone therapy (NHT) should be used as the basic treatment for mHSPC, and metastasis directed therapy can be combined depending on the clinical situation. However, it is still unclear how to develop more specific and individualized treatment plans for mHSPC patients. On the other hand, prostate-specific membrane antigen (PSMA) which is highly specifically expressed in prostate epithelial cells has been widely used as a PET/CT target for the diagnosis and staging of prostate cancer. However, there is still a lack of clinical evidence on how to use it to guide the treatment of prostate cancer. Therefore, this study intends to include patients diagnosed with mHSPC by PSMA PET/CT. The patients received no prior treatment for prostate cancer or ADT plus NHT therapy only. After 8 months of ADT plus NHT, PSMA PET/CT will be re-evaluated and patients with remaining active lesions on PSMA PET/CT will be included for randomization. The aim of this study is to explore the effect of NHT combined with local treatment on delaying disease progression and prolonging survival in patients with active lesions on PSMA PET/CT after NHT, providing new insights into the treatment of mHSCP patients.",PHASE2,RECRUITING,"Exploration of Treatment Effect of Novel Hormone Therapy Combined With Local Treatment Based on PSMA PET/CT Evaluation in mHSCP Patients Prostate Cancer Metastatic Disease At present, there is still controversy over the treatment of metastatic hormone sensitive prostate cancer (mHSPC). Major guidelines and consensus suggest that novel hormone therapy (NHT) should be used as the basic treatment for mHSPC, and metastasis directed therapy can be combined depending on the clinical situation. However, it is still unclear how to develop more specific and individualized treatment plans for mHSPC patients. On the other hand, prostate-specific membrane antigen (PSMA) which is highly specifically expressed in prostate epithelial cells has been widely used as a PET/CT target for the diagnosis and staging of prostate cancer. However, there is still a lack of clinical evidence on how to use it to guide the treatment of prostate cancer. Therefore, this study intends to include patients diagnosed with mHSPC by PSMA PET/CT. The patients received no prior treatment for prostate cancer or ADT plus NHT therapy only. After 8 months of ADT plus NHT, PSMA PET/CT will be re-evaluated and patients with remaining active lesions on PSMA PET/CT will be included for randomization. The aim of this study is to explore the effect of NHT combined with local treatment on delaying disease progression and prolonging survival in patients with active lesions on PSMA PET/CT after NHT, providing new insights into the treatment of mHSCP patients."
NCT02480374,Study of Safety & Biological Activity of IP IMNN-001 (also Known As GEN-1) with Neoadjuvant Chemo in Ovarian Cancer,"Epithelial Ovarian Cancer, Fallopian Tube Cancer, Primary Peritoneal Cancer",This dose escalation study will determine a maximum tolerated dose and/or optimal biological dose of GEN-1 for carboplatin/paclitaxel combination in newly diagnosed ovarian cancer.,PHASE1,COMPLETED,"Study of Safety & Biological Activity of IP IMNN-001 (also Known As GEN-1) with Neoadjuvant Chemo in Ovarian Cancer Epithelial Ovarian Cancer, Fallopian Tube Cancer, Primary Peritoneal Cancer This dose escalation study will determine a maximum tolerated dose and/or optimal biological dose of GEN-1 for carboplatin/paclitaxel combination in newly diagnosed ovarian cancer."
NCT04277650,System for High-Intensity Evaluation During Radiotherapy,"Radiation Therapy Complication, Chemotherapeutic Toxicity",This quality improvement project will evaluate the implementation of a previously described intervention (twice per week on-treatment clinical evaluations) in a feasible fashion using a previously described machine learning algorithm identifying patients identified at high risk for an emergency visit or hospitalization during radiation therapy.,NA,COMPLETED,"System for High-Intensity Evaluation During Radiotherapy Radiation Therapy Complication, Chemotherapeutic Toxicity This quality improvement project will evaluate the implementation of a previously described intervention (twice per week on-treatment clinical evaluations) in a feasible fashion using a previously described machine learning algorithm identifying patients identified at high risk for an emergency visit or hospitalization during radiation therapy."
NCT06980350,Proposal of a Novel Model for Identifying Complete Response in dMMR Colon Cancer Following Neoadjuvant Immunotherapy,Colorectal Cancer,"A novel evaluation model for identifying complete response following neoadjuvant immune checkpoint inhibitor therapy therapy in patients with dMMR colon cancer was developed to validated its efficacy in two independent cohorts, and to assessed its feasibility for W\&W strategy.",,COMPLETED,"Proposal of a Novel Model for Identifying Complete Response in dMMR Colon Cancer Following Neoadjuvant Immunotherapy Colorectal Cancer A novel evaluation model for identifying complete response following neoadjuvant immune checkpoint inhibitor therapy therapy in patients with dMMR colon cancer was developed to validated its efficacy in two independent cohorts, and to assessed its feasibility for W\&W strategy."
NCT02139150,Serial FLT PET Imaging in Cancer Patients for Monitoring of Response to Therapy,Histologically-confirmed Malignancies,"The purpose of this study is to see if PET/CT scans that use a radioactive substance called \[18F\] fluorothymidine (FLT), can detect and monitor changes in the tumor. Radioactive substances are used with PET/CT scans to ""see"" cancer cells, and are also called radiotracers. FLT is a new radiotracer that has been given to people in prior studies. FLT PET/CT is an experimental scan unlike FDG (fluorodeoxyglucose) PET scan which is a standard clinical scan and is commonly used. The investigators would like to know if there is any evidence of early treatment response by obtaining FLTPET/ CT scans before and after treatment.",NA,WITHDRAWN,"Serial FLT PET Imaging in Cancer Patients for Monitoring of Response to Therapy Histologically-confirmed Malignancies The purpose of this study is to see if PET/CT scans that use a radioactive substance called \[18F\] fluorothymidine (FLT), can detect and monitor changes in the tumor. Radioactive substances are used with PET/CT scans to ""see"" cancer cells, and are also called radiotracers. FLT is a new radiotracer that has been given to people in prior studies. FLT PET/CT is an experimental scan unlike FDG (fluorodeoxyglucose) PET scan which is a standard clinical scan and is commonly used. The investigators would like to know if there is any evidence of early treatment response by obtaining FLTPET/ CT scans before and after treatment."
NCT00407550,Pemetrexed Disodium and Gemcitabine in Treating Patients With Stage IIIB or Stage IV Non-Small Cell Lung Cancer,Lung Cancer,"RATIONALE: Pemetrexed disodium may stop the growth of tumor cells by blocking some of the enzymes needed for cell growth. Drugs used in chemotherapy, such as gemcitabine, work in different ways to stop the growth of tumor cells, either by killing the cells or by stopping them from dividing. Giving pemetrexed disodium together with gemcitabine may kill more tumor cells.

PURPOSE: This randomized phase II trial is studying two different schedules of pemetrexed disodium and gemcitabine to compare how well they work in treating patients with stage IIIB or stage IV non-small cell lung cancer.",PHASE2,COMPLETED,"Pemetrexed Disodium and Gemcitabine in Treating Patients With Stage IIIB or Stage IV Non-Small Cell Lung Cancer Lung Cancer RATIONALE: Pemetrexed disodium may stop the growth of tumor cells by blocking some of the enzymes needed for cell growth. Drugs used in chemotherapy, such as gemcitabine, work in different ways to stop the growth of tumor cells, either by killing the cells or by stopping them from dividing. Giving pemetrexed disodium together with gemcitabine may kill more tumor cells.

PURPOSE: This randomized phase II trial is studying two different schedules of pemetrexed disodium and gemcitabine to compare how well they work in treating patients with stage IIIB or stage IV non-small cell lung cancer."
NCT03040791,Nivolumab in Prostate Cancer With DNA Repair Defects (ImmunoProst Trial),Prostate Cancer,"Prostate Cancer (PC) is the most frequent cancer in men, accounting for 21% of new cases of cancer in men in the United States. Among the four most incident tumors (breast, lung and colorectal cancer); prostate cancer is the only that does not have any predictive biomarker to guide the treatment. Even though the molecular heterogeneity of PC is well-documented, treatment has not been molecularly stratified and the need for genetic prognostic and predictive markers is critical.

DNA repair defects (DRD), mainly in the Homologous Recombination (HR) pathway (such as BRCA1, BRCA2, ATM and CHEK2) are emerging as potential biomarkers in prostate cancer. It is well known BRCA1 and BRCA2 carriers have better Progression-Free Survival (PFS) and Overall Survival (OS) than non-carriers in ovarian cancer. Differently than ovarian tumors that BRCA mutations provides a good prognosis, PC patients who harbor HR defects have a higher Gleason score 6, an increased risk of recurrence and poor prognosis. The predictive role of DRD in PC was demonstrated in a recent trial using Olaparib, a PARP inhibitor, in DRD carriers. This trial showed 88% of response rate with Olaparib, a PARP inhibitor that acts in HR pathway by synthetic lethality.

Recent data demonstrated important association between HR deficient high-grade serous ovarian cancer (HGSOC), high neoantigen load and high expression of PD-1/PD-L1 compared with HR proficient HGSOCs 10. This study showed that BRCA1 and BRCA2 mutations increase the number of tumor-infiltrating lymphocytes (TILs) and confer a better prognosis. The unprecedented success of immunotherapy in malignant disorders has provided evidence that the patient's immune system can be improved to attack established tumors, mainly melanoma, non-small cell lung cancer and kidney cancer. A high mutational burden increases the likelihood of the development of specific neoepitopes that would confer clinical benefit from CTLA-4 and PD-1 blockade.

These data showed that specific DNA repair defects increase the mutational burden, the expression of PD-1/PD-L1 and TILs; and could improve the response to immunotherapy in cancer. This rationale was already tested in a trial that evaluated the PD-1 checkpoint inhibitor Pembrolizumab in mismatch-repair deficient patients, a kind of DNA repair defect by definition. This important trial showed that this DRD predicted clinical benefit of immune checkpoint blockade in many types of cancer, especially colorectal cancer.",PHASE2,UNKNOWN,"Nivolumab in Prostate Cancer With DNA Repair Defects (ImmunoProst Trial) Prostate Cancer Prostate Cancer (PC) is the most frequent cancer in men, accounting for 21% of new cases of cancer in men in the United States. Among the four most incident tumors (breast, lung and colorectal cancer); prostate cancer is the only that does not have any predictive biomarker to guide the treatment. Even though the molecular heterogeneity of PC is well-documented, treatment has not been molecularly stratified and the need for genetic prognostic and predictive markers is critical.

DNA repair defects (DRD), mainly in the Homologous Recombination (HR) pathway (such as BRCA1, BRCA2, ATM and CHEK2) are emerging as potential biomarkers in prostate cancer. It is well known BRCA1 and BRCA2 carriers have better Progression-Free Survival (PFS) and Overall Survival (OS) than non-carriers in ovarian cancer. Differently than ovarian tumors that BRCA mutations provides a good prognosis, PC patients who harbor HR defects have a higher Gleason score 6, an increased risk of recurrence and poor prognosis. The predictive role of DRD in PC was demonstrated in a recent trial using Olaparib, a PARP inhibitor, in DRD carriers. This trial showed 88% of response rate with Olaparib, a PARP inhibitor that acts in HR pathway by synthetic lethality.

Recent data demonstrated important association between HR deficient high-grade serous ovarian cancer (HGSOC), high neoantigen load and high expression of PD-1/PD-L1 compared with HR proficient HGSOCs 10. This study showed that BRCA1 and BRCA2 mutations increase the number of tumor-infiltrating lymphocytes (TILs) and confer a better prognosis. The unprecedented success of immunotherapy in malignant disorders has provided evidence that the patient's immune system can be improved to attack established tumors, mainly melanoma, non-small cell lung cancer and kidney cancer. A high mutational burden increases the likelihood of the development of specific neoepitopes that would confer clinical benefit from CTLA-4 and PD-1 blockade.

These data showed that specific DNA repair defects increase the mutational burden, the expression of PD-1/PD-L1 and TILs; and could improve the response to immunotherapy in cancer. This rationale was already tested in a trial that evaluated the PD-1 checkpoint inhibitor Pembrolizumab in mismatch-repair deficient patients, a kind of DNA repair defect by definition. This important trial showed that this DRD predicted clinical benefit of immune checkpoint blockade in many types of cancer, especially colorectal cancer."
NCT06142318,Pirfenidone as a Radiosensitizer in the Treatment of Head and Neck Squamous Cell Carcinoma,"Head and Neck Squamous Cell Carcinoma, Radiotherapy, Radiosensitizer, Pirfenidone","Head and neck squamous cell carcinoma (HNSCC) is the sixth most common cancer worldwide, with a 5-year survival rate of less than 50%. Radiotherapy is an important measure to control tumor recurrence. Although radiotherapy has been widely used in patients with head and neck squamous cell carcinoma, the 2-year local recurrence rate of patients with locally advanced disease is still as high as 50%-60%, and the distant metastasis rate is as high as 20%-30%. This is associated with a lower radiosensitivity in HNSCC. Our previous study has confirmed that type I collagen secreted by cancer-associated fibroblasts (CAFs) can enhance the radioresistance of head and neck squamous cell carcinoma. We also confirmed that pirfenidone could reduce type I collagen expression in CAFs and enhance radiosensitivity in vitro and in vivo. Therefore, we plan to translate the basic research into clinical practice and conduct a prospective interventional phase II clinical trial to investigate the safety and efficacy of pirfenidone as a radiosensitizer in HNSCC.",PHASE2,UNKNOWN,"Pirfenidone as a Radiosensitizer in the Treatment of Head and Neck Squamous Cell Carcinoma Head and Neck Squamous Cell Carcinoma, Radiotherapy, Radiosensitizer, Pirfenidone Head and neck squamous cell carcinoma (HNSCC) is the sixth most common cancer worldwide, with a 5-year survival rate of less than 50%. Radiotherapy is an important measure to control tumor recurrence. Although radiotherapy has been widely used in patients with head and neck squamous cell carcinoma, the 2-year local recurrence rate of patients with locally advanced disease is still as high as 50%-60%, and the distant metastasis rate is as high as 20%-30%. This is associated with a lower radiosensitivity in HNSCC. Our previous study has confirmed that type I collagen secreted by cancer-associated fibroblasts (CAFs) can enhance the radioresistance of head and neck squamous cell carcinoma. We also confirmed that pirfenidone could reduce type I collagen expression in CAFs and enhance radiosensitivity in vitro and in vivo. Therefore, we plan to translate the basic research into clinical practice and conduct a prospective interventional phase II clinical trial to investigate the safety and efficacy of pirfenidone as a radiosensitizer in HNSCC."
NCT05930418,Cardiovascular Magnetic Resonance Prognosticators in Pediatric Oncology Patients With Sepsis,"Acute Respiratory Distress Syndrome, Sepsis, Cardiovascular Shock","The overall purpose of this protocol is to identify subacute sepsis-associated cardiac disease in pediatric patients with cancer by CMR and evaluate the CMR findings during their follow-up. This will help inform heart failure management decision making. Evidence of dysfunction or elevated T2 values may inform adjustment of afterload reduction and beta blocker administration, and elevated ECV findings will suggest the need for increased surveillance for diastolic dysfunction.

Primary Objectives:

(Feasibility Phase) To determine the feasibility of cardiac MRI without anesthesia in the immediate post-sepsis period in children with cancer.

CMR scanning will be completed within 10 days of presentation - this will allow us to ensure that possible hemodynamic or respiratory instability and renal dysfunction has resolved prior to transport to the MRI scanner during the most acute phase of illness.

(Completion Phase) To estimate the frequency of subacute sepsis-associated cardiac disease, including myocardial inflammation and dysfunction, in the post-acute phase (within 10 days of presentation) of severe sepsis in children with cancer",NA,ACTIVE_NOT_RECRUITING,"Cardiovascular Magnetic Resonance Prognosticators in Pediatric Oncology Patients With Sepsis Acute Respiratory Distress Syndrome, Sepsis, Cardiovascular Shock The overall purpose of this protocol is to identify subacute sepsis-associated cardiac disease in pediatric patients with cancer by CMR and evaluate the CMR findings during their follow-up. This will help inform heart failure management decision making. Evidence of dysfunction or elevated T2 values may inform adjustment of afterload reduction and beta blocker administration, and elevated ECV findings will suggest the need for increased surveillance for diastolic dysfunction.

Primary Objectives:

(Feasibility Phase) To determine the feasibility of cardiac MRI without anesthesia in the immediate post-sepsis period in children with cancer.

CMR scanning will be completed within 10 days of presentation - this will allow us to ensure that possible hemodynamic or respiratory instability and renal dysfunction has resolved prior to transport to the MRI scanner during the most acute phase of illness.

(Completion Phase) To estimate the frequency of subacute sepsis-associated cardiac disease, including myocardial inflammation and dysfunction, in the post-acute phase (within 10 days of presentation) of severe sepsis in children with cancer"
NCT06934590,Evaluate Safety and Tolerability of RX001 in Patients With KRAS Mutant Advanced NSCLC,Non-Small Cell Lung Cancer,"This is an open-label, dose-escalation Phase I study to evaluate the safety and tolerability of RX001 monotherapy in patients with advanced KRAS mutant NSCLC. Subjects aged ≥19 years with advanced NSCLC with KRAS mutations will be enrolled. Based on the investigator's judgment of the lung tumor location, RX001 will be administered as a single intratumoral treatment via bronchoscopy or CT-guided percutaneous injection. Additionally, after conducting safety, tolerability, and preliminary anti-tumor efficacy assessments for all subjects up to Week 12 (D84) following IP administration, the collected data will be reviewed by the SRC for a comprehensive evaluation. If the IP is designated for long-term follow-up studies, monitoring for malignant tumor formation and other SAEs specified by the Ministry of Food and Drug Safety (MFDS) will be conducted for a minimum of 5 years.",PHASE1,NOT_YET_RECRUITING,"Evaluate Safety and Tolerability of RX001 in Patients With KRAS Mutant Advanced NSCLC Non-Small Cell Lung Cancer This is an open-label, dose-escalation Phase I study to evaluate the safety and tolerability of RX001 monotherapy in patients with advanced KRAS mutant NSCLC. Subjects aged ≥19 years with advanced NSCLC with KRAS mutations will be enrolled. Based on the investigator's judgment of the lung tumor location, RX001 will be administered as a single intratumoral treatment via bronchoscopy or CT-guided percutaneous injection. Additionally, after conducting safety, tolerability, and preliminary anti-tumor efficacy assessments for all subjects up to Week 12 (D84) following IP administration, the collected data will be reviewed by the SRC for a comprehensive evaluation. If the IP is designated for long-term follow-up studies, monitoring for malignant tumor formation and other SAEs specified by the Ministry of Food and Drug Safety (MFDS) will be conducted for a minimum of 5 years."
NCT03577197,Southeast Netherlands Advanced Metastatic Breast Cancer Registry,"Advanced Breast Cancer, Metastatic Breast Cancer","The Southeast Netherlands Advanced Breast Cancer (SONABRE) Registry is a real life multi-center study. The registry aims to include all patients diagnosed with advanced breast cancer as of 2007 in 11 hospitals in the Netherlands. Data on patient, tumor and treatment characteristics are collected retrospectively from electronic medical files by trained registry clerks.",,RECRUITING,"Southeast Netherlands Advanced Metastatic Breast Cancer Registry Advanced Breast Cancer, Metastatic Breast Cancer The Southeast Netherlands Advanced Breast Cancer (SONABRE) Registry is a real life multi-center study. The registry aims to include all patients diagnosed with advanced breast cancer as of 2007 in 11 hospitals in the Netherlands. Data on patient, tumor and treatment characteristics are collected retrospectively from electronic medical files by trained registry clerks."
NCT00428597,A Study Of Sunitinib Compared To Placebo For Patients With Advanced Pancreatic Islet Cell Tumors,"Carcinoma, Islet Cell, Carcinoma, Pancreas","This study randomized patients with advanced pancreatic islet cell tumors to receive either sunitinib or placebo. Patients who were randomized to sunitinib received 37.5 mg of sunitinib daily, those randomized to placebo received a tablet that looked similar but had no active drug. Neither the patient or the doctor knew whether the patient was receiving sunitinib or placebo. Patients were followed to determine the status and size of their tumors, survival, quality of life and safety of the drug.

The study was designed to detect a 50% improvement in median PFS\[Progression Free Survival\] with 90% power and was to enroll 340 subjects. An interim analysis was planned when 130 events had occurred, and the final analysis was to be conducted when 260 events had occurred.

Study A6181111 was stopped early during the enrollment period because of a clear and clinically meaningful improvement in efficacy for the sunitinib treatment arm as recommended by the DMC \[Data Monitoring Committee\]. The actual number of subjects enrolled was 171 and the actual number of PFS events recorded was 81 PFS events. The decision to terminate the study was not based on safety concerns related to sunitinib administration.",PHASE3,TERMINATED,"A Study Of Sunitinib Compared To Placebo For Patients With Advanced Pancreatic Islet Cell Tumors Carcinoma, Islet Cell, Carcinoma, Pancreas This study randomized patients with advanced pancreatic islet cell tumors to receive either sunitinib or placebo. Patients who were randomized to sunitinib received 37.5 mg of sunitinib daily, those randomized to placebo received a tablet that looked similar but had no active drug. Neither the patient or the doctor knew whether the patient was receiving sunitinib or placebo. Patients were followed to determine the status and size of their tumors, survival, quality of life and safety of the drug.

The study was designed to detect a 50% improvement in median PFS\[Progression Free Survival\] with 90% power and was to enroll 340 subjects. An interim analysis was planned when 130 events had occurred, and the final analysis was to be conducted when 260 events had occurred.

Study A6181111 was stopped early during the enrollment period because of a clear and clinically meaningful improvement in efficacy for the sunitinib treatment arm as recommended by the DMC \[Data Monitoring Committee\]. The actual number of subjects enrolled was 171 and the actual number of PFS events recorded was 81 PFS events. The decision to terminate the study was not based on safety concerns related to sunitinib administration."
NCT05065710,A Study of ZL-1211 in Patients With Advanced Solid Tumor,Advanced Solid Tumor,"This study is a Phase I/II, open-label, dose escalation, and cohort expansion study designed to characterize the safety, tolerability, pharmacokinetic (PK), pharmacodynamics (PD), immunogenicity, and preliminary antitumor activity of ZL-1211 administered by IV infusion on a every 2 weeks (Q2W) schedule.",PHASE1,COMPLETED,"A Study of ZL-1211 in Patients With Advanced Solid Tumor Advanced Solid Tumor This study is a Phase I/II, open-label, dose escalation, and cohort expansion study designed to characterize the safety, tolerability, pharmacokinetic (PK), pharmacodynamics (PD), immunogenicity, and preliminary antitumor activity of ZL-1211 administered by IV infusion on a every 2 weeks (Q2W) schedule."
NCT05203497,Molecular Imaging of HER2 Expression in Breast Cancer Using 99mTc-ZHER2.,Breast Cancer Female,"The study should evaluate distribution of 99mTc-ZHER2:41071 Affibody molecule in patients with primary HER2-positive and HER2-negative breast cancer

The primary objectives are:

1. To assess distribution of 99mTc-ZHER2:41071 in normal tissues and in tumors over time;
2. To evaluate dosimetry of 99mTc-ZHER2:41071;
3. To obtain initial information concerning safety and tolerability of 99mTc-ZHER2:41071 after single intravenous injection:

The secondary objectives are:

1\. To compare the tumor imaging data with the data concerning HER2 expression obtained by immunohistochemistry (IHC) and/or fluorescent in situ hybridization (FISH) analysis of biopsy samples.",PHASE1,COMPLETED,"Molecular Imaging of HER2 Expression in Breast Cancer Using 99mTc-ZHER2. Breast Cancer Female The study should evaluate distribution of 99mTc-ZHER2:41071 Affibody molecule in patients with primary HER2-positive and HER2-negative breast cancer

The primary objectives are:

1. To assess distribution of 99mTc-ZHER2:41071 in normal tissues and in tumors over time;
2. To evaluate dosimetry of 99mTc-ZHER2:41071;
3. To obtain initial information concerning safety and tolerability of 99mTc-ZHER2:41071 after single intravenous injection:

The secondary objectives are:

1\. To compare the tumor imaging data with the data concerning HER2 expression obtained by immunohistochemistry (IHC) and/or fluorescent in situ hybridization (FISH) analysis of biopsy samples."
NCT03135613,Kinematics of Knees of Patients With Tumor Around Knee After Microwave Ablation With Plate Internal Fixation,"Knee Tumor, Microwave",The aim of this study is to investigate kinematics of knees of patients with tumor around knee after microwave ablation with plate internal fixation,NA,UNKNOWN,"Kinematics of Knees of Patients With Tumor Around Knee After Microwave Ablation With Plate Internal Fixation Knee Tumor, Microwave The aim of this study is to investigate kinematics of knees of patients with tumor around knee after microwave ablation with plate internal fixation"
NCT01487720,GEMOX in Docetaxel-Refractory Castration-Resistant Prostate Cancer,Prostate Cancer,"Prostate cancer is one of the most common malignancies affecting men all over the World. Metastatic prostate cancer responds to androgen deprivation for a variable period (20-25 months). Prostate cancer that grows despite castrate levels of testosterone and that no longer responds to any form of hormonal manipulation is defined as castrate resistant prostate cancer (CRPC).

Docetaxel combined with prednisolone has been shown to not only improve QOL and PSA response in CRPC, but also extend the overall survival1. However, the efficacy of the drug has not been universally effective, and nearly all patients have disease progression after docetaxel treatment.

After failure of a docetaxel regimen, With the exception of cabazitaxel or abiraterone, which are not widely and easily availabe in Korea, little treatment regimen can be applied to the patients with reasonable response and benefits.

Gemcitabine is a nucleoside analog with activity against a broad spectrum of solid tumors. When gemcitabine is used as first-line therapy for CRPC, disease control rate was 33% with median duration of 7.1 months. When it is combined with prednisone and zoledronic acid in pretreated patients with CRPC, the PSA response rate was 23% with a disease control rate of 57% in patients with measurable disease.

Oxaliplatin is newer platinum agent that has favorable toxicity profile and evidence of activity in cisplatin-resistant cell lines. Droz et al. performed a multicenter phase II study in 54 patients with metastatic CRPC who were randomized to receive oxaliplatin either alone or with 5-FU. More than 50% of the patients had received prior chemotherapy including cisplatin. Despite heavy pretreatment, PSA desclines were noted in 11% and 19% of patients in each arm.

Gemcitabine plus oxaliplatin combination was widely studied and has been reported to be safe and effective in various cancers.

This study is to assess the efficacy and safety of GEMOX in docetaxel-refractory CRPC.",PHASE2,COMPLETED,"GEMOX in Docetaxel-Refractory Castration-Resistant Prostate Cancer Prostate Cancer Prostate cancer is one of the most common malignancies affecting men all over the World. Metastatic prostate cancer responds to androgen deprivation for a variable period (20-25 months). Prostate cancer that grows despite castrate levels of testosterone and that no longer responds to any form of hormonal manipulation is defined as castrate resistant prostate cancer (CRPC).

Docetaxel combined with prednisolone has been shown to not only improve QOL and PSA response in CRPC, but also extend the overall survival1. However, the efficacy of the drug has not been universally effective, and nearly all patients have disease progression after docetaxel treatment.

After failure of a docetaxel regimen, With the exception of cabazitaxel or abiraterone, which are not widely and easily availabe in Korea, little treatment regimen can be applied to the patients with reasonable response and benefits.

Gemcitabine is a nucleoside analog with activity against a broad spectrum of solid tumors. When gemcitabine is used as first-line therapy for CRPC, disease control rate was 33% with median duration of 7.1 months. When it is combined with prednisone and zoledronic acid in pretreated patients with CRPC, the PSA response rate was 23% with a disease control rate of 57% in patients with measurable disease.

Oxaliplatin is newer platinum agent that has favorable toxicity profile and evidence of activity in cisplatin-resistant cell lines. Droz et al. performed a multicenter phase II study in 54 patients with metastatic CRPC who were randomized to receive oxaliplatin either alone or with 5-FU. More than 50% of the patients had received prior chemotherapy including cisplatin. Despite heavy pretreatment, PSA desclines were noted in 11% and 19% of patients in each arm.

Gemcitabine plus oxaliplatin combination was widely studied and has been reported to be safe and effective in various cancers.

This study is to assess the efficacy and safety of GEMOX in docetaxel-refractory CRPC."
NCT00316420,Gemcitabine and Capecitabine in Patients With Advanced Pancreatic Cancer,Pancreatic Cancer,The purpose of this study is to test the effectiveness and safety of the drug combination of gemcitabine and capecitabine (Xeloda) in patients with advanced pancreatic cancer.,PHASE1,COMPLETED,Gemcitabine and Capecitabine in Patients With Advanced Pancreatic Cancer Pancreatic Cancer The purpose of this study is to test the effectiveness and safety of the drug combination of gemcitabine and capecitabine (Xeloda) in patients with advanced pancreatic cancer.
NCT04444882,"Complications After Lumpectomy, Sentinel Node and Radiotherapy in Breast Cancer Patients and Physiotherapy Care",Breast Neoplasm,"To make an inventory of the physiotherapeutic care and the post-operative complications of patients who have undergone lumpectomy, sentinel node and radiotherapy treatment.

The investigators expect to see a lack of consultation of physiotherapists by patients despite a significant number of complications, impacting the quality of life.",,COMPLETED,"Complications After Lumpectomy, Sentinel Node and Radiotherapy in Breast Cancer Patients and Physiotherapy Care Breast Neoplasm To make an inventory of the physiotherapeutic care and the post-operative complications of patients who have undergone lumpectomy, sentinel node and radiotherapy treatment.

The investigators expect to see a lack of consultation of physiotherapists by patients despite a significant number of complications, impacting the quality of life."
NCT04931420,Study Comparing Standard of Care Chemotherapy With/ Without Sequential Cytoreductive Surgery for Patients With Metastatic Foregut Cancer and Undetectable Circulating Tumor-Deoxyribose Nucleic Acid Levels,"Metastatic Cancer, Foregut Carcinoid Tumor, Gastric Adenocarcinoma, Gallbladder Adenocarcinoma, Liver Cancer, GI Cancer, GI Carcinoma, Lung Cancer","This study is designed for participants who have cancer of the upper gastrointestinal (GI) tract such as cancer of the esophagus, stomach, duodenum (the initial portion of your small intestine), pancreas, bile duct (Cholangiocarcinoma), ampulla, or gall bladder with limited sites of spread (metastases). Doctors leading this study are looking to see if treating the disease using sequential procedures (more than one procedure given one after another) such as surgeries or radiation can lead to better survival and if these surgeries, combined with standard of care treatment, are safe for the treatment of upper GI cancers.",PHASE2,WITHDRAWN,"Study Comparing Standard of Care Chemotherapy With/ Without Sequential Cytoreductive Surgery for Patients With Metastatic Foregut Cancer and Undetectable Circulating Tumor-Deoxyribose Nucleic Acid Levels Metastatic Cancer, Foregut Carcinoid Tumor, Gastric Adenocarcinoma, Gallbladder Adenocarcinoma, Liver Cancer, GI Cancer, GI Carcinoma, Lung Cancer This study is designed for participants who have cancer of the upper gastrointestinal (GI) tract such as cancer of the esophagus, stomach, duodenum (the initial portion of your small intestine), pancreas, bile duct (Cholangiocarcinoma), ampulla, or gall bladder with limited sites of spread (metastases). Doctors leading this study are looking to see if treating the disease using sequential procedures (more than one procedure given one after another) such as surgeries or radiation can lead to better survival and if these surgeries, combined with standard of care treatment, are safe for the treatment of upper GI cancers."
NCT06346782,Feasibility and Acceptability of Internet-based Parent-child Interaction Therapy (I-PCIT) in Pediatric Cancer,"Pediatric Cancer, Oncology, Disruptive Behavior","This study is being done to learn whether a telehealth intervention called ""Internet-Based Parent Child Interaction Therapy,"" or I-PCIT,"" can help parents improve the child's behavior if the child currently or previously went through cancer treatment.

Parents who choose to be in this study will complete a survey to help researchers figure out if the parent is eligible for the larger study. If a parent is eligible for the larger study and chooses to participate, if so, the participants will be randomly assigned to either receive the I-PCIT intervention now or to be on a waitlist and begin I-PCIT in 5-6 months. The whole study consists of completing I-PCIT sessions with a clinician and completing 3-4 follow-up surveys after the initial screener survey.",NA,RECRUITING,"Feasibility and Acceptability of Internet-based Parent-child Interaction Therapy (I-PCIT) in Pediatric Cancer Pediatric Cancer, Oncology, Disruptive Behavior This study is being done to learn whether a telehealth intervention called ""Internet-Based Parent Child Interaction Therapy,"" or I-PCIT,"" can help parents improve the child's behavior if the child currently or previously went through cancer treatment.

Parents who choose to be in this study will complete a survey to help researchers figure out if the parent is eligible for the larger study. If a parent is eligible for the larger study and chooses to participate, if so, the participants will be randomly assigned to either receive the I-PCIT intervention now or to be on a waitlist and begin I-PCIT in 5-6 months. The whole study consists of completing I-PCIT sessions with a clinician and completing 3-4 follow-up surveys after the initial screener survey."
NCT03142282,Consolidative Radiotherapy Plus Maintenance Chemotherapy for Metastatic Colorectal Cancer,"Metastatic Colorectal Cancer, Radiotherapy",This study is a randomized phase II trial of maintenance chemotherapy versus consolidative radiotherapy plus maintenance chemotherapy for patients with unresectable metastatic colorectal cancer (MCRC).,PHASE2,UNKNOWN,"Consolidative Radiotherapy Plus Maintenance Chemotherapy for Metastatic Colorectal Cancer Metastatic Colorectal Cancer, Radiotherapy This study is a randomized phase II trial of maintenance chemotherapy versus consolidative radiotherapy plus maintenance chemotherapy for patients with unresectable metastatic colorectal cancer (MCRC)."
NCT01245582,Oxaliplatin and Capecitabine on Top of Sorafenib Versus Sorafenib Alone in Advanced Hepatocellular Carcinoma Patients,Hepatic Neoplasm Malignant,"Primary Objective:

\- To evaluate the efficacy of SECOX regimen by adding oxaliplatin plus capecitabine to sorafenib versus sorafenib alone as palliative treatment for unresectable HCC patients to prolong overall survival (OS) for advanced HCC patients.

Secondary Objective:

* To compare the efficacy of SECOX regimen with Sorafenib alone for progression free survival (PFS)
* To compare the efficacy of SECOX regimen with Sorafenib alone for response rate (RR)
* To assess the overall safety profile of SECOX regimen in comparison of Sorafenib alone",PHASE3,WITHDRAWN,"Oxaliplatin and Capecitabine on Top of Sorafenib Versus Sorafenib Alone in Advanced Hepatocellular Carcinoma Patients Hepatic Neoplasm Malignant Primary Objective:

\- To evaluate the efficacy of SECOX regimen by adding oxaliplatin plus capecitabine to sorafenib versus sorafenib alone as palliative treatment for unresectable HCC patients to prolong overall survival (OS) for advanced HCC patients.

Secondary Objective:

* To compare the efficacy of SECOX regimen with Sorafenib alone for progression free survival (PFS)
* To compare the efficacy of SECOX regimen with Sorafenib alone for response rate (RR)
* To assess the overall safety profile of SECOX regimen in comparison of Sorafenib alone"
NCT01795924,Safety and Efficacy Study of PD-616 Plus Cytarabine to Treat Acute Myelogenous Leukemia or Myelodysplastic Syndrome,"Acute Myelogenous Leukemia, Myelodysplastic Syndrome",The purpose of this study is to determine whether PD-616 in combination with low-dose Cytarabine is safe and effective in the treatment of untreated or relapsed/refractory acute myelogenous leukemia (AML) or high-risk myelodysplastic syndrome (MDS).,"PHASE1, PHASE2",TERMINATED,"Safety and Efficacy Study of PD-616 Plus Cytarabine to Treat Acute Myelogenous Leukemia or Myelodysplastic Syndrome Acute Myelogenous Leukemia, Myelodysplastic Syndrome The purpose of this study is to determine whether PD-616 in combination with low-dose Cytarabine is safe and effective in the treatment of untreated or relapsed/refractory acute myelogenous leukemia (AML) or high-risk myelodysplastic syndrome (MDS)."
NCT00104923,Fenretinide in Treating Patients With Refractory or Relapsed Hematologic Cancer,"Chronic Myeloproliferative Disorders, Leukemia, Lymphoma, Multiple Myeloma and Plasma Cell Neoplasm","RATIONALE: Drugs used in chemotherapy, such as fenretinide, work in different ways to stop the growth of cancer cells, either by killing the cells or by stopping them from dividing. Giving fenretinide in a different way may kill more cancer cells.

PURPOSE: This phase I trial is studying the side effects and best dose of intravenous fenretinide in treating patients with refractory or relapsed hematologic cancer.",PHASE1,COMPLETED,"Fenretinide in Treating Patients With Refractory or Relapsed Hematologic Cancer Chronic Myeloproliferative Disorders, Leukemia, Lymphoma, Multiple Myeloma and Plasma Cell Neoplasm RATIONALE: Drugs used in chemotherapy, such as fenretinide, work in different ways to stop the growth of cancer cells, either by killing the cells or by stopping them from dividing. Giving fenretinide in a different way may kill more cancer cells.

PURPOSE: This phase I trial is studying the side effects and best dose of intravenous fenretinide in treating patients with refractory or relapsed hematologic cancer."
NCT02860923,Efficacy and Safety of Exenatide in the Treatment of Hypothalamic Obesity After Craniopharyngioma Therapy,"Craniopharyngiomas, Hypothalamic Obesity","This hypothalamic obesity is associated with serious metabolic and psychosocial consequences.

The purpose of the study is to compare the change of body weight after 6 months treatment with a lifestyle intervention + exenatide compare to the one after the same lifestyle intervention+ placebo in adults patients suffering from a hypothalamic obesity due to treatment of craniopharyngioma.",PHASE3,COMPLETED,"Efficacy and Safety of Exenatide in the Treatment of Hypothalamic Obesity After Craniopharyngioma Therapy Craniopharyngiomas, Hypothalamic Obesity This hypothalamic obesity is associated with serious metabolic and psychosocial consequences.

The purpose of the study is to compare the change of body weight after 6 months treatment with a lifestyle intervention + exenatide compare to the one after the same lifestyle intervention+ placebo in adults patients suffering from a hypothalamic obesity due to treatment of craniopharyngioma."
NCT04893759,A Study of Pelcitoclax (APG-1252) in Patients With Neuroendocrine Tumors,Neuroendocrine Tumors,"APG-1252 is a highly potent Bcl-2 family protein inhibitor, a promising drug candidate which shown high binding affinities to Bcl-2, Bcl-xL and Bcl-w. The preclinical studies have shown that APG-1252 alone achieves complete and persistent tumor regression in multiple tumor xenograft models with a twice weekly or weekly dose-schedule, including SCLC, colon, breast and ALL cancer xenografts; achieves strong synergy with the chemotherapeutic agents, indicating that APG-1252 may have a broad therapeutic potential for the treatment of human cancer as a single agent and in combination with other classes of anticancer drugs. APG-1252 is intended for the treatment of patients with neuroendocrine tumors. The purpose of the phase 1b study to establish the maximum tolerated dose (MTD), and/or recommended phase 2 dose (RP2D). Preliminary efficacy and pharmacokinetic properties will be aslo evaluated.",PHASE1,TERMINATED,"A Study of Pelcitoclax (APG-1252) in Patients With Neuroendocrine Tumors Neuroendocrine Tumors APG-1252 is a highly potent Bcl-2 family protein inhibitor, a promising drug candidate which shown high binding affinities to Bcl-2, Bcl-xL and Bcl-w. The preclinical studies have shown that APG-1252 alone achieves complete and persistent tumor regression in multiple tumor xenograft models with a twice weekly or weekly dose-schedule, including SCLC, colon, breast and ALL cancer xenografts; achieves strong synergy with the chemotherapeutic agents, indicating that APG-1252 may have a broad therapeutic potential for the treatment of human cancer as a single agent and in combination with other classes of anticancer drugs. APG-1252 is intended for the treatment of patients with neuroendocrine tumors. The purpose of the phase 1b study to establish the maximum tolerated dose (MTD), and/or recommended phase 2 dose (RP2D). Preliminary efficacy and pharmacokinetic properties will be aslo evaluated."
NCT06542159,Elimination of PTV Margins Based on Online Adaptive Stereotactic Radiotherapy for Early-stage Non-small Cell Lung Cancer or Pulmonary Oligometastases,"Adaptive Radiotherapy, Stereotactic Body Radiotherapy, Non-small Cell Lung Cancer, Lung Oligometastases, Toxicity",This study aims to explore the safety and efficacy of eliminating the PTV (planning target volume) margins based on online adaptive stereotactic radiotherapy for patients with early-stage non-small cell lung cancer (NSCLC) or pulmonary oligometastases.,PHASE2,RECRUITING,"Elimination of PTV Margins Based on Online Adaptive Stereotactic Radiotherapy for Early-stage Non-small Cell Lung Cancer or Pulmonary Oligometastases Adaptive Radiotherapy, Stereotactic Body Radiotherapy, Non-small Cell Lung Cancer, Lung Oligometastases, Toxicity This study aims to explore the safety and efficacy of eliminating the PTV (planning target volume) margins based on online adaptive stereotactic radiotherapy for patients with early-stage non-small cell lung cancer (NSCLC) or pulmonary oligometastases."
NCT05064059,A Study of Coformulated Favezelimab/Pembrolizumab (MK-4280A) Versus Standard of Care in Subjects With Previously Treated Metastatic PD-L1 Positive Colorectal Cancer (MK-4280A-007),Colorectal Cancer,"The purpose of this study is to assess the safety and efficacy of coformulated favezelimab/pembrolizumab (MK-4280A) in participants with metastatic colorectal cancer. The study will also compare MK-4280A with the standard of care treatment of regorafenib and TAS-102 (trifluridine and tipiracil).

The primary study hypothesis is that coformulated favezelimab/pembrolizumab (MK-4280A) is superior to standard of care with respect to overall survival.",PHASE3,COMPLETED,"A Study of Coformulated Favezelimab/Pembrolizumab (MK-4280A) Versus Standard of Care in Subjects With Previously Treated Metastatic PD-L1 Positive Colorectal Cancer (MK-4280A-007) Colorectal Cancer The purpose of this study is to assess the safety and efficacy of coformulated favezelimab/pembrolizumab (MK-4280A) in participants with metastatic colorectal cancer. The study will also compare MK-4280A with the standard of care treatment of regorafenib and TAS-102 (trifluridine and tipiracil).

The primary study hypothesis is that coformulated favezelimab/pembrolizumab (MK-4280A) is superior to standard of care with respect to overall survival."
NCT02695680,Lung SBRT Motion Management (GCC 1619),Lung Cancer,"Real-time optical surface monitoring data will be acquired from 44 human patients with primary or metastatic lung lesions during and after their 4DCT scan (standard-of-care at our institution). A patient-specific 4D model will be developed using the raw 4DCT projections time-correlated with real-time surface monitoring. In addition, before delivering each dose fraction (3 - 5 for lung SBRT), we will acquire three 15s kV fluoroscopic image acquisitions, time-correlated with optical surface monitoring. The acquisitions will be distributed over three well-spaced beam angles, e.g., every 4th angle for a 12-field plan.",,TERMINATED,"Lung SBRT Motion Management (GCC 1619) Lung Cancer Real-time optical surface monitoring data will be acquired from 44 human patients with primary or metastatic lung lesions during and after their 4DCT scan (standard-of-care at our institution). A patient-specific 4D model will be developed using the raw 4DCT projections time-correlated with real-time surface monitoring. In addition, before delivering each dose fraction (3 - 5 for lung SBRT), we will acquire three 15s kV fluoroscopic image acquisitions, time-correlated with optical surface monitoring. The acquisitions will be distributed over three well-spaced beam angles, e.g., every 4th angle for a 12-field plan."
NCT01218880,Study With M2ES and Gemcitabine for Patients With Advanced Pancreatic Cancer,Pancreatic Cancer,Phase I trail will be conducted to evaluate the safety of M2ES in combination with gemcitabine in locally advanced or metastatic pancreatic cancer.,PHASE1,UNKNOWN,Study With M2ES and Gemcitabine for Patients With Advanced Pancreatic Cancer Pancreatic Cancer Phase I trail will be conducted to evaluate the safety of M2ES in combination with gemcitabine in locally advanced or metastatic pancreatic cancer.
NCT03305380,"Radiomics to Identify Patients at Risk for Developing Pneumonitis, Differentiate Immune Checkpoint Inhibitor-induced Pneumonitis From Other Lung Inflammation and Distinguish Tumour Pseudo-progression From Real Tumour Growth",Stage IV Non-small Cell Lung Cancer,"The investigators will develop a radiomics signature for immune checkpoint-induced pneumonitis in 40 patients with a pulmonary event under anti-PD1 or anti-PD-L1 (cases) and 40 patients without a pulmonary event under anti-PD1 or anti-PD-L1 (controls).

On the basis of the case-control study of patients treated with anti-PD1 or anti-PD-L1, they will further optimise the model using reinforcement machine learning. The model will then be validated in 300 prospective patients.",,COMPLETED,"Radiomics to Identify Patients at Risk for Developing Pneumonitis, Differentiate Immune Checkpoint Inhibitor-induced Pneumonitis From Other Lung Inflammation and Distinguish Tumour Pseudo-progression From Real Tumour Growth Stage IV Non-small Cell Lung Cancer The investigators will develop a radiomics signature for immune checkpoint-induced pneumonitis in 40 patients with a pulmonary event under anti-PD1 or anti-PD-L1 (cases) and 40 patients without a pulmonary event under anti-PD1 or anti-PD-L1 (controls).

On the basis of the case-control study of patients treated with anti-PD1 or anti-PD-L1, they will further optimise the model using reinforcement machine learning. The model will then be validated in 300 prospective patients."
NCT00415779,ZANTE: Zometa and Taxotere in Hormone Refractory Prostate Cancer,Metastatic Prostate Cancer,This phase I trial is studying the side effects and best dose of docetaxel when given with zoledronic acid in patients with bone metastasis from prostate cancer that has not responded to hormone therapy.,PHASE1,COMPLETED,ZANTE: Zometa and Taxotere in Hormone Refractory Prostate Cancer Metastatic Prostate Cancer This phase I trial is studying the side effects and best dose of docetaxel when given with zoledronic acid in patients with bone metastasis from prostate cancer that has not responded to hormone therapy.
NCT05621096,Low Dose Radiation as Bridging Therapy in Relapsed B-Cell Non-Hodgkin Lymphoma,"DLBCL - Diffuse Large B Cell Lymphoma, High-grade B-cell Lymphoma, Follicular Lymphoma, Mediastinal Large B-cell Lymphoma, Indolent B-Cell Non-Hodgkin Lymphoma, Relapsed Non-Hodgkin Lymphoma, Refractory Non-Hodgkin Lymphoma","The goal of this clinical trial is to learn about treatment for people with B-cell lymphoma that did not respond to treatment or that has gotten worse after treatment. The aim of this trial is to answer the following questions:

* If it is realistic to give people radiation treatment before they receive a chimeric antigen receptor (CAR) T-cell treatment for their cancer
* If it is safe to give people radiation treatment before they receive a CAR T-cell treatment for their cancer",PHASE1,ACTIVE_NOT_RECRUITING,"Low Dose Radiation as Bridging Therapy in Relapsed B-Cell Non-Hodgkin Lymphoma DLBCL - Diffuse Large B Cell Lymphoma, High-grade B-cell Lymphoma, Follicular Lymphoma, Mediastinal Large B-cell Lymphoma, Indolent B-Cell Non-Hodgkin Lymphoma, Relapsed Non-Hodgkin Lymphoma, Refractory Non-Hodgkin Lymphoma The goal of this clinical trial is to learn about treatment for people with B-cell lymphoma that did not respond to treatment or that has gotten worse after treatment. The aim of this trial is to answer the following questions:

* If it is realistic to give people radiation treatment before they receive a chimeric antigen receptor (CAR) T-cell treatment for their cancer
* If it is safe to give people radiation treatment before they receive a CAR T-cell treatment for their cancer"
NCT02679196,"The Safety, Pharmacokinetic and Pharmacodynamic Effect of KA2237 (PI3 Kinase p110β/δ Inhibitor) In B Cell Lymphoma","Lymphoma, B Cell","Multiple ascending dose study to evaluate safety/tolerability, pharmacokinetic and pharmacodynamics effects of KA2237 (PI3 Kinase p110β/δ Inhibitor) in patients with B Cell Lymphoma and determine the maximum tolerated dose (MTD) in Part I of the study. In Part II, patients with B cell lymphoma will be treated with KA2237 at the MTD to evaluate safety and efficacy in the patient population.",PHASE1,COMPLETED,"The Safety, Pharmacokinetic and Pharmacodynamic Effect of KA2237 (PI3 Kinase p110β/δ Inhibitor) In B Cell Lymphoma Lymphoma, B Cell Multiple ascending dose study to evaluate safety/tolerability, pharmacokinetic and pharmacodynamics effects of KA2237 (PI3 Kinase p110β/δ Inhibitor) in patients with B Cell Lymphoma and determine the maximum tolerated dose (MTD) in Part I of the study. In Part II, patients with B cell lymphoma will be treated with KA2237 at the MTD to evaluate safety and efficacy in the patient population."
NCT07231796,Naldemedine in Clinical Practice in Cancer Patients With Opioid Induced CONstipation: Clinical Outcomes and Patient Experience,"Cancer, Opioid Induced Constipation (OIC)","This study looks at how well a medicine called naldemedine works for people with cancer who become constipated while taking opioids. Opioids are medications prescribed to treat persistent or severe pain. Opioids can slow down the bowel and make it hard to pass stool. About 6 out of 10 people who use opioids have constipation. Laxatives such as lactulose or macrogol are described to help with this problem. If laxatives do not work, doctors may use special medicines called opioid blockers that act only in the gut. These medicines help relieve constipation without reducing pain relief. Naldemedine is one of these opioid blockers. It became available in the Netherlands in 2024 but is not yet widely used. The goal of this study is to learn how well naldemedine works in everyday care and how people feel while using it. Researchers will collect information on both medical results and participants' experiences.",,RECRUITING,"Naldemedine in Clinical Practice in Cancer Patients With Opioid Induced CONstipation: Clinical Outcomes and Patient Experience Cancer, Opioid Induced Constipation (OIC) This study looks at how well a medicine called naldemedine works for people with cancer who become constipated while taking opioids. Opioids are medications prescribed to treat persistent or severe pain. Opioids can slow down the bowel and make it hard to pass stool. About 6 out of 10 people who use opioids have constipation. Laxatives such as lactulose or macrogol are described to help with this problem. If laxatives do not work, doctors may use special medicines called opioid blockers that act only in the gut. These medicines help relieve constipation without reducing pain relief. Naldemedine is one of these opioid blockers. It became available in the Netherlands in 2024 but is not yet widely used. The goal of this study is to learn how well naldemedine works in everyday care and how people feel while using it. Researchers will collect information on both medical results and participants' experiences."
NCT02168062,Supportive Therapy in Androgen Deprivation Clinic in Improving Health Outcomes and Managing Side Effects in Patients With Prostate Cancer,Prostate Adenocarcinoma,"This pilot partially-randomized phase II trial studies how well Supportive Therapy in Androgen Deprivation (STAND) clinic works in improving health outcomes and managing side effects in patients with prostate cancer. Individualized counseling regarding exercise and dietary habits may help improve patient understanding, satisfaction, and overall lessen adverse impact on quality of life caused by androgen deprivation.",PHASE2,TERMINATED,"Supportive Therapy in Androgen Deprivation Clinic in Improving Health Outcomes and Managing Side Effects in Patients With Prostate Cancer Prostate Adenocarcinoma This pilot partially-randomized phase II trial studies how well Supportive Therapy in Androgen Deprivation (STAND) clinic works in improving health outcomes and managing side effects in patients with prostate cancer. Individualized counseling regarding exercise and dietary habits may help improve patient understanding, satisfaction, and overall lessen adverse impact on quality of life caused by androgen deprivation."
NCT07123688,Diagnostic Value of Tc-99mMDP Bone Scan in Assessment of Renal Functions in Cancer Patients Compared to Estimated Glomerular Filtration Rate.,Cancer Patients Treated by Nephrotoxic Chemotherapy,"-To compare the glomerular filtration rate obtained by Tc-99mMDP through Gate's method to estimated glomerular filtration rate (eGFR) and assess if we can do metastatic work up and evaluate renal function at a single Tc-99mMDP study, thereby reducing cost, time and radiation exposure.",,NOT_YET_RECRUITING,"Diagnostic Value of Tc-99mMDP Bone Scan in Assessment of Renal Functions in Cancer Patients Compared to Estimated Glomerular Filtration Rate. Cancer Patients Treated by Nephrotoxic Chemotherapy -To compare the glomerular filtration rate obtained by Tc-99mMDP through Gate's method to estimated glomerular filtration rate (eGFR) and assess if we can do metastatic work up and evaluate renal function at a single Tc-99mMDP study, thereby reducing cost, time and radiation exposure."
NCT00955188,Computer-Based Tailored or Standard Information for Colorectal Cancer Screening,Colorectal Cancer,"RATIONALE: A computer program that provides information on colorectal cancer screening based on a patient's test preferences may be more effective than a computer program that gives standard information in helping patients get regular colorectal cancer screenings.

PURPOSE: This randomized clinical trial is studying computer-based tailored information to see how well it works compared with standard information for colorectal cancer screening.",,COMPLETED,"Computer-Based Tailored or Standard Information for Colorectal Cancer Screening Colorectal Cancer RATIONALE: A computer program that provides information on colorectal cancer screening based on a patient's test preferences may be more effective than a computer program that gives standard information in helping patients get regular colorectal cancer screenings.

PURPOSE: This randomized clinical trial is studying computer-based tailored information to see how well it works compared with standard information for colorectal cancer screening."
NCT01356303,Docetaxel Combined With Cisplatin as First Line in Patients With Metastatic Non-small Cell Lung Cancer,Non-small Cell Lung Cancer Metastatic,"This is a phase II, open-label clinical study prospectively enrolling 40 metastatic patients with non small cell lung cancer. The study will enroll patients at King Abdulaziz Medical City, Riyadh.

Sub-sites will be open for patient accrual in selected centers in the Kingdom.",PHASE2,SUSPENDED,"Docetaxel Combined With Cisplatin as First Line in Patients With Metastatic Non-small Cell Lung Cancer Non-small Cell Lung Cancer Metastatic This is a phase II, open-label clinical study prospectively enrolling 40 metastatic patients with non small cell lung cancer. The study will enroll patients at King Abdulaziz Medical City, Riyadh.

Sub-sites will be open for patient accrual in selected centers in the Kingdom."
NCT02974803,Concurrent Dabrafenib + Trametinib With Sterotactic Radiation in BRAF Mutation-Positive Malignant Melanoma and Brain Metastases,"Melanoma, Brain Metastases",Dabrafenib and trametinib are drugs that are usually given for the treatment of melanoma. Combinations of dabrafenib and trametinib have also been studied and when used together have shown to increase tumour shrinkage in animals compared to either drug alone. Dabrafenib and trametinib have also shown potential to penetrate the blood-brain-barrier when given together and have an effect on brain metastases. Giving these drugs at the same time and then giving brain stereotactic radiosurgery (SRS) may also be preferred in patients with brain metastases,PHASE2,TERMINATED,"Concurrent Dabrafenib + Trametinib With Sterotactic Radiation in BRAF Mutation-Positive Malignant Melanoma and Brain Metastases Melanoma, Brain Metastases Dabrafenib and trametinib are drugs that are usually given for the treatment of melanoma. Combinations of dabrafenib and trametinib have also been studied and when used together have shown to increase tumour shrinkage in animals compared to either drug alone. Dabrafenib and trametinib have also shown potential to penetrate the blood-brain-barrier when given together and have an effect on brain metastases. Giving these drugs at the same time and then giving brain stereotactic radiosurgery (SRS) may also be preferred in patients with brain metastases"
NCT00422903,Letrozole In Combination With Lapatinib In Neoadjuvant Treatment Of Early Breast Cancer,"Neoplasms, Breast",Evaluate the percentage of clinical objective responses (cOR) in patients with HER2 negative early breast cancer treated with pre operative (neoadjuvant)lapatinib and letrozole,PHASE2,COMPLETED,"Letrozole In Combination With Lapatinib In Neoadjuvant Treatment Of Early Breast Cancer Neoplasms, Breast Evaluate the percentage of clinical objective responses (cOR) in patients with HER2 negative early breast cancer treated with pre operative (neoadjuvant)lapatinib and letrozole"
NCT04413227,A Phase Ib Study With Pegylated Recombinant Human Endostatin in Advanced / Metastatic NSCLC or Other Solid Tumors,"NSCLC, Solid Tumor","The primary purpose of this study is to examine the safety, tolerability and pharmacokinetics of PEG-ENDO in combination with docetaxel in subjects previously treated or untreated (standard therapy is not suitable or without standard therapy) for advanced or metatatic non-small cell lung cancer (NSCLC) or other solid tumors.",PHASE1,UNKNOWN,"A Phase Ib Study With Pegylated Recombinant Human Endostatin in Advanced / Metastatic NSCLC or Other Solid Tumors NSCLC, Solid Tumor The primary purpose of this study is to examine the safety, tolerability and pharmacokinetics of PEG-ENDO in combination with docetaxel in subjects previously treated or untreated (standard therapy is not suitable or without standard therapy) for advanced or metatatic non-small cell lung cancer (NSCLC) or other solid tumors."
NCT04308642,Study to Evaluate Blood and Urine Kidney Injury Markers to Facilitate Early Detection of Renal Adverse Drug Events in Pediatric Cancer Patients Treated With Nephrotoxic Chemotherapy,Kidney Impairment,This study is to investigate blood and urine kidney injury markers (especially Uromodulin) in pediatric cancer patients treated with nephrotoxic chemotherapy. Uromodulin is a marker to detect and monitor tubular injury and renal function.,,COMPLETED,Study to Evaluate Blood and Urine Kidney Injury Markers to Facilitate Early Detection of Renal Adverse Drug Events in Pediatric Cancer Patients Treated With Nephrotoxic Chemotherapy Kidney Impairment This study is to investigate blood and urine kidney injury markers (especially Uromodulin) in pediatric cancer patients treated with nephrotoxic chemotherapy. Uromodulin is a marker to detect and monitor tubular injury and renal function.
NCT01026142,A Study of a Combination of Trastuzumab and Capecitabine With or Without Pertuzumab in Patients With HER2-positive Metastatic Breast Cancer (PHEREXA),Breast Cancer,"This randomized, two-arm study evaluated the efficacy and safety of a combination of trastuzumab and capecitabine with or without pertuzumab in patients with human epidermal growth factor receptor 2 (HER2)-positive metastatic breast cancer. The study population consisted of female patients, whose disease had progressed during or following previous trastuzumab therapy for metastatic disease. All patients in Arm A and Arm B received trastuzumab (8 mg/kg iv as loading dose and then 6 mg/kg iv every 3 weeks thereafter) and capecitabine oral twice daily for 14 days every 3 weeks (1250 mg/m2 twice daily in Arm A and 1000 mg/m2 twice daily in Arm B). In addition, patients in Arm B received pertuzumab (840 mg iv as loading dose and then 420 mg iv thereafter) every 3 weeks. Study treatment continued until disease progression or unacceptable toxicity.",PHASE3,COMPLETED,"A Study of a Combination of Trastuzumab and Capecitabine With or Without Pertuzumab in Patients With HER2-positive Metastatic Breast Cancer (PHEREXA) Breast Cancer This randomized, two-arm study evaluated the efficacy and safety of a combination of trastuzumab and capecitabine with or without pertuzumab in patients with human epidermal growth factor receptor 2 (HER2)-positive metastatic breast cancer. The study population consisted of female patients, whose disease had progressed during or following previous trastuzumab therapy for metastatic disease. All patients in Arm A and Arm B received trastuzumab (8 mg/kg iv as loading dose and then 6 mg/kg iv every 3 weeks thereafter) and capecitabine oral twice daily for 14 days every 3 weeks (1250 mg/m2 twice daily in Arm A and 1000 mg/m2 twice daily in Arm B). In addition, patients in Arm B received pertuzumab (840 mg iv as loading dose and then 420 mg iv thereafter) every 3 weeks. Study treatment continued until disease progression or unacceptable toxicity."
NCT05918042,A Non-interventional Prospective Study of 1-st Line Treatment Approaches in OVArian Cancer Patients With HRD+ Status in Russian Federation,Ovarian Cancer,"Study population will consist of HRD+ (BRCAm +/- positive genomic instability score according to used test system) OC with available medical history. It is estimated that approximately 400 patients will be enrolled in approximately 25 sites. Demographic and clinical characteristics, treatment approaches and outcomes in HRD+ patients with high-grade epithelial ovarian, primary peritoneal, and/or fallopian tube cancer will be collected at baseline and on prospective visits.",,COMPLETED,"A Non-interventional Prospective Study of 1-st Line Treatment Approaches in OVArian Cancer Patients With HRD+ Status in Russian Federation Ovarian Cancer Study population will consist of HRD+ (BRCAm +/- positive genomic instability score according to used test system) OC with available medical history. It is estimated that approximately 400 patients will be enrolled in approximately 25 sites. Demographic and clinical characteristics, treatment approaches and outcomes in HRD+ patients with high-grade epithelial ovarian, primary peritoneal, and/or fallopian tube cancer will be collected at baseline and on prospective visits."
NCT04998786,"A Multi-center Open-label Phase 2 Study of Ixazomib, Iberdomide and Dexamethasone in Elderly Patients With Multiple Myeloma at First Relapse.""",Multiple Myeloma at First Relapse,"This is a phase II, multicenter, open-label study to evaluate the rate of patients achieving very good partial response (VGPR) or better to the oral combination Iberdomide Ixazomib Dexamethasone in elderly patients with multiple myeloma at first relapse .

The patient population will consist of adult men and women more than 70 years, who meet eligibility criteria.

Following the screening period, patients will be enrolled and treated then, they will receive therapy with Iberdomide, Ixazomib and Dexaméthasone during 6 cycles and Iberdomide and Ixazomib until progression.",PHASE2,ACTIVE_NOT_RECRUITING,"A Multi-center Open-label Phase 2 Study of Ixazomib, Iberdomide and Dexamethasone in Elderly Patients With Multiple Myeloma at First Relapse."" Multiple Myeloma at First Relapse This is a phase II, multicenter, open-label study to evaluate the rate of patients achieving very good partial response (VGPR) or better to the oral combination Iberdomide Ixazomib Dexamethasone in elderly patients with multiple myeloma at first relapse .

The patient population will consist of adult men and women more than 70 years, who meet eligibility criteria.

Following the screening period, patients will be enrolled and treated then, they will receive therapy with Iberdomide, Ixazomib and Dexaméthasone during 6 cycles and Iberdomide and Ixazomib until progression."
NCT03685370,PERiX: Comparison of Efficacy Between Placement of Epidural Catheters X-ray Guided and LOS Technique,"Postoperative Pain, Postoperative Complications, Pancreatic Cancer, Haemodynamic Instability","The use of epidural catheters for postoperative analgesia in pancreatic surgery is recommended by the guidelines of the ERAS society. Some studies claim it may expose to hemodynamic alterations that may compromise outcome and increase postoperative complications, attributable to a malfunction of the catheter itself, often linked to a bad positioning, since this is usually positioned with LOS technique. Our hypothesis is that a positioning made using the radiographic guide the day before the intervention can significantly reduce the number of catheter's dysfunctions.",NA,UNKNOWN,"PERiX: Comparison of Efficacy Between Placement of Epidural Catheters X-ray Guided and LOS Technique Postoperative Pain, Postoperative Complications, Pancreatic Cancer, Haemodynamic Instability The use of epidural catheters for postoperative analgesia in pancreatic surgery is recommended by the guidelines of the ERAS society. Some studies claim it may expose to hemodynamic alterations that may compromise outcome and increase postoperative complications, attributable to a malfunction of the catheter itself, often linked to a bad positioning, since this is usually positioned with LOS technique. Our hypothesis is that a positioning made using the radiographic guide the day before the intervention can significantly reduce the number of catheter's dysfunctions."
NCT06544070,Capillary Blood Accuracy,Cancer,"Entia is a health technology company that has developed a blood testing device called Entia Liberty, which analyses blood collected by a finger prick. Entia is sponsoring this research study to compare the results from Entia Liberty finger prick tests to results from the gold-standard laboratory analyser that tests blood from the arm, port, or PICC line.",,NOT_YET_RECRUITING,"Capillary Blood Accuracy Cancer Entia is a health technology company that has developed a blood testing device called Entia Liberty, which analyses blood collected by a finger prick. Entia is sponsoring this research study to compare the results from Entia Liberty finger prick tests to results from the gold-standard laboratory analyser that tests blood from the arm, port, or PICC line."
NCT05641870,Molecular Profiling and Dynamic Changes of ctDNA in Unresectable Locally Advanced NSCLC,"Lung Cancer, Stage III Lung Cancer, Unresectable Lung Carcinoma","Multi-center observational clinical study to evaluate the application value of ctDNA monitoring in efficacy assessment and relapse prediction in patients diagnosed with unresectable, locally advanced NSCLC receiving CRT with or without durvalumab maintenance treatment.",,UNKNOWN,"Molecular Profiling and Dynamic Changes of ctDNA in Unresectable Locally Advanced NSCLC Lung Cancer, Stage III Lung Cancer, Unresectable Lung Carcinoma Multi-center observational clinical study to evaluate the application value of ctDNA monitoring in efficacy assessment and relapse prediction in patients diagnosed with unresectable, locally advanced NSCLC receiving CRT with or without durvalumab maintenance treatment."
NCT00022373,Iseganan Hydrochloride in Preventing Oral Mucositis in Patients Who Are Undergoing Radiation Therapy for Head and Neck Cancer,"Head and Neck Cancer, Oral Complications of Radiation Therapy, Radiation Toxicity","RATIONALE: Iseganan hydrochloride may be effective in preventing or lessening oral mucositis in patients who are receiving radiation therapy for head and neck cancer. It is not yet known if iseganan hydrochloride is effective in preventing oral mucositis.

PURPOSE: Randomized phase III trial to determine the effectiveness of iseganan hydrochloride in preventing oral mucositis in patients who are receiving radiation therapy for head and neck cancer.",PHASE3,UNKNOWN,"Iseganan Hydrochloride in Preventing Oral Mucositis in Patients Who Are Undergoing Radiation Therapy for Head and Neck Cancer Head and Neck Cancer, Oral Complications of Radiation Therapy, Radiation Toxicity RATIONALE: Iseganan hydrochloride may be effective in preventing or lessening oral mucositis in patients who are receiving radiation therapy for head and neck cancer. It is not yet known if iseganan hydrochloride is effective in preventing oral mucositis.

PURPOSE: Randomized phase III trial to determine the effectiveness of iseganan hydrochloride in preventing oral mucositis in patients who are receiving radiation therapy for head and neck cancer."
NCT03095573,Comparison Between Axial- and Lateral-viewing Capsule Endoscopy in Celiac Disease,Celiac Disease,"Video capsule endoscopy (VCE) is recommended as the gold standard in small bowel exploration. The efficiency of the axial-viewing (Given, Imaging) has been widely reported. The CapsoCam capsule (Capsovision, California, USA) has four cameras allowing the exploration of the small bowel through 360 degree lateral viewing. Celiac disease is the most common autoimmune enteropathy in Western countries, and is usually associated with a good response to the gluten free diet and an excellent prognosis. However, a minority of patients develop complications of the disease, such as refractory celiac disease, ulcerative jejunoileitis and neoplastic complications such as adenocarcinoma of the small bowel and enteropathy associated T cell lymphoma. In recent years, the detection of small bowel lesions has dramatically improved thank to the availability of capsule endoscopy exploration. The aim of this study was to evaluate detection rate and diagnostic concordance of the axial view capsule and CapsoCam capsules in the same patients.",NA,UNKNOWN,"Comparison Between Axial- and Lateral-viewing Capsule Endoscopy in Celiac Disease Celiac Disease Video capsule endoscopy (VCE) is recommended as the gold standard in small bowel exploration. The efficiency of the axial-viewing (Given, Imaging) has been widely reported. The CapsoCam capsule (Capsovision, California, USA) has four cameras allowing the exploration of the small bowel through 360 degree lateral viewing. Celiac disease is the most common autoimmune enteropathy in Western countries, and is usually associated with a good response to the gluten free diet and an excellent prognosis. However, a minority of patients develop complications of the disease, such as refractory celiac disease, ulcerative jejunoileitis and neoplastic complications such as adenocarcinoma of the small bowel and enteropathy associated T cell lymphoma. In recent years, the detection of small bowel lesions has dramatically improved thank to the availability of capsule endoscopy exploration. The aim of this study was to evaluate detection rate and diagnostic concordance of the axial view capsule and CapsoCam capsules in the same patients."
NCT05110573,Single-centre Propensity Score-matched Comparison of Laparoscopic Versus Open Pancreatoduodenectomy,Pancreatic Neoplasms,"Minimally invasive pancreatoduodenectomy is increasingly performed. However, technical challenges and a perceived higher risk of complications has hindered wide adoption of a minimally invasive approach.

This is a retrospective comparison of a prospectively kept database. The investigators compared surgical outcomes and survival after laparoscopic (LPD) versus open pancreatoduodenectomy (OPD). In order to reduce the effect of bias and confounding, baseline characteristics of both groups were matched using propensity score matching.",,COMPLETED,"Single-centre Propensity Score-matched Comparison of Laparoscopic Versus Open Pancreatoduodenectomy Pancreatic Neoplasms Minimally invasive pancreatoduodenectomy is increasingly performed. However, technical challenges and a perceived higher risk of complications has hindered wide adoption of a minimally invasive approach.

This is a retrospective comparison of a prospectively kept database. The investigators compared surgical outcomes and survival after laparoscopic (LPD) versus open pancreatoduodenectomy (OPD). In order to reduce the effect of bias and confounding, baseline characteristics of both groups were matched using propensity score matching."
NCT06800469,Gut Microbiota Analysis in Patients Undergoing Duodencephalopancreasectomy for Pancreatic Cancer,"Pancreatic Cancer, Adult",Pancreatic head cancer represents one of the most frequent malignancies with an incidence of about 13500 new cases each year. The primary objective of the study is to test whether there are bacterial species associated with increased risk of complications in patients with peri-ampullary neoplasia undergoing DCP.,NA,RECRUITING,"Gut Microbiota Analysis in Patients Undergoing Duodencephalopancreasectomy for Pancreatic Cancer Pancreatic Cancer, Adult Pancreatic head cancer represents one of the most frequent malignancies with an incidence of about 13500 new cases each year. The primary objective of the study is to test whether there are bacterial species associated with increased risk of complications in patients with peri-ampullary neoplasia undergoing DCP."
NCT03671369,"A Post-marketing Surveillance Study to Assess the Safety of Cervarix (GlaxoSmithKline [GSK] Biologicals' Human Papillomavirus [HPV] -16/18 Vaccine), When Administered According to the Approved Prescribing Information (PI) in Korea","Neoplasms, Rectal","The purpose of this post-marketing surveillance (PMS) study is to collect safety information on the use of Cervarix upon the expanded indication to anal cancer to both women and men (at least 600 Korean women and men) within 30 days after each vaccination dose, when administered according to the approved prescribing information (PI) in Korea in a real health care setting over a period of 4 years.",,COMPLETED,"A Post-marketing Surveillance Study to Assess the Safety of Cervarix (GlaxoSmithKline [GSK] Biologicals' Human Papillomavirus [HPV] -16/18 Vaccine), When Administered According to the Approved Prescribing Information (PI) in Korea Neoplasms, Rectal The purpose of this post-marketing surveillance (PMS) study is to collect safety information on the use of Cervarix upon the expanded indication to anal cancer to both women and men (at least 600 Korean women and men) within 30 days after each vaccination dose, when administered according to the approved prescribing information (PI) in Korea in a real health care setting over a period of 4 years."
NCT02903069,Study of Marizomib With Temozolomide and Radiotherapy in Patients With Newly Diagnosed Brain Cancer,"Glioblastoma, Malignant Glioma","This study is for newly diagnosed WHO Grade IV malignant glioma patients to determine whether an investigational drug known as marizomib (MRZ) will improve the treatment of newly diagnosed glioblastoma patients by delaying the growth of the cancer, reducing the size of the tumor, and/or improving survival. Marizomib (MRZ) is being added to standard-of-care treatments of radiotherapy (RT), temozolomide (TMZ), and Optune.",PHASE1,COMPLETED,"Study of Marizomib With Temozolomide and Radiotherapy in Patients With Newly Diagnosed Brain Cancer Glioblastoma, Malignant Glioma This study is for newly diagnosed WHO Grade IV malignant glioma patients to determine whether an investigational drug known as marizomib (MRZ) will improve the treatment of newly diagnosed glioblastoma patients by delaying the growth of the cancer, reducing the size of the tumor, and/or improving survival. Marizomib (MRZ) is being added to standard-of-care treatments of radiotherapy (RT), temozolomide (TMZ), and Optune."
NCT01513083,A Study of Trastuzumab Emtansine in Patients With HER2-Positive Metastatic Breast Cancer and Normal or Reduced Hepatic Function,Breast Cancer,"This open-label, parallel group study will evaluate the pharmacokinetics and safety of trastuzumab emtansine in patients with HER2-positive metastatic breast cancer and normal or reduced hepatic function. Patients will receive trastuzumab emtansine intravenously on Day 1 of each 3-week cycle. Anticipated time on study treatment is until disease progression or unacceptable toxicity occurs.",PHASE1,COMPLETED,"A Study of Trastuzumab Emtansine in Patients With HER2-Positive Metastatic Breast Cancer and Normal or Reduced Hepatic Function Breast Cancer This open-label, parallel group study will evaluate the pharmacokinetics and safety of trastuzumab emtansine in patients with HER2-positive metastatic breast cancer and normal or reduced hepatic function. Patients will receive trastuzumab emtansine intravenously on Day 1 of each 3-week cycle. Anticipated time on study treatment is until disease progression or unacceptable toxicity occurs."
NCT06702683,The Correlation Between Blood Concentration of Sintilimab and Efficacy and Adverse Reactions in Patients with Advanced Gastric Cancer,"Gastric Carcinoma, Gastric Neoplasm, Gastric (cardia, Body) Cancer, Gastric Cancer Adenocarcinoma Metastatic","Compared with other anti-tumor drugs, immune checkpoint inhibitors (ICIs) have their own unique pharmacokinetics (PK) and pharmacodynamics (PD), and affect patient clinical outcomes. However, at present, the data on the PK and PD characteristics of ICIs in the Chinese population are still lacking, thus further clinical trials are needed to verify them. At the same time, a large proportion of patients have no response to ICIs or the efficacy is poor, and even bring greater side effects, so it is particularly important to find effective biomarkers to predict the efficacy and adverse reactions of patients with ICIs treatment.The purpose of this study is to explore the correlation between blood concentration of Sintilimab and related predictors with efficacy and adverse reactions in patients with advanced gastric cancer so as to provide clinical reference for individualized treatment of patients with gastric cancer.",,RECRUITING,"The Correlation Between Blood Concentration of Sintilimab and Efficacy and Adverse Reactions in Patients with Advanced Gastric Cancer Gastric Carcinoma, Gastric Neoplasm, Gastric (cardia, Body) Cancer, Gastric Cancer Adenocarcinoma Metastatic Compared with other anti-tumor drugs, immune checkpoint inhibitors (ICIs) have their own unique pharmacokinetics (PK) and pharmacodynamics (PD), and affect patient clinical outcomes. However, at present, the data on the PK and PD characteristics of ICIs in the Chinese population are still lacking, thus further clinical trials are needed to verify them. At the same time, a large proportion of patients have no response to ICIs or the efficacy is poor, and even bring greater side effects, so it is particularly important to find effective biomarkers to predict the efficacy and adverse reactions of patients with ICIs treatment.The purpose of this study is to explore the correlation between blood concentration of Sintilimab and related predictors with efficacy and adverse reactions in patients with advanced gastric cancer so as to provide clinical reference for individualized treatment of patients with gastric cancer."
NCT00970983,"Axillary Dissection Based on the Histological Result of the Sentinel Node, in Patients With Breast Carcinoma",Breast Carcinoma,"The purpose of this study is to evaluate the disease free and overall survival of patients with breast carcinomas of small size, i.e., not greater than 2.0 cm and with clinically non palpable axillary lymph nodes, undergoing either conservative surgery and axillary dissection, or a similar treatment for the primary tumor and rapid analysis of the sentinel lymph node, the result of which determines axillary node dissection or its avoidance is based.",NA,COMPLETED,"Axillary Dissection Based on the Histological Result of the Sentinel Node, in Patients With Breast Carcinoma Breast Carcinoma The purpose of this study is to evaluate the disease free and overall survival of patients with breast carcinomas of small size, i.e., not greater than 2.0 cm and with clinically non palpable axillary lymph nodes, undergoing either conservative surgery and axillary dissection, or a similar treatment for the primary tumor and rapid analysis of the sentinel lymph node, the result of which determines axillary node dissection or its avoidance is based."
NCT05011383,"High Dose Testosterone for ATM, CDK12 or CHEK2 Altered Prostate Cancers",Metastatic Prostate Cancer,"This study will determine whether the presence of DNA repair deficiency in the form of alterations in the genes ATM, CDK12 or CHEK2 predicts for a high likelihood of responding to the use of intermittent high dose testosterone. This therapy may result in responses in tumors which are genetically unstable because of DNA repair deficiency and this is a prospective study to test that hypothesis",PHASE2,RECRUITING,"High Dose Testosterone for ATM, CDK12 or CHEK2 Altered Prostate Cancers Metastatic Prostate Cancer This study will determine whether the presence of DNA repair deficiency in the form of alterations in the genes ATM, CDK12 or CHEK2 predicts for a high likelihood of responding to the use of intermittent high dose testosterone. This therapy may result in responses in tumors which are genetically unstable because of DNA repair deficiency and this is a prospective study to test that hypothesis"
NCT02939183,Phase 1b Study Evaluating OPomD in Relapsed or Refractory Multiple Myeloma,Relapsed or Refractory Multiple Myeloma,A study evaluating two new formulations of oprozomib plus pomalidomide and dexamethasone in participants with relapsed refractory multiple myeloma.,PHASE1,COMPLETED,Phase 1b Study Evaluating OPomD in Relapsed or Refractory Multiple Myeloma Relapsed or Refractory Multiple Myeloma A study evaluating two new formulations of oprozomib plus pomalidomide and dexamethasone in participants with relapsed refractory multiple myeloma.
NCT05612841,A Study on Drug-drug Interactions in Patients Treated With Anticancer Agents for a Prostate Cancer in Real Life Setting,Prostatic Neoplasm,"This will be a national observational, non-randomised, multicentre study, conducted in France.

Patients will be recruited in routine clinical practice by office- or hospital-based urology and/or oncology specialists when a first line treatment for their castrate resistant prostate cancer is initiated. The decision to treat patients with either agent preceding study enrolment will be left to the investigator's decision, per routine clinical practice. The nature of treatment and clinical care of patients will not be influenced by their participation in the study. All patients meeting the study criteria who visit the study physician will be consecutively invited to participate in the study to minimise recruitment bias. All medications administered will be collected. This is a non-interventional study. The investigators are free to choose products, and modalities of administration in accordance with the local Summary of Product Characteristics Therefore, the decision to prescribe one of these therapies must be made prior to and independently from the decision to enrol patients in this non interventional study.

Potential DDI will be identified using electronic screening methods (Micromedex Software and Theriaque Software).

This design will enable assessment of treatment and subsequent outcomes based on local standards, and is likely to encompass a wider range of therapeutic decisions compared with the stricter, defined limits on therapy required by investigational study protocols. Decisions and outcomes made in real-world conditions are likely to be more widely applicable to clinical practice than those from interventional studies.

Following French regulation there is no need for an approval of ethic committee for this type of observational study.",,UNKNOWN,"A Study on Drug-drug Interactions in Patients Treated With Anticancer Agents for a Prostate Cancer in Real Life Setting Prostatic Neoplasm This will be a national observational, non-randomised, multicentre study, conducted in France.

Patients will be recruited in routine clinical practice by office- or hospital-based urology and/or oncology specialists when a first line treatment for their castrate resistant prostate cancer is initiated. The decision to treat patients with either agent preceding study enrolment will be left to the investigator's decision, per routine clinical practice. The nature of treatment and clinical care of patients will not be influenced by their participation in the study. All patients meeting the study criteria who visit the study physician will be consecutively invited to participate in the study to minimise recruitment bias. All medications administered will be collected. This is a non-interventional study. The investigators are free to choose products, and modalities of administration in accordance with the local Summary of Product Characteristics Therefore, the decision to prescribe one of these therapies must be made prior to and independently from the decision to enrol patients in this non interventional study.

Potential DDI will be identified using electronic screening methods (Micromedex Software and Theriaque Software).

This design will enable assessment of treatment and subsequent outcomes based on local standards, and is likely to encompass a wider range of therapeutic decisions compared with the stricter, defined limits on therapy required by investigational study protocols. Decisions and outcomes made in real-world conditions are likely to be more widely applicable to clinical practice than those from interventional studies.

Following French regulation there is no need for an approval of ethic committee for this type of observational study."
NCT05278754,Independent Predictors Analysis and Model Construction of Cavitary Central Lung Cancer,Central Lung Cancer,"This study is a retrospective, multicenter clinical study. The main goal is to identify the risk factors for cavity formation in central-type lung cancer lesions, and to construct a prediction model for cavity formation in central-type lung cancer lesions based on the above risk factors.",,UNKNOWN,"Independent Predictors Analysis and Model Construction of Cavitary Central Lung Cancer Central Lung Cancer This study is a retrospective, multicenter clinical study. The main goal is to identify the risk factors for cavity formation in central-type lung cancer lesions, and to construct a prediction model for cavity formation in central-type lung cancer lesions based on the above risk factors."
NCT00804154,Resiniferatoxin to Treat Severe Pain Associated With Advanced Cancer,"Intractable Pain, Palliative Care","This study will examine the safety of giving the experimental drug, resiniferatoxin (RTX), to treat severe pain in patients with advanced cancer. RTX is a chemical extracted from a cactus-like plant. It is similar to capsaicin, the active ingredient in hot pepper. RTX has relieved pain and reduced the need for pain medication in several animal experiments. It works by destroying nerves that transmit pain information.

People at least 18 years of age with severe pain from advanced cancer at or below the level of the chest that cannot be controlled with standard treatments may be eligible for this study. Participants undergo the following procedures:

Pretreatment Visit

Before beginning treatment with RTX, patients give a medical history and undergo a physical examination that includes:

* Electrocardiogram (EKG)
* Blood draw
* Urinalysis
* Neurological examinations
* Peak expiratory flow rate (PEFR)
* Eye examination
* MRI
* Urology assessment
* Pregnancy test, when appropriate
* Questionnaires to collect information on health, personality, mood, pain levels and symptoms.

  2-Day Hospitalization

Patients are hospitalized for 2 days for RTX injection and monitoring, as follows:

* RTX injection: RTX is injected in the operating room under general anesthesia. It is given through a catheter placed in the patient s spine. The catheter is also used to obtain samples of cerebrospinal fluid (CSF) the clear fluid that bathes the spinal cord. The fluid is examined to assess drug effects and side effects, chemical changes in the content of the CSF associated with RTX, and how RTX is handled by the body.
* Post-injection monitoring, including:
* Surveys about symptoms such as pain or weakness
* Neurological examinations
* Blood and CSF sampling
* EKG
* AEs

Outpatient followup

* Vitals
* Blood draw, Urinalysis, neurological and sensory testing, EKG on days 7, 14 and 30 after the injection
* MRI scans of the head and back, Urology assessment and PEFR on day 15 after the injection
* Eye examination
* Follow-up phone calls monthly for 6 months",PHASE1,RECRUITING,"Resiniferatoxin to Treat Severe Pain Associated With Advanced Cancer Intractable Pain, Palliative Care This study will examine the safety of giving the experimental drug, resiniferatoxin (RTX), to treat severe pain in patients with advanced cancer. RTX is a chemical extracted from a cactus-like plant. It is similar to capsaicin, the active ingredient in hot pepper. RTX has relieved pain and reduced the need for pain medication in several animal experiments. It works by destroying nerves that transmit pain information.

People at least 18 years of age with severe pain from advanced cancer at or below the level of the chest that cannot be controlled with standard treatments may be eligible for this study. Participants undergo the following procedures:

Pretreatment Visit

Before beginning treatment with RTX, patients give a medical history and undergo a physical examination that includes:

* Electrocardiogram (EKG)
* Blood draw
* Urinalysis
* Neurological examinations
* Peak expiratory flow rate (PEFR)
* Eye examination
* MRI
* Urology assessment
* Pregnancy test, when appropriate
* Questionnaires to collect information on health, personality, mood, pain levels and symptoms.

  2-Day Hospitalization

Patients are hospitalized for 2 days for RTX injection and monitoring, as follows:

* RTX injection: RTX is injected in the operating room under general anesthesia. It is given through a catheter placed in the patient s spine. The catheter is also used to obtain samples of cerebrospinal fluid (CSF) the clear fluid that bathes the spinal cord. The fluid is examined to assess drug effects and side effects, chemical changes in the content of the CSF associated with RTX, and how RTX is handled by the body.
* Post-injection monitoring, including:
* Surveys about symptoms such as pain or weakness
* Neurological examinations
* Blood and CSF sampling
* EKG
* AEs

Outpatient followup

* Vitals
* Blood draw, Urinalysis, neurological and sensory testing, EKG on days 7, 14 and 30 after the injection
* MRI scans of the head and back, Urology assessment and PEFR on day 15 after the injection
* Eye examination
* Follow-up phone calls monthly for 6 months"
NCT05071105,SBRT in Early Breast Cancer in Elderly Women,Breast Neoplasm Female,"Surgical treatment represents the standard of local therapy in patients with early breast cancer, however in women over75, the comorbidities related to aging reduce the possibility of candidates for surgical treatment. In the United Kingdom it is estimated that over 40% of elderly women do not receive surgery for their breast cancer, and that their primary treatment is hormonal only, the so-called primary endocrinotherapy.

In Italy the recent AIOM guidelines of 2019 exclude, in patients with hormone-sensitive disease and age older than 70, the omission of surgery in favor of hormone therapy alone, thus underlining the importance of a treatment local. However, there are currently no local treatments that could in any way effectively control the primary tumor.

In recent years, SRT has widely found space as a therapeutic alternative in patients not fit for surgery.

Stereotactic Radiotherapy is a non-invasive treatment with ablative intent obtained with highly focused high intensity fields for a few fractions (generally 1-5). It is the standard treatment for surgically inoperable lung cancers, and is also used in the treatment of liver metastases, intermediate-risk prostate cancer and locally advanced pancreatic cancers. The applications of stereotactic treatment in breast cancer are limited to the neoadjuvant and adjuvant setting.

Against this backgroung, in elderly patients with localized breast cancer candidates for hormonal therapy and non-fit for surgery due to age or comorbidity, a SBRT could more effectively control local disease, not excluding local treatment rather than in itself it is considered very important.",NA,RECRUITING,"SBRT in Early Breast Cancer in Elderly Women Breast Neoplasm Female Surgical treatment represents the standard of local therapy in patients with early breast cancer, however in women over75, the comorbidities related to aging reduce the possibility of candidates for surgical treatment. In the United Kingdom it is estimated that over 40% of elderly women do not receive surgery for their breast cancer, and that their primary treatment is hormonal only, the so-called primary endocrinotherapy.

In Italy the recent AIOM guidelines of 2019 exclude, in patients with hormone-sensitive disease and age older than 70, the omission of surgery in favor of hormone therapy alone, thus underlining the importance of a treatment local. However, there are currently no local treatments that could in any way effectively control the primary tumor.

In recent years, SRT has widely found space as a therapeutic alternative in patients not fit for surgery.

Stereotactic Radiotherapy is a non-invasive treatment with ablative intent obtained with highly focused high intensity fields for a few fractions (generally 1-5). It is the standard treatment for surgically inoperable lung cancers, and is also used in the treatment of liver metastases, intermediate-risk prostate cancer and locally advanced pancreatic cancers. The applications of stereotactic treatment in breast cancer are limited to the neoadjuvant and adjuvant setting.

Against this backgroung, in elderly patients with localized breast cancer candidates for hormonal therapy and non-fit for surgery due to age or comorbidity, a SBRT could more effectively control local disease, not excluding local treatment rather than in itself it is considered very important."
NCT07283705,A Phase II Study Evaluating BMS-986504 in MTAP-deleted Pancreatic Cancer,"Phase 2 Study, BMS-986504, MTAP-deleted Pancreatic Cancer",To find out if the combination of BMS-986504 plus neoadjuvant/adjuvant chemotherapy and surgery (Cohort 1) or BMS-986504 plus standard of care chemotherapy (Cohorts 2 and 3) can help to control pancreatic cancer.,PHASE2,RECRUITING,"A Phase II Study Evaluating BMS-986504 in MTAP-deleted Pancreatic Cancer Phase 2 Study, BMS-986504, MTAP-deleted Pancreatic Cancer To find out if the combination of BMS-986504 plus neoadjuvant/adjuvant chemotherapy and surgery (Cohort 1) or BMS-986504 plus standard of care chemotherapy (Cohorts 2 and 3) can help to control pancreatic cancer."
NCT04049305,Robotic Versus Conventional or Endoscopic Nipple Sparing Mastectomy for Breast Cancer,Breast Cancer Female,This study will retrospectively collect and evaluate the surgical outcomes of robotic nipple sparing mastectomy (R-NSM) compared with endoscopic assisted NSM (E-NSM) or conventional NSM (C-NSM) in the management of breast cancer. Multi-centers pooled data analysis would be performed for comparisons of R-NSM compared with C-NSM or E-NSM.,NA,UNKNOWN,Robotic Versus Conventional or Endoscopic Nipple Sparing Mastectomy for Breast Cancer Breast Cancer Female This study will retrospectively collect and evaluate the surgical outcomes of robotic nipple sparing mastectomy (R-NSM) compared with endoscopic assisted NSM (E-NSM) or conventional NSM (C-NSM) in the management of breast cancer. Multi-centers pooled data analysis would be performed for comparisons of R-NSM compared with C-NSM or E-NSM.
NCT02302105,Randomized Trial of Prostate Only or Pelvic RT in High Risk Prostate Cancer,Prostate Cancer,"Evidence to justify the use of the pelvic field is lacking for men with high risk localized prostate cancer. An additional randomized study is needed in men with a potential risk of nodal involvement to test the hypothesis that the use of the pelvic field contributed to the benefit observed in those studies.

This trial aims to compare the outcomes with whole pelvis RT and Prostate alone RT in patients with High risk, non metastatic Prostate cancer with a Lymph nodal \>20% with Primary 5 year Biochemical failure free survival and Secondary Disease free survival, overall survival, Acute toxicity, Late toxicity and QOL Patients will be randomized to one of two arms Arm 1 Whole pelvis radiotherapy and Arm 2 Prostate only radiotherapy. The Dose prescription will be 66 Gy in 25 fractions will be prescribed for the prostate PTV in Arm 2 an additional 50 Gy in 25 fractions for nodal PTV in patients in Arm 1. An overlap volume at rectal-prostate interface will receive 64 Gy/25#.

All patients will receive hormone therapy starting at least 8 weeks prior to the beginning of radiotherapy. They will continue the hormone therapy and later for a total duration of 2-3 years.",NA,ACTIVE_NOT_RECRUITING,"Randomized Trial of Prostate Only or Pelvic RT in High Risk Prostate Cancer Prostate Cancer Evidence to justify the use of the pelvic field is lacking for men with high risk localized prostate cancer. An additional randomized study is needed in men with a potential risk of nodal involvement to test the hypothesis that the use of the pelvic field contributed to the benefit observed in those studies.

This trial aims to compare the outcomes with whole pelvis RT and Prostate alone RT in patients with High risk, non metastatic Prostate cancer with a Lymph nodal \>20% with Primary 5 year Biochemical failure free survival and Secondary Disease free survival, overall survival, Acute toxicity, Late toxicity and QOL Patients will be randomized to one of two arms Arm 1 Whole pelvis radiotherapy and Arm 2 Prostate only radiotherapy. The Dose prescription will be 66 Gy in 25 fractions will be prescribed for the prostate PTV in Arm 2 an additional 50 Gy in 25 fractions for nodal PTV in patients in Arm 1. An overlap volume at rectal-prostate interface will receive 64 Gy/25#.

All patients will receive hormone therapy starting at least 8 weeks prior to the beginning of radiotherapy. They will continue the hormone therapy and later for a total duration of 2-3 years."
NCT00062205,Imatinib Mesylate in Treating Patients With Recurrent Ewing's Family of Tumors or Desmoplastic Small Round-Cell Tumor,Sarcoma,"RATIONALE: Imatinib mesylate may stop the growth of tumor cells by blocking the enzymes necessary for tumor cell growth.

PURPOSE: This phase II trial is studying how well imatinib mesylate works in treating patients with recurrent Ewing's family of tumors or desmoplastic small round-cell tumor.",PHASE2,COMPLETED,"Imatinib Mesylate in Treating Patients With Recurrent Ewing's Family of Tumors or Desmoplastic Small Round-Cell Tumor Sarcoma RATIONALE: Imatinib mesylate may stop the growth of tumor cells by blocking the enzymes necessary for tumor cell growth.

PURPOSE: This phase II trial is studying how well imatinib mesylate works in treating patients with recurrent Ewing's family of tumors or desmoplastic small round-cell tumor."
NCT00012194,7-hydroxystaurosporine and Cisplatin in Treating Patients With Advanced Malignant Solid Tumors,"Unspecified Adult Solid Tumor, Protocol Specific",Phase I trial to study the effectiveness of combining UCN-01 with cisplatin in treating patients who have advanced solid tumors. Drugs used in chemotherapy use different ways to stop tumor cells from dividing so they stop growing or die. UCN-01 may stop the growth of tumor cells by blocking the enzymes necessary for tumor cell growth and may help cisplatin kill more cancer cells by making tumor cells more sensitive to the drug.,PHASE1,TERMINATED,"7-hydroxystaurosporine and Cisplatin in Treating Patients With Advanced Malignant Solid Tumors Unspecified Adult Solid Tumor, Protocol Specific Phase I trial to study the effectiveness of combining UCN-01 with cisplatin in treating patients who have advanced solid tumors. Drugs used in chemotherapy use different ways to stop tumor cells from dividing so they stop growing or die. UCN-01 may stop the growth of tumor cells by blocking the enzymes necessary for tumor cell growth and may help cisplatin kill more cancer cells by making tumor cells more sensitive to the drug."
NCT07600294,Integrated Cancer Services in Thailand: A Prototype for Excellence,Cancer,"Cancer is a significant health crisis globally and specifically within Thailand, where it affects more than 122,000 individuals every year and leads to approximately 86,000 deaths. Beyond the physical and emotional toll on patients, the disease creates immense social and economic challenges.

In Thailand, cancer treatment costs exceed 26 billion baht (about $800 million USD) annually. Families often face out-of-pocket costs for cancer care that exceed 30% to 40% of their total household income. Furthermore, the aging of Thai society and lifestyle changes-such as ""Westernized"" diets and sedentary behavior-are expected to drive these numbers even higher. This situation has created an urgent need for new healthcare models that reduce the burden on major hospitals and make care more accessible to the public. The Project Goal: A new model of care to address these challenges: Researchers developed a prototype Center of Excellence in Integrated Cancer Services. The goal was to test whether a specialized cancer unit could be successfully integrated into a local community clinic rather than functioning as a large, separate hospital.

The study used Donabedian's model to evaluate quality, focusing on three specific areas: Structure: The physical setting, equipment, and staff. Process: How the services are actually delivered and Outcomes: The results of the care and the satisfaction of those involved. Phase of Development and Implementation The project was a three-year initiative funded by the National Science, Research, and Innovation Fund of Thailand. Phase 1: Focused on the conceptual design of the center. Phase 2: Involved detailed planning and the development of digital information systems. This is at Phase 3: Focused on the actual implementation and testing of the prototype center in Bangkok",NA,COMPLETED,"Integrated Cancer Services in Thailand: A Prototype for Excellence Cancer Cancer is a significant health crisis globally and specifically within Thailand, where it affects more than 122,000 individuals every year and leads to approximately 86,000 deaths. Beyond the physical and emotional toll on patients, the disease creates immense social and economic challenges.

In Thailand, cancer treatment costs exceed 26 billion baht (about $800 million USD) annually. Families often face out-of-pocket costs for cancer care that exceed 30% to 40% of their total household income. Furthermore, the aging of Thai society and lifestyle changes-such as ""Westernized"" diets and sedentary behavior-are expected to drive these numbers even higher. This situation has created an urgent need for new healthcare models that reduce the burden on major hospitals and make care more accessible to the public. The Project Goal: A new model of care to address these challenges: Researchers developed a prototype Center of Excellence in Integrated Cancer Services. The goal was to test whether a specialized cancer unit could be successfully integrated into a local community clinic rather than functioning as a large, separate hospital.

The study used Donabedian's model to evaluate quality, focusing on three specific areas: Structure: The physical setting, equipment, and staff. Process: How the services are actually delivered and Outcomes: The results of the care and the satisfaction of those involved. Phase of Development and Implementation The project was a three-year initiative funded by the National Science, Research, and Innovation Fund of Thailand. Phase 1: Focused on the conceptual design of the center. Phase 2: Involved detailed planning and the development of digital information systems. This is at Phase 3: Focused on the actual implementation and testing of the prototype center in Bangkok"
NCT00000994,A Study of AZT in HIV-Infected Patients With AIDS-Related Kaposi's Sarcoma,HIV Infections,"To determine whether taking zidovudine (AZT) will change the natural course of HIV infection in patients with AIDS-associated Kaposi's sarcoma (KS) and whether administering AZT at a similar dose but at different intervals will reduce toxicity in a more manageable treatment plan.

Patients infected with AIDS can benefit from therapy with an effective anti-AIDS virus agent. AZT is a drug that is effective in inhibiting the effects of HIV infection. The study will show whether toxicity of AZT can be reduced in a more manageable treatment plan, and whether AZT therapy will delay the development of opportunistic infections and/or KS lesions.",PHASE3,COMPLETED,"A Study of AZT in HIV-Infected Patients With AIDS-Related Kaposi's Sarcoma HIV Infections To determine whether taking zidovudine (AZT) will change the natural course of HIV infection in patients with AIDS-associated Kaposi's sarcoma (KS) and whether administering AZT at a similar dose but at different intervals will reduce toxicity in a more manageable treatment plan.

Patients infected with AIDS can benefit from therapy with an effective anti-AIDS virus agent. AZT is a drug that is effective in inhibiting the effects of HIV infection. The study will show whether toxicity of AZT can be reduced in a more manageable treatment plan, and whether AZT therapy will delay the development of opportunistic infections and/or KS lesions."
NCT07611266,Prediction Model of Colorectal Adenoma Recurrence-Carcinogenesis Risk With TCM-WM Multimodal Feature Fusion,Colorectal Cancer Control and Prevention,"This project focuses on developing a risk prediction model for the recurrence and malignant transformation of colorectal adenomas by integrating multimodal features from both Traditional Chinese Medicine (TCM) and Western medicine. Led by Dr. Wei Hongtao from Beijing Friendship Hospital, Capital Medical University, the primary objective is to mine clinical characteristics from both medical systems to construct a robust predictive model. The research encompasses several key aspects: a multicenter, large-sample cohort study design with a clearly defined sample size and calculation basis; patient recruitment from multiple institutions nationwide to form training and validation sets; and strict adherence to standardized TCM and Western diagnostic criteria. Through comprehensive observation of demographic, TCM clinical (e.g., syndromes, tongue and pulse diagnosis), and Western clinical features, the study ensures data accuracy via rigorous monitoring and follow-up. Various algorithms are employed to extract and analyze these multi-source features-including endoscopic data-to build and evaluate the prediction model. Furthermore, the study aims to identify dominant subgroups to optimize TCM intervention strategies. Key performance indicators include establishing the risk model, identifying target populations, publishing high-quality papers, and training graduate students. By innovatively constructing this multimodal fusion model, the project provides a novel perspective and evidence-based foundation for the prevention and treatment of colorectal adenomas using TCM.",,RECRUITING,"Prediction Model of Colorectal Adenoma Recurrence-Carcinogenesis Risk With TCM-WM Multimodal Feature Fusion Colorectal Cancer Control and Prevention This project focuses on developing a risk prediction model for the recurrence and malignant transformation of colorectal adenomas by integrating multimodal features from both Traditional Chinese Medicine (TCM) and Western medicine. Led by Dr. Wei Hongtao from Beijing Friendship Hospital, Capital Medical University, the primary objective is to mine clinical characteristics from both medical systems to construct a robust predictive model. The research encompasses several key aspects: a multicenter, large-sample cohort study design with a clearly defined sample size and calculation basis; patient recruitment from multiple institutions nationwide to form training and validation sets; and strict adherence to standardized TCM and Western diagnostic criteria. Through comprehensive observation of demographic, TCM clinical (e.g., syndromes, tongue and pulse diagnosis), and Western clinical features, the study ensures data accuracy via rigorous monitoring and follow-up. Various algorithms are employed to extract and analyze these multi-source features-including endoscopic data-to build and evaluate the prediction model. Furthermore, the study aims to identify dominant subgroups to optimize TCM intervention strategies. Key performance indicators include establishing the risk model, identifying target populations, publishing high-quality papers, and training graduate students. By innovatively constructing this multimodal fusion model, the project provides a novel perspective and evidence-based foundation for the prevention and treatment of colorectal adenomas using TCM."
NCT04317066,A Study of Pembrolizumab (MK-3475) in Participants With Relapsed or Refractory Primary Mediastinal Large B-cell Lymphoma (rrPMBCL) (MK-3475-A33/KEYNOTE-A33),"Lymphoma, B-Cell","The purpose of this study is to evaluate the objective response, safety, and tolerability of pembrolizumab in Japanese participants who have refractory primary mediastinal large B-cell lymphoma.",PHASE1,COMPLETED,"A Study of Pembrolizumab (MK-3475) in Participants With Relapsed or Refractory Primary Mediastinal Large B-cell Lymphoma (rrPMBCL) (MK-3475-A33/KEYNOTE-A33) Lymphoma, B-Cell The purpose of this study is to evaluate the objective response, safety, and tolerability of pembrolizumab in Japanese participants who have refractory primary mediastinal large B-cell lymphoma."
NCT02036866,Corticospinal Excitability and Rehab in Knee Osteoarthritis,Knee Osteoarthritis,"To determine differences in thigh muscle function in individuals with and without knee arthritis, and also determine the effectiveness of common physical therapy interventions on clinical and patient oriented outcomes.",NA,COMPLETED,"Corticospinal Excitability and Rehab in Knee Osteoarthritis Knee Osteoarthritis To determine differences in thigh muscle function in individuals with and without knee arthritis, and also determine the effectiveness of common physical therapy interventions on clinical and patient oriented outcomes."
NCT05784766,Screening for Atrial Fibrillation in Patients With Cancer: A Pilot Randomized Controlled Clinical Trial,Cancer,"Patients with cancer have a higher incidence of AF but despite the higher incidence of AF in the cancer population, there are no randomized controlled trials (RCTs) for AF screening in this population. RCTs of AF screening in the general population have shown that screening can effectively detect AF earlier, and helps to identify candidates for appropriate anticoagulation that may lead to improvement in clinical outcomes.",NA,ACTIVE_NOT_RECRUITING,"Screening for Atrial Fibrillation in Patients With Cancer: A Pilot Randomized Controlled Clinical Trial Cancer Patients with cancer have a higher incidence of AF but despite the higher incidence of AF in the cancer population, there are no randomized controlled trials (RCTs) for AF screening in this population. RCTs of AF screening in the general population have shown that screening can effectively detect AF earlier, and helps to identify candidates for appropriate anticoagulation that may lead to improvement in clinical outcomes."
NCT06606366,Study on the Contribution of the Genetic Tumor Profile Obtained by Circulating Tumor DNA Analysis in the Multidisciplinary Molecular Biology Meeting of Eastern PACA,Neoplasm Malignant,This study will evaluate the diagnostic performance of liquid biopsy for identifying molecular abnormalities among patients managed by the Multidisciplinary Molecular Biology Meeting. The gold standard considered in this study is the solid biopsy.,NA,RECRUITING,Study on the Contribution of the Genetic Tumor Profile Obtained by Circulating Tumor DNA Analysis in the Multidisciplinary Molecular Biology Meeting of Eastern PACA Neoplasm Malignant This study will evaluate the diagnostic performance of liquid biopsy for identifying molecular abnormalities among patients managed by the Multidisciplinary Molecular Biology Meeting. The gold standard considered in this study is the solid biopsy.
NCT07320690,De-Escalation Surgery After Immunotherapy in Locally Advanced Head and Neck Squamous Cell Carcinoma,Squamous Cell Carcinoma of the Head and Neck,"This is a multicenter, randomized, open-label, non-inferiority clinical trial designed to evaluate whether downgraded surgery-guided by post-immunotherapy tumor boundaries-can achieve comparable 3-year overall survival (OS) to standard surgery in patients with Stage III-IVa locally advanced head and neck squamous cell carcinoma (HNSCC) who have responded to neoadjuvant immunotherapy. A total of 356 patients will be randomized 1:1 to receive either downgraded or standard surgery, followed by risk-adapted adjuvant therapy. The primary endpoint is 3-year OS, with secondary endpoints including disease-free survival, quality of life, complication rates, and cost-effectiveness. The study hypothesizes that downgraded surgery will preserve organ function and quality of life without compromising survival outcomes.",PHASE3,NOT_YET_RECRUITING,"De-Escalation Surgery After Immunotherapy in Locally Advanced Head and Neck Squamous Cell Carcinoma Squamous Cell Carcinoma of the Head and Neck This is a multicenter, randomized, open-label, non-inferiority clinical trial designed to evaluate whether downgraded surgery-guided by post-immunotherapy tumor boundaries-can achieve comparable 3-year overall survival (OS) to standard surgery in patients with Stage III-IVa locally advanced head and neck squamous cell carcinoma (HNSCC) who have responded to neoadjuvant immunotherapy. A total of 356 patients will be randomized 1:1 to receive either downgraded or standard surgery, followed by risk-adapted adjuvant therapy. The primary endpoint is 3-year OS, with secondary endpoints including disease-free survival, quality of life, complication rates, and cost-effectiveness. The study hypothesizes that downgraded surgery will preserve organ function and quality of life without compromising survival outcomes."
NCT06911710,The Application of CAR-T Cell Therapy in Relapsed and Refractory Malignant Hematologic Tumors,"Lymphoma, B-cell, Aggressive Non-Hodgkin (B-NHL), AML (Acute Myelogenous Leukemia), Myeloma Multiple, B-ALL, T-ALL/Lymphoma, T-lymphocyte Lymphoma","This study is an open, single-arm, prospective, Phase I/II clinical study using ""3+3"" dose escalation and dose expansion to investigate the safety, maximum tolerated dose, in vivo pharmacokinetic profile, and preliminary efficacy of CAR-T cell injections for the treatment of relapsed/refractory malignant hematological neoplasms in subjects.","PHASE1, PHASE2",RECRUITING,"The Application of CAR-T Cell Therapy in Relapsed and Refractory Malignant Hematologic Tumors Lymphoma, B-cell, Aggressive Non-Hodgkin (B-NHL), AML (Acute Myelogenous Leukemia), Myeloma Multiple, B-ALL, T-ALL/Lymphoma, T-lymphocyte Lymphoma This study is an open, single-arm, prospective, Phase I/II clinical study using ""3+3"" dose escalation and dose expansion to investigate the safety, maximum tolerated dose, in vivo pharmacokinetic profile, and preliminary efficacy of CAR-T cell injections for the treatment of relapsed/refractory malignant hematological neoplasms in subjects."
NCT01372813,Vandetanib to Treat Advanced Kidney Cancer,Advanced Clear Cell Renal Carcinoma,"Background:

* One way tumors are able to grow is by forming new blood vessels that supply it with nutrients and oxygen.
* Vandetanib (ZD6474) is an experimental drug that blocks certain proteins on the surface of tumor and blood vessel cells that are involved with the formation of new blood vessels.
* Blocking these proteins may prevent the tumor cells or blood vessels from continuing to grow.

Objectives:

* To determine whether vandetanib can cause tumors to shrink or stabilize in patients with advanced kidney cancer.
* To determine how vandetanib may work in people with kidney cancer and to develop tests that may be helpful in studying kidney cancer.

Eligibility:

-Patients 18 years of age or older with advanced clear cell kidney cancer whose disease has worsened after treatment with one or more of the following drugs: sunitinib, sorafenib, interleukin-2 and temsirolimus; or patients who have had to stop treatment with these drugs due to unacceptable side effects; or patients who are unable to receive standard treatment.

Design:

* Patients take a vandetanib pill once a day in 28-day cycles.
* Patients are followed in the clinic every 2 weeks during the first month of treatment and then every 4 weeks for a physical examination, blood and urine tests, electrocardiogram and a review of any drug side effects.
* Patients have imaging scans (computed tomography (CT) or magnetic resonance imaging (MRI)) about every 8 weeks to monitor tumor growth. MRI scans are also done to look at tumor blood flow when treatment begins, 24 hours after the first dose of treatment, and again about 4 and 8 weeks after starting treatment
* Optional tumor biopsies (surgical removal of a sample of tumor tissue) may be done before starting vandetanib treatment and after 4 weeks of treatment to look for drug effects on the tumor.",PHASE2,TERMINATED,"Vandetanib to Treat Advanced Kidney Cancer Advanced Clear Cell Renal Carcinoma Background:

* One way tumors are able to grow is by forming new blood vessels that supply it with nutrients and oxygen.
* Vandetanib (ZD6474) is an experimental drug that blocks certain proteins on the surface of tumor and blood vessel cells that are involved with the formation of new blood vessels.
* Blocking these proteins may prevent the tumor cells or blood vessels from continuing to grow.

Objectives:

* To determine whether vandetanib can cause tumors to shrink or stabilize in patients with advanced kidney cancer.
* To determine how vandetanib may work in people with kidney cancer and to develop tests that may be helpful in studying kidney cancer.

Eligibility:

-Patients 18 years of age or older with advanced clear cell kidney cancer whose disease has worsened after treatment with one or more of the following drugs: sunitinib, sorafenib, interleukin-2 and temsirolimus; or patients who have had to stop treatment with these drugs due to unacceptable side effects; or patients who are unable to receive standard treatment.

Design:

* Patients take a vandetanib pill once a day in 28-day cycles.
* Patients are followed in the clinic every 2 weeks during the first month of treatment and then every 4 weeks for a physical examination, blood and urine tests, electrocardiogram and a review of any drug side effects.
* Patients have imaging scans (computed tomography (CT) or magnetic resonance imaging (MRI)) about every 8 weeks to monitor tumor growth. MRI scans are also done to look at tumor blood flow when treatment begins, 24 hours after the first dose of treatment, and again about 4 and 8 weeks after starting treatment
* Optional tumor biopsies (surgical removal of a sample of tumor tissue) may be done before starting vandetanib treatment and after 4 weeks of treatment to look for drug effects on the tumor."
NCT05200260,Surgery Combined With Maintenance Targeted Therapy in the Treatment of Advanced Ovarian Cancer,"Ovarian Cancer, Fallopian Tube Cancer, Primary Peritoneal Carcinoma",Optimal Timing of Surgery combined with Maintenance Therapy in the Front-line Treatment of Advanced Ovarian Cancer,PHASE2,RECRUITING,"Surgery Combined With Maintenance Targeted Therapy in the Treatment of Advanced Ovarian Cancer Ovarian Cancer, Fallopian Tube Cancer, Primary Peritoneal Carcinoma Optimal Timing of Surgery combined with Maintenance Therapy in the Front-line Treatment of Advanced Ovarian Cancer"
NCT06510660,Adebrelimab ±Induction Chemotherapy Followed by Concurrent Chemoradiotherapy for Unresectable Locally Advanced ESCC,"Esophageal Squamous Cell Carcinoma, Immunotherapy, Biomarkers",To evaluate the efficacy and safety of adebrelimab with or without induction chemotherapy followed by concurrent chemoradiotherapy for unresectable locally advanced esophageal squamous cell carcinoma,PHASE2,RECRUITING,"Adebrelimab ±Induction Chemotherapy Followed by Concurrent Chemoradiotherapy for Unresectable Locally Advanced ESCC Esophageal Squamous Cell Carcinoma, Immunotherapy, Biomarkers To evaluate the efficacy and safety of adebrelimab with or without induction chemotherapy followed by concurrent chemoradiotherapy for unresectable locally advanced esophageal squamous cell carcinoma"
NCT00250120,Pharmacology Study of Aerosolized Liposomal,"Lung Diseases, Cancer","To determine the overall response rate to liposomal 9-Nitro-20 (S)-Camptothecin (L9NC) administered by aerosolization in patients with non-small-cell lung cancer (any stage).

To determine toxicity profile of L9NC administered by aerosolization for 5 consecutive days per week X 8 weeks, every 10 weeks.

To perform a pharmacology study of L9NC in the plasma, and the lungs after aerosolization. A specific protocol will be written for this part.",PHASE2,WITHDRAWN,"Pharmacology Study of Aerosolized Liposomal Lung Diseases, Cancer To determine the overall response rate to liposomal 9-Nitro-20 (S)-Camptothecin (L9NC) administered by aerosolization in patients with non-small-cell lung cancer (any stage).

To determine toxicity profile of L9NC administered by aerosolization for 5 consecutive days per week X 8 weeks, every 10 weeks.

To perform a pharmacology study of L9NC in the plasma, and the lungs after aerosolization. A specific protocol will be written for this part."
